export_generated_at,app_version,phase,page,section,sub_section,record_type,entity_name,experiment_name,experiment_id,strategy,stock,sector,market_regime,model_version,status,recommendation,confidence,evidence_level,sample_size,trades,test_windows,net_return_pct,net_pnl,gross_pnl,profit_factor,expectancy_per_trade,win_rate_pct,sharpe,sortino,max_drawdown_pct,calibration_brier,calibration_ece,calibration_log_loss,precision,recall,false_positives,false_negatives,feature_name,feature_importance,pattern_name,pattern_type,pattern_result,pattern_expectancy,pattern_profit_factor,diagnosis,reason,supporting_evidence,opposing_evidence,suggested_improvement,strategy_health_score,risk_flag,overfitting_flag,data_quality_flag,source_page_url,source_record_id,implementation_status,files_modified,api_endpoint,notes
2026-07-14T15:06:53Z,v0.5,Phase 5,Research Factory,Experiment queue,,experiment,Bear Market (verify fix),Bear Market (verify fix),0a655cee0ae9,,,,,,completed,,,,,,,,,,,,,,,,,,,,,,,,,,,,,,,,,,,,,,,/experiments,0a655cee0ae9,,,,"{""config_summary"":{""train_years"":1,""test_months"":3,""step_months"":3,""start_date"":""2021-10-01"",""end_date"":""2023-03-31"",""universe_size"":0,""intrabar_rule"":""conservative"",""max_holding_days"":20,""min_confidence_execute"":55}}"
2026-07-14T15:06:53Z,v0.5,Phase 5,Research Factory,Experiment queue,,experiment,Bull Market — Jul 2026,Bull Market — Jul 2026,95a7ff31918c,,,,,,completed,,,,,,,,,,,,,,,,,,,,,,,,,,,,,,,,,,,,,,,/experiments,95a7ff31918c,,,,"{""config_summary"":{""train_years"":1,""test_months"":3,""step_months"":3,""start_date"":""2023-04-01"",""end_date"":""2025-12-31"",""universe_size"":0,""intrabar_rule"":""conservative"",""max_holding_days"":20,""min_confidence_execute"":55}}"
2026-07-14T15:06:53Z,v0.5,Phase 5,Research Factory,Experiment queue,,experiment,Bear Market Smoke Test,Bear Market Smoke Test,c3b29a0fe086,,,,,,completed,,,,,,,,,,,,,,,,,,,,,,,,,,,,,,,,,,,,,,,/experiments,c3b29a0fe086,,,,"{""config_summary"":{""train_years"":1,""test_months"":3,""step_months"":3,""start_date"":""2021-10-01"",""end_date"":""2023-03-31"",""universe_size"":0,""intrabar_rule"":""conservative"",""max_holding_days"":20,""min_confidence_execute"":55}}"
2026-07-14T15:06:53Z,v0.5,Phase 5,Research Factory,Experiment queue,,experiment,Submission Pipeline Test,Submission Pipeline Test,1e3806416eb2,,,,,,rejected,,,,,,,,,,,,,,,,,,,,,,,,,,,,,,,,,,,,,,,/experiments,1e3806416eb2,,,,"{""config_summary"":{""train_years"":1,""test_months"":3,""step_months"":3,""start_date"":"""",""end_date"":"""",""universe_size"":0,""intrabar_rule"":""conservative"",""max_holding_days"":20,""min_confidence_execute"":55}}"
2026-07-14T15:06:53Z,v0.5,Phase 5,Research Factory,Experiment queue,,experiment,Bear market test,Bear market test,c3a16676dc3b,,,,,,completed,,,,,,,,,,,,,,,,,,,,,,,,,,,,,,,,,,,,,,,/experiments,c3a16676dc3b,,,,"{""config_summary"":{""train_years"":1,""test_months"":3,""step_months"":3,""start_date"":""2021-10-01"",""end_date"":""2023-03-31"",""universe_size"":0,""intrabar_rule"":""conservative"",""max_holding_days"":20}}"
2026-07-14T15:06:53Z,v0.5,Phase 5,Research Factory,Research verdict,,report_section,,Bear Market (verify fix),0a655cee0ae9,,,,,2,INSUFFICIENT DATA,,,MODERATE,,63,2,,,,,,,,,,,,,,,,,,,,,,,,,,,,,,,,,/experiments (report: 0a655cee0ae9),0a655cee0ae9,,,,"{""verdict"":""INSUFFICIENT DATA"",""reasons"":[""63 OOS trades (< 100) across 2 windows.""],""thresholds"":{""min_trades"":100,""min_windows"":2,""reject_pf_below"":0.8,""promising_pf_above"":1.15,""max_drawdown_pct"":20.0},""engine_verdict_reference"":""INSUFFICIENT DATA"",""disclaimer"":""Even a PROMISING verdict is research-only and does not affect the live system. Never deploy based on this report.""}"
2026-07-14T15:06:53Z,v0.5,Phase 5,Research Factory,Executive summary,,report_section,,Bear Market (verify fix),0a655cee0ae9,,,,,2,,,,MODERATE,,63,2,-1.71,-85.36,,0.86,,47.6,,,,,,,,,,,,,,,,,,,,,,,,,,,/experiments (report: 0a655cee0ae9),0a655cee0ae9,,,,"{""experiment_name"":""Bear Market (verify fix)"",""template"":""bear_market"",""template_family"":""market_conditions"",""date_range"":{""start"":""2021-10-01"",""end"":""2023-03-31""},""train_years"":1,""test_months"":3,""step_months"":3,""windows"":2,""oos_trades"":63,""net_return_pct"":-1.71,""net_pnl"":-85.36,""profit_factor"":0.86,""expectancy_rs"":-1.35,""win_rate"":47.6,""sharpe"":-0.61,""max_drawdown_pct"":7.43,""total_costs"":200.78,""evidence_verdict"":""INSUFFICIENT_EVIDENCE"",""overfitting_flags"":[],""final_verdict"":""INSUFFICIENT DATA"",""score"":17.0,""explanation"":""The experiment produced 63 out-of-sample trades across 2 test window(s). Key findings: negative net expectancy of Rs -1.35 per trade after costs; profit factor of 0.86 (below 1); the result did not meet the minimum evidence requirement. Final research verdict: INSUFFICIENT DATA. No live or paper-trading behavior is affected by this report.""}"
2026-07-14T15:06:53Z,v0.5,Phase 5,Research Factory,Performance,,report_section,,Bear Market (verify fix),0a655cee0ae9,,,,,2,,,,MODERATE,,63,2,-1.71,-85.36,115.42,0.86,-1.35,47.6,-0.61,-1.31,,,,,,,,,,,,,,,,,,,,,,,,,/experiments (report: 0a655cee0ae9),0a655cee0ae9,,,,"{""gross_pnl"":115.42,""net_pnl"":-85.36,""gross_return_note"":""Gross figures are before configured transaction costs."",""net_return_pct"":-1.71,""annualized_return_pct"":-3.44,""total_costs"":200.78,""cost_drag_pct_of_gross_profit"":39.0524,""profit_factor"":0.86,""expectancy_rs"":-1.35,""win_rate"":47.6,""avg_win"":17.14,""avg_loss"":18.17,""median_win"":8.0,""median_loss"":-14.97,""payoff_ratio"":0.9433,""sharpe"":-0.61,""sortino"":-1.31,""calmar"":-0.46,""recovery_factor"":-0.22,""turnover"":10.78,""exposure_pct"":100.0,""avg_holding_days"":4.3,""median_holding_days"":1.0,""max_consecutive_wins"":4,""max_consecutive_losses"":7,""best_month"":{""month"":""2022-11"",""trades"":11,""net_pnl"":199.6},""worst_month"":{""month"":""2022-12"",""trades"":9,""net_pnl"":-150.72},""best_window"":{""window"":""W1"",""trades"":29,""net_return_pct"":1.54,""profit_factor"":1.28,""win_rate"":51.7,""max_drawdown_pct"":3.3},""worst_window"":{""window"":""W2"",""trades"":34,""net_return_pct"":-3.24,""profit_factor"":0.49,""win_rate"":44.1,""max_drawdown_pct"":5.52},""pct_profitable_windows"":50.0,""windows"":[{""window"":""W1"",""trades"":29,""net_return_pct"":1.54,""profit_factor"":1.28,""win_rate"":51.7,""max_drawdown_pct"":3.3},{""window"":""W2"",""trades"":34,""net_return_pct"":-3.24,""profit_factor"":0.49,""win_rate"":44.1,""max_drawdown_pct"":5.52}],""benchmarks"":{""strategy_net_return_pct"":-1.71,""nifty_buy_hold_pct"":2.61,""equal_weight_universe_pct"":0.43,""cash_pct"":0.0,""base_model_pct"":-3.19,""note"":""Window returns summed across test windows (each window restarts at the configured capital); the full model line is the compounded overall return.""}}"
2026-07-14T15:06:53Z,v0.5,Phase 5,Research Factory,Risk,,report_section,,Bear Market (verify fix),0a655cee0ae9,,,,,2,,,,MODERATE,,63,2,,,,,,,,,7.43,,,,,,,,,,,,,,,,,,,,,,,,/experiments (report: 0a655cee0ae9),0a655cee0ae9,,,,"{""max_drawdown_pct"":7.43,""drawdown_episodes_material"":1,""avg_drawdown_pct"":1.3415,""longest_drawdown_days"":112,""time_underwater_pct"":85.4839,""largest_single_trade_loss"":-53.05,""p5_trade_return_pct"":-3.979,""p95_trade_return_pct"":4.087,""downside_deviation_pct"":1.4669,""risk_of_ruin_estimate_pct"":100.0,""risk_of_ruin_note"":""Rough Gaussian estimate over 25 sequential trades \u2014 an approximation, not a measured probability."",""concentration"":{""stock"":{""top_group"":""COALINDIA"",""top_profit_share_pct"":14.7161},""sector"":{""top_group"":""ENERGY"",""top_profit_share_pct"":13.8992},""strategy"":{""top_group"":""Mean Reversion"",""top_profit_share_pct"":13.8895},""regime"":{""top_group"":""Neutral-Bullish"",""top_profit_share_pct"":23.142}},""top5_trades_profit_share_pct"":54.9452,""top5_losses_share_pct"":32.7345,""depends_on_few_trades"":false,""warnings"":[]}"
2026-07-14T15:06:53Z,v0.5,Phase 5,Research Factory,Equity and drawdown,,report_section,,Bear Market (verify fix),0a655cee0ae9,,,,,2,,,,MODERATE,,63,2,,,,,,,,,,,,,,,,,,,,,,,,,,,,,,,,,/experiments (report: 0a655cee0ae9),0a655cee0ae9,,,,"{""truncated"":true,""keys"":[""drawdown_curve"",""episodes"",""equity_curve"",""largest_drawdown_explanation""]}"
2026-07-14T15:06:53Z,v0.5,Phase 5,Research Factory,Trade distribution,,report_section,,Bear Market (verify fix),0a655cee0ae9,,,,,2,,,,MODERATE,,63,2,,,,,,,,,,,,,,,,,,,,,,,,,,,,,,,,,/experiments (report: 0a655cee0ae9),0a655cee0ae9,,,,"{""truncated"":true,""keys"":[""notes"",""tables""]}"
2026-07-14T15:06:53Z,v0.5,Phase 5,Research Factory,Confidence calibration,,report_section,,Bear Market (verify fix),0a655cee0ae9,,,,,2,,,,MODERATE,,63,2,,,,,,,,,,,,,,,,,,,,,,,,,,,,,,,,,/experiments (report: 0a655cee0ae9),0a655cee0ae9,,,,"{""samples"":63,""method"":""identity"",""before_calibration"":{""brier_score"":0.3095,""ece"":0.2781,""log_loss"":0.8372},""after_calibration"":{""brier_score"":0.3095,""ece"":0.2781,""log_loss"":0.8372},""reliability_buckets"":[{""range"":""0.5-0.6"",""count"":2,""predicted_win_prob"":0.596,""actual_win_rate"":0.0,""gap"":-0.596},{""range"":""0.6-0.7"",""count"":17,""predicted_win_prob"":0.6517,""actual_win_rate"":0.2941,""gap"":-0.3576},{""range"":""0.7-0.8"",""count"":7,""predicted_win_prob"":0.7073,""actual_win_rate"":0.4286,""gap"":-0.2787},{""range"":""0.8-0.9"",""count"":37,""predicted_win_prob"":0.8188,""actual_win_rate"":0.5946,""gap"":-0.2242}],""high_confidence_losses"":19,""low_confidence_winners"":0,""negative_expectancy_bands"":[{""band"":""60-65"",""trades"":10,""expectancy_rs"":-3.434,""sample_label"":""LOW""},{""band"":""65-70"",""trades"":7,""expectancy_rs"":-15.1571,""sample_label"":""VERY LOW""}],""warnings"":[""Some confidence bands show negative expectancy \u2014 confidence should not be read as trade quality here.""]}"
2026-07-14T15:06:53Z,v0.5,Phase 5,Research Factory,False positives,,report_section,,Bear Market (verify fix),0a655cee0ae9,,,,,2,,,,MODERATE,,63,2,,,,,,,,,,,,,,,,,,,,,,,,,,,,,,,,,/experiments (report: 0a655cee0ae9),0a655cee0ae9,,,,"{""definition"":""BUY/STRONG BUY entries that lost money after costs, hit the stop, or never achieved at least +1% favourable excursion."",""from_phase42_analysis"":null,""count"":36,""total_trades"":63,""rate_pct"":57.1429,""avg_mae_pct"":-2.7325,""avg_mfe_pct"":1.1758,""avg_holding_days"":4.3333,""exit_reasons"":[{""group"":""Signal Exit"",""trades"":24,""wins"":3,""losses"":21,""win_rate"":12.5,""gross_pnl"":-172.74,""net_pnl"":-248.25,""avg_return_pct"":-1.3313,""median_return_pct"":-0.91,""expectancy_rs"":-10.3437,""profit_factor"":0.0261,""avg_holding_days"":4.2083,""total_costs"":75.51,""sample_label"":""LOW""},{""group"":""Stop-Loss Hit"",""trades"":11,""wins"":0,""losses"":11,""win_rate"":0.0,""gross_pnl"":-294.08,""net_pnl"":-327.34,""avg_return_pct"":-3.6427,""median_return_pct"":-3.8,""expectancy_rs"":-29.7582,""profit_factor"":0.0,""avg_holding_days"":3.1818,""total_costs"":33.26,""sample_label"":""LOW""},{""group"":""Time Exit"",""trades"":1,""wins"":0,""losses"":1,""win_rate"":0.0,""gross_pnl"":-13.97,""net_pnl"":-17.24,""avg_return_pct"":-1.94,""median_return_pct"":-1.94,""expectancy_rs"":-17.24,""profit_factor"":0.0,""avg_holding_days"":20.0,""total_costs"":3.28,""sample_label"":""VERY LOW""}],""subgroup_rates"":[{""dimension"":""strategy"",""group"":""MACD Cross"",""sample_count"":21,""baseline_rate_pct"":57.1429,""subgroup_rate_pct"":76.1905,""abs_difference_pct"":19.0476,""reliability"":""LOW""},{""dimension"":""sector"",""group"":""BANKING"",""sample_count"":12,""baseline_rate_pct"":57.1429,""subgroup_rate_pct"":75.0,""abs_difference_pct"":17.8571,""reliability"":""LOW""},{""dimension"":""confidence band"",""group"":""60-70"",""sample_count"":17,""baseline_rate_pct"":57.1429,""subgroup_rate_pct"":70.5882,""abs_difference_pct"":13.4454,""reliability"":""LOW""},{""dimension"":""regime"",""group"":""Neutral-Bullish"",""sample_count"":16,""baseline_rate_pct"":57.1429,""subgroup_rate_pct"":43.75,""abs_difference_pct"":-13.3929,""reliability"":""LOW""},{""dimension"":""regime"",""group"":""Bearish"",""sample_count"":11,""baseline_rate_pct"":57.1429,""subgroup_rate_pct"":45.4545,""abs_difference_pct"":-11.6883,""reliability"":""LOW""},{""dimension"":""regime"",""group"":""Neutral-Bearish"",""sample_count"":19,""baseline_rate_pct"":57.1429,""subgroup_rate_pct"":68.4211,""abs_difference_pct"":11.2782,""reliability"":""LOW""},{""dimension"":""strategy"",""group"":""Mean Reversion"",""sample_count"":39,""baseline_rate_pct"":57.1429,""subgroup_rate_pct"":46.1538,""abs_difference_pct"":-10.989,""reliability"":""LIMITED""},{""dimension"":""strategy"",""group"":""Trend Rider"",""sample_count"":3,""baseline_rate_pct"":57.1429,""subgroup_rate_pct"":66.6667,""abs_difference_pct"":9.5238,""reliability"":""VERY LOW""},{""dimension"":""sector"",""group"":""IT"",""sample_count"":37,""baseline_rate_pct"":57.1429,""subgroup_rate_pct"":48.6486,""abs_difference_pct"":-8.4942,""reliability"":""LIMITED""},{""dimension"":""regime"",""group"":""Bullish"",""sample_count"":17,""baseline_rate_pct"":57.1429,""subgroup_rate_pct"":64.7059,""abs_difference_pct"":7.563,""reliability"":""LOW""},{""dimension"":""sector"",""group"":""ENERGY"",""sample_count"":10,""baseline_rate_pct"":57.1429,""subgroup_rate_pct"":50.0,""abs_difference_pct"":-7.1429,""reliability"":""LOW""},{""dimension"":""confidence band"",""group"":""70+"",""sample_count"":44,""baseline_rate_pct"":57.1429,""subgroup_rate_pct"":50.0,""abs_difference_pct"":-7.1429,""reliability"":""LIMITED""}],""language_note"":""Associations only \u2014 no causal claims. Example: false-positive trades were more frequently associated with the subgroups showing the largest positive differences above, given sufficient samples.""}"
2026-07-14T15:06:53Z,v0.5,Phase 5,Research Factory,False negatives,,report_section,,Bear Market (verify fix),0a655cee0ae9,,,,,2,,,,MODERATE,,63,2,,,,,,,,,,,,,,,,,,,,,,,,,,,,,,,,,/experiments (report: 0a655cee0ae9),0a655cee0ae9,,,,"{""available"":false,""note"":""Missed-opportunity analysis unavailable because historical rejected-candidate snapshots were not persisted for this experiment.""}"
2026-07-14T15:06:53Z,v0.5,Phase 5,Research Factory,Overfitting and robustness,,report_section,,Bear Market (verify fix),0a655cee0ae9,,,,,2,,,,MODERATE,,63,2,,,,,,,,,,,,,,,,,,,,,,,,,,,,,,,,,/experiments (report: 0a655cee0ae9),0a655cee0ae9,,,,"{""sweeps"":{},""highlights"":[],""note"":""Sweeps use the stop/target-aware approximation documented in the Phase 4.2 analysis. No single 'best' value is recommended from maximum return alone \u2014 prefer stable parameter ranges. Values with VERY LOW / LOW evidence should not drive decisions.""}"
2026-07-14T15:06:53Z,v0.5,Phase 5,Research Factory,Market-regime contribution,,report_section,,Bear Market (verify fix),0a655cee0ae9,,,,,2,,,,MODERATE,,63,2,,,,,,,,,,,,,,,,,,,,,,,,,,,,,,,,,/experiments (report: 0a655cee0ae9),0a655cee0ae9,,,,"{""tables"":[{""group"":""Neutral-Bearish"",""trades"":19,""wins"":7,""losses"":12,""win_rate"":36.8421,""gross_pnl"":3.06,""net_pnl"":-57.04,""avg_return_pct"":-0.4247,""median_return_pct"":-0.65,""expectancy_rs"":-3.0021,""profit_factor"":0.6641,""avg_holding_days"":4.0526,""total_costs"":60.1,""sample_label"":""LOW"",""pct_of_trades"":30.1587,""pct_of_net_pnl"":66.8229,""window_consistency"":{""windows"":2,""profitable_windows"":1}},{""group"":""Bullish"",""trades"":17,""wins"":7,""losses"":10,""win_rate"":41.1765,""gross_pnl"":-50.05,""net_pnl"":-102.45,""avg_return_pct"":-0.5871,""median_return_pct"":-0.73,""expectancy_rs"":-6.0265,""profit_factor"":0.4162,""avg_holding_days"":3.5882,""total_costs"":52.38,""sample_label"":""LOW"",""pct_of_trades"":26.9841,""pct_of_net_pnl"":120.0211,""window_consistency"":{""windows"":2,""profitable_windows"":0}},{""group"":""Neutral-Bullish"",""trades"":16,""wins"":10,""losses"":6,""win_rate"":62.5,""gross_pnl"":172.69,""net_pnl"":118.98,""avg_return_pct"":0.8944,""median_return_pct"":1.025,""expectancy_rs"":7.4362,""profit_factor"":1.7909,""avg_holding_days"":5.0625,""total_costs"":53.73,""sample_label"":""LOW"",""pct_of_trades"":25.3968,""pct_of_net_pnl"":-139.3861,""window_consistency"":{""windows"":2,""profitable_windows"":2}},{""group"":""Bearish"",""trades"":11,""wins"":6,""losses"":5,""win_rate"":54.5455,""gross_pnl"":-10.28,""net_pnl"":-44.85,""avg_return_pct"":-0.6164,""median_return_pct"":0.53,""expectancy_rs"":-4.0773,""profit_factor"":0.5678,""avg_holding_days"":4.5455,""total_costs"":34.58,""sample_label"":""LOW"",""pct_of_trades"":17.4603,""pct_of_net_pnl"":52.5422,""window_consistency"":{""windows"":2,""profitable_windows"":0}}],""eligibility_recommendations"":[{""regime"":""Neutral-Bearish"",""recommendation"":""RESTRICT"",""trades"":19,""expectancy_rs"":-3.0021,""sample_label"":""LOW""},{""regime"":""Bullish"",""recommendation"":""RESTRICT"",""trades"":17,""expectancy_rs"":-6.0265,""sample_label"":""LOW""},{""regime"":""Neutral-Bullish"",""recommendation"":""ELIGIBLE"",""trades"":16,""expectancy_rs"":7.4362,""sample_label"":""LOW""},{""regime"":""Bearish"",""recommendation"":""RESTRICT"",""trades"":11,""expectancy_rs"":-4.0773,""sample_label"":""LOW""}],""disclaimer"":""Analysis-only regime recommendation \u2014 not used by live strategy selection.""}"
2026-07-14T15:06:53Z,v0.5,Phase 5,Research Factory,Final recommendation,,report_section,,Bear Market (verify fix),0a655cee0ae9,,,,,2,,,,MODERATE,,63,2,,,,,,,,,,,,,,,,,,,,,,,,,,,,,,,,,/experiments (report: 0a655cee0ae9),0a655cee0ae9,,,,"[{""priority"":""LOW"",""category"":""Improve data coverage"",""action"":""No specific evidence-backed recommendation; extend evidence before further changes."",""reason"":""No section produced a supported recommendation."",""evidence"":""N/A"",""expected_research_value"":""Low."",""risk"":""None."",""suggested_controlled_experiment"":""Longer date range, same config."",""may_affect_live_logic"":false}]"
2026-07-14T15:06:53Z,v0.5,Phase 5,Research Factory,Research verdict,,report_section,,Submission Pipeline Test,1e3806416eb2,,,,,2,INSUFFICIENT DATA,,,WEAK,,10,2,,,,,,,,,,,,,,,,,,,,,,,,,,,,,,,,,/experiments (report: 1e3806416eb2),1e3806416eb2,,,,"{""verdict"":""INSUFFICIENT DATA"",""reasons"":[""10 OOS trades (< 100) across 2 windows."",""Overfitting flags: insufficient_oos_trades (10 < 25 hard limit)""],""thresholds"":{""min_trades"":100,""min_windows"":2,""reject_pf_below"":0.8,""promising_pf_above"":1.15,""max_drawdown_pct"":20.0},""engine_verdict_reference"":""INSUFFICIENT DATA"",""disclaimer"":""Even a PROMISING verdict is research-only and does not affect the live system. Never deploy based on this report.""}"
2026-07-14T15:06:53Z,v0.5,Phase 5,Research Factory,Executive summary,,report_section,,Submission Pipeline Test,1e3806416eb2,,,,,2,,,,WEAK,,10,2,-1.2,-59.75,,0.69,,30.0,,,,,,,,,,,,,,,,,,,,,,,,,,,/experiments (report: 1e3806416eb2),1e3806416eb2,,,,"{""experiment_name"":""Submission Pipeline Test"",""template"":"""",""template_family"":"""",""date_range"":{""start"":"""",""end"":""""},""train_years"":1,""test_months"":3,""step_months"":3,""windows"":2,""oos_trades"":10,""net_return_pct"":-1.2,""net_pnl"":-59.75,""profit_factor"":0.69,""expectancy_rs"":-5.97,""win_rate"":30.0,""sharpe"":-0.97,""max_drawdown_pct"":3.6,""total_costs"":24.29,""evidence_verdict"":""INSUFFICIENT_EVIDENCE"",""overfitting_flags"":[""insufficient_oos_trades (10 < 25 hard limit)""],""final_verdict"":""INSUFFICIENT DATA"",""score"":17.0,""explanation"":""The experiment produced 10 out-of-sample trades across 2 test window(s). Key findings: negative net expectancy of Rs -5.97 per trade after costs; profit factor of 0.69 (below 1); the result did not meet the minimum evidence requirement. Final research verdict: INSUFFICIENT DATA. No live or paper-trading behavior is affected by this report.""}"
2026-07-14T15:06:53Z,v0.5,Phase 5,Research Factory,Performance,,report_section,,Submission Pipeline Test,1e3806416eb2,,,,,2,,,,WEAK,,10,2,-1.2,-59.75,-35.44,0.69,-5.97,30.0,-0.97,-2.98,,,,,,,,,,,,,,,,,,,,,,,,,/experiments (report: 1e3806416eb2),1e3806416eb2,,,,"{""gross_pnl"":-35.44,""net_pnl"":-59.75,""gross_return_note"":""Gross figures are before configured transaction costs."",""net_return_pct"":-1.2,""annualized_return_pct"":-2.51,""total_costs"":24.29,""cost_drag_pct_of_gross_profit"":18.1703,""profit_factor"":0.69,""expectancy_rs"":-5.97,""win_rate"":30.0,""avg_win"":44.56,""avg_loss"":27.63,""median_win"":9.05,""median_loss"":-27.79,""payoff_ratio"":1.6127,""sharpe"":-0.97,""sortino"":-2.98,""calmar"":-0.7,""recovery_factor"":-0.33,""turnover"":1.31,""exposure_pct"":68.1,""avg_holding_days"":8.1,""median_holding_days"":8.5,""max_consecutive_wins"":2,""max_consecutive_losses"":5,""best_month"":{""month"":""2026-04"",""trades"":2,""net_pnl"":124.63},""worst_month"":{""month"":""2026-03"",""trades"":2,""net_pnl"":-50.93},""best_window"":{""window"":""W1"",""trades"":5,""net_return_pct"":0.52,""profit_factor"":1.24,""win_rate"":60.0,""max_drawdown_pct"":3.6},""worst_window"":{""window"":""W2"",""trades"":5,""net_return_pct"":-1.72,""profit_factor"":0.0,""win_rate"":0.0,""max_drawdown_pct"":2.33},""pct_profitable_windows"":50.0,""windows"":[{""window"":""W1"",""trades"":5,""net_return_pct"":0.52,""profit_factor"":1.24,""win_rate"":60.0,""max_drawdown_pct"":3.6},{""window"":""W2"",""trades"":5,""net_return_pct"":-1.72,""profit_factor"":0.0,""win_rate"":0.0,""max_drawdown_pct"":2.33}],""benchmarks"":{""strategy_net_return_pct"":-1.2,""nifty_buy_hold_pct"":-5.01,""equal_weight_universe_pct"":-0.12,""cash_pct"":0.0,""base_model_pct"":-2.6,""note"":""Window returns summed across test windows (each window restarts at the configured capital); the full model line is the compounded overall return.""}}"
2026-07-14T15:06:53Z,v0.5,Phase 5,Research Factory,Risk,,report_section,,Submission Pipeline Test,1e3806416eb2,,,,,2,,,,WEAK,,10,2,,,,,,,,,3.6,,,,,,,,,,,,,,,,,,,,,,,,/experiments (report: 1e3806416eb2),1e3806416eb2,,,,"{""max_drawdown_pct"":3.6,""drawdown_episodes_material"":1,""avg_drawdown_pct"":1.9195,""longest_drawdown_days"":57,""time_underwater_pct"":93.2773,""largest_single_trade_loss"":-59.98,""p5_trade_return_pct"":-6.0835,""p95_trade_return_pct"":8.228,""downside_deviation_pct"":1.9624,""risk_of_ruin_estimate_pct"":100.0,""risk_of_ruin_note"":""Rough Gaussian estimate over 25 sequential trades \u2014 an approximation, not a measured probability."",""concentration"":{""stock"":{""top_group"":""HINDALCO"",""top_profit_share_pct"":17.5643},""sector"":{""top_group"":""METALS"",""top_profit_share_pct"":19.5242},""strategy"":{""top_group"":""EMA Cross"",""top_profit_share_pct"":1.9599},""regime"":{""top_group"":""Neutral-Bearish"",""top_profit_share_pct"":8.7298}},""top5_trades_profit_share_pct"":87.0586,""top5_losses_share_pct"":91.0562,""depends_on_few_trades"":true,""warnings"":[""Top five trades generated 87% of total profit \u2014 results depend on a small number of trades."",""Most losses (73%) occurred in the Bearish regime.""]}"
2026-07-14T15:06:53Z,v0.5,Phase 5,Research Factory,Equity and drawdown,,report_section,,Submission Pipeline Test,1e3806416eb2,,,,,2,,,,WEAK,,10,2,,,,,,,,,,,,,,,,,,,,,,,,,,,,,,,,,/experiments (report: 1e3806416eb2),1e3806416eb2,,,,"{""truncated"":true,""keys"":[""drawdown_curve"",""episodes"",""equity_curve"",""largest_drawdown_explanation""]}"
2026-07-14T15:06:53Z,v0.5,Phase 5,Research Factory,Trade distribution,,report_section,,Submission Pipeline Test,1e3806416eb2,,,,,2,,,,WEAK,,10,2,,,,,,,,,,,,,,,,,,,,,,,,,,,,,,,,,/experiments (report: 1e3806416eb2),1e3806416eb2,,,,"{""truncated"":true,""keys"":[""notes"",""tables""]}"
2026-07-14T15:06:53Z,v0.5,Phase 5,Research Factory,Confidence calibration,,report_section,,Submission Pipeline Test,1e3806416eb2,,,,,2,,,,WEAK,,10,2,,,,,,,,,,,,,,,,,,,,,,,,,,,,,,,,,/experiments (report: 1e3806416eb2),1e3806416eb2,,,,"{""samples"":10,""method"":""isotonic"",""before_calibration"":{""brier_score"":0.3657,""ece"":0.4363,""log_loss"":0.9752},""after_calibration"":{""brier_score"":0.1971,""ece"":0.3168,""log_loss"":0.5846},""reliability_buckets"":[{""range"":""0.3-0.4"",""count"":4,""predicted_win_prob"":0.3353,""actual_win_rate"":0.0,""gap"":-0.3353},{""range"":""0.4-0.5"",""count"":1,""predicted_win_prob"":0.4793,""actual_win_rate"":0.0,""gap"":-0.4793},{""range"":""0.5-0.6"",""count"":4,""predicted_win_prob"":0.5781,""actual_win_rate"":0.75,""gap"":0.1719},{""range"":""0.6-0.7"",""count"":1,""predicted_win_prob"":0.6601,""actual_win_rate"":0.0,""gap"":-0.6601}],""high_confidence_losses"":3,""low_confidence_winners"":0,""negative_expectancy_bands"":[],""warnings"":[""Calibration metrics are based on only 10 samples (LOW) \u2014 treat with caution.""]}"
2026-07-14T15:06:53Z,v0.5,Phase 5,Research Factory,False positives,,report_section,,Submission Pipeline Test,1e3806416eb2,,,,,2,,,,WEAK,,10,2,,,,,,,,,,,,,,,,,,,,,,,,,,,,,,,,,/experiments (report: 1e3806416eb2),1e3806416eb2,,,,"{""definition"":""BUY/STRONG BUY entries that lost money after costs, hit the stop, or never achieved at least +1% favourable excursion."",""from_phase42_analysis"":null,""count"":7,""total_trades"":10,""rate_pct"":70.0,""avg_mae_pct"":-4.9243,""avg_mfe_pct"":4.08,""avg_holding_days"":8.0,""exit_reasons"":[{""group"":""Stop-Loss Hit"",""trades"":4,""wins"":0,""losses"":4,""win_rate"":0.0,""gross_pnl"":-138.07,""net_pnl"":-147.98,""avg_return_pct"":-5.1025,""median_return_pct"":-5.265,""expectancy_rs"":-36.995,""profit_factor"":0.0,""avg_holding_days"":8.5,""total_costs"":9.91,""sample_label"":""VERY LOW""},{""group"":""Signal Exit"",""trades"":2,""wins"":0,""losses"":2,""win_rate"":0.0,""gross_pnl"":-35.7,""net_pnl"":-39.9,""avg_return_pct"":-3.48,""median_return_pct"":-3.48,""expectancy_rs"":-19.95,""profit_factor"":0.0,""avg_holding_days"":10.0,""total_costs"":4.2,""sample_label"":""VERY LOW""},{""group"":""End-of-Test Forced Close"",""trades"":1,""wins"":0,""losses"":1,""win_rate"":0.0,""gross_pnl"":-3.72,""net_pnl"":-5.55,""avg_return_pct"":-1.12,""median_return_pct"":-1.12,""expectancy_rs"":-5.55,""profit_factor"":0.0,""avg_holding_days"":2.0,""total_costs"":1.83,""sample_label"":""VERY LOW""}],""subgroup_rates"":[{""dimension"":""sector"",""group"":""ENERGY"",""sample_count"":5,""baseline_rate_pct"":70.0,""subgroup_rate_pct"":100.0,""abs_difference_pct"":30.0,""reliability"":""VERY LOW""},{""dimension"":""sector"",""group"":""METALS"",""sample_count"":5,""baseline_rate_pct"":70.0,""subgroup_rate_pct"":40.0,""abs_difference_pct"":-30.0,""reliability"":""VERY LOW""},{""dimension"":""confidence band"",""group"":""60-70"",""sample_count"":3,""baseline_rate_pct"":70.0,""subgroup_rate_pct"":100.0,""abs_difference_pct"":30.0,""reliability"":""VERY LOW""},{""dimension"":""confidence band"",""group"":""70+"",""sample_count"":6,""baseline_rate_pct"":70.0,""subgroup_rate_pct"":50.0,""abs_difference_pct"":-20.0,""reliability"":""VERY LOW""},{""dimension"":""regime"",""group"":""Bearish"",""sample_count"":6,""baseline_rate_pct"":70.0,""subgroup_rate_pct"":83.3333,""abs_difference_pct"":13.3333,""reliability"":""VERY LOW""},{""dimension"":""strategy"",""group"":""Trend Rider"",""sample_count"":8,""baseline_rate_pct"":70.0,""subgroup_rate_pct"":75.0,""abs_difference_pct"":5.0,""reliability"":""VERY LOW""}],""language_note"":""Associations only \u2014 no causal claims. Example: false-positive trades were more frequently associated with the subgroups showing the largest positive differences above, given sufficient samples.""}"
2026-07-14T15:06:53Z,v0.5,Phase 5,Research Factory,False negatives,,report_section,,Submission Pipeline Test,1e3806416eb2,,,,,2,,,,WEAK,,10,2,,,,,,,,,,,,,,,,,,,,,,,,,,,,,,,,,/experiments (report: 1e3806416eb2),1e3806416eb2,,,,"{""available"":false,""note"":""Missed-opportunity analysis unavailable because historical rejected-candidate snapshots were not persisted for this experiment.""}"
2026-07-14T15:06:53Z,v0.5,Phase 5,Research Factory,Overfitting and robustness,,report_section,,Submission Pipeline Test,1e3806416eb2,,,,,2,,,,WEAK,,10,2,,,,,,,,,,,,,,,,,,,,,,,,,,,,,,,,,/experiments (report: 1e3806416eb2),1e3806416eb2,,,,"{""sweeps"":{},""highlights"":[],""note"":""Sweeps use the stop/target-aware approximation documented in the Phase 4.2 analysis. No single 'best' value is recommended from maximum return alone \u2014 prefer stable parameter ranges. Values with VERY LOW / LOW evidence should not drive decisions.""}"
2026-07-14T15:06:53Z,v0.5,Phase 5,Research Factory,Market-regime contribution,,report_section,,Submission Pipeline Test,1e3806416eb2,,,,,2,,,,WEAK,,10,2,,,,,,,,,,,,,,,,,,,,,,,,,,,,,,,,,/experiments (report: 1e3806416eb2),1e3806416eb2,,,,"{""tables"":[{""group"":""Bearish"",""trades"":6,""wins"":1,""losses"":5,""win_rate"":16.6667,""gross_pnl"":-4.12,""net_pnl"":-18.27,""avg_return_pct"":-1.355,""median_return_pct"":-4.055,""expectancy_rs"":-3.045,""profit_factor"":0.8698,""avg_holding_days"":7.3333,""total_costs"":14.14,""sample_label"":""VERY LOW"",""pct_of_trades"":60.0,""pct_of_net_pnl"":30.5774,""window_consistency"":{""windows"":2,""profitable_windows"":1}},{""group"":""Neutral-Bearish"",""trades"":2,""wins"":2,""losses"":0,""win_rate"":100.0,""gross_pnl"":16.6,""net_pnl"":11.67,""avg_return_pct"":0.82,""median_return_pct"":0.82,""expectancy_rs"":5.835,""profit_factor"":null,""avg_holding_days"":8.0,""total_costs"":4.93,""sample_label"":""VERY LOW"",""pct_of_trades"":20.0,""pct_of_net_pnl"":-19.5314,""window_consistency"":{""windows"":1,""profitable_windows"":1}},{""group"":""Bullish"",""trades"":1,""wins"":0,""losses"":1,""win_rate"":0.0,""gross_pnl"":-3.72,""net_pnl"":-5.55,""avg_return_pct"":-1.12,""median_return_pct"":-1.12,""expectancy_rs"":-5.55,""profit_factor"":0.0,""avg_holding_days"":2.0,""total_costs"":1.83,""sample_label"":""VERY LOW"",""pct_of_trades"":10.0,""pct_of_net_pnl"":9.2887,""window_consistency"":{""windows"":1,""profitable_windows"":0}},{""group"":""Neutral-Bullish"",""trades"":1,""wins"":0,""losses"":1,""win_rate"":0.0,""gross_pnl"":-44.2,""net_pnl"":-47.6,""avg_return_pct"":-5.09,""median_return_pct"":-5.09,""expectancy_rs"":-47.6,""profit_factor"":0.0,""avg_holding_days"":19.0,""total_costs"":3.4,""sample_label"":""VERY LOW"",""pct_of_trades"":10.0,""pct_of_net_pnl"":79.6653,""window_consistency"":{""windows"":1,""profitable_windows"":0}}],""eligibility_recommendations"":[{""regime"":""Bearish"",""recommendation"":""INCONCLUSIVE"",""trades"":6,""expectancy_rs"":-3.045,""sample_label"":""VERY LOW""},{""regime"":""Neutral-Bearish"",""recommendation"":""INCONCLUSIVE"",""trades"":2,""expectancy_rs"":5.835,""sample_label"":""VERY LOW""},{""regime"":""Bullish"",""recommendation"":""INCONCLUSIVE"",""trades"":1,""expectancy_rs"":-5.55,""sample_label"":""VERY LOW""},{""regime"":""Neutral-Bullish"",""recommendation"":""INCONCLUSIVE"",""trades"":1,""expectancy_rs"":-47.6,""sample_label"":""VERY LOW""}],""disclaimer"":""Analysis-only regime recommendation \u2014 not used by live strategy selection.""}"
2026-07-14T15:06:53Z,v0.5,Phase 5,Research Factory,Final recommendation,,report_section,,Submission Pipeline Test,1e3806416eb2,,,,,2,,,,WEAK,,10,2,,,,,,,,,,,,,,,,,,,,,,,,,,,,,,,,,/experiments (report: 1e3806416eb2),1e3806416eb2,,,,"[{""priority"":""HIGH"",""category"":""Increase evidence period"",""action"":""Extend the date range or widen windows to reach at least 100 out-of-sample trades."",""reason"":""Only 10 OOS trades \u2014 below the 100-trade evidence requirement."",""evidence"":""oos_trades=10"",""expected_research_value"":""High \u2014 verdicts are currently statistically weak."",""risk"":""None \u2014 current results cannot be trusted either way."",""suggested_controlled_experiment"":""Same config with a longer start\u2013end range (e.g. +2 years)."",""may_affect_live_logic"":false}]"
2026-07-14T15:06:53Z,v0.5,Phase 5,Research Factory,Research verdict,,report_section,,Bull Market — Jul 2026,95a7ff31918c,,,,,4,INSUFFICIENT DATA,,,MODERATE,,37,7,,,,,,,,,,,,,,,,,,,,,,,,,,,,,,,,,/experiments (report: 95a7ff31918c),95a7ff31918c,,,,"{""verdict"":""INSUFFICIENT DATA"",""reasons"":[""37 OOS trades (< 100) across 7 windows."",""Overfitting flags: trades_low (37 < 50)""],""thresholds"":{""min_trades"":100,""min_windows"":2,""reject_pf_below"":0.8,""promising_pf_above"":1.15,""max_drawdown_pct"":20.0},""engine_verdict_reference"":""INSUFFICIENT DATA"",""disclaimer"":""Even a PROMISING verdict is research-only and does not affect the live system. Never deploy based on this report.""}"
2026-07-14T15:06:53Z,v0.5,Phase 5,Research Factory,Executive summary,,report_section,,Bull Market — Jul 2026,95a7ff31918c,,,,,4,,,,MODERATE,,37,7,-6.55,-327.62,,0.52,,32.4,,,,,,,,,,,,,,,,,,,,,,,,,,,/experiments (report: 95a7ff31918c),95a7ff31918c,,,,"{""experiment_name"":""Bull Market \u2014 Jul 2026"",""template"":""bull_market"",""template_family"":""market_conditions"",""date_range"":{""start"":""2023-04-01"",""end"":""2025-12-31""},""train_years"":1,""test_months"":3,""step_months"":3,""windows"":7,""oos_trades"":37,""net_return_pct"":-6.55,""net_pnl"":-327.62,""profit_factor"":0.52,""expectancy_rs"":-8.85,""win_rate"":32.4,""sharpe"":-1.2,""max_drawdown_pct"":9.62,""total_costs"":83.08,""evidence_verdict"":""INSUFFICIENT_EVIDENCE"",""overfitting_flags"":[""trades_low (37 < 50)""],""final_verdict"":""INSUFFICIENT DATA"",""score"":17.0,""explanation"":""The experiment produced 37 out-of-sample trades across 7 test window(s). Key findings: negative net expectancy of Rs -8.85 per trade after costs; profit factor of 0.52 (below 1); the result did not meet the minimum evidence requirement. Final research verdict: INSUFFICIENT DATA. No live or paper-trading behavior is affected by this report.""}"
2026-07-14T15:06:53Z,v0.5,Phase 5,Research Factory,Performance,,report_section,,Bull Market — Jul 2026,95a7ff31918c,,,,,4,,,,MODERATE,,37,7,-6.55,-327.62,-244.51,0.52,-8.85,32.4,-1.2,-3.29,,,,,,,,,,,,,,,,,,,,,,,,,/experiments (report: 95a7ff31918c),95a7ff31918c,,,,"{""gross_pnl"":-244.51,""net_pnl"":-327.62,""gross_return_note"":""Gross figures are before configured transaction costs."",""net_return_pct"":-6.55,""annualized_return_pct"":-3.85,""total_costs"":83.08,""cost_drag_pct_of_gross_profit"":23.4855,""profit_factor"":0.52,""expectancy_rs"":-8.85,""win_rate"":32.4,""avg_win"":29.48,""avg_loss"":27.25,""median_win"":19.03,""median_loss"":-23.71,""payoff_ratio"":1.0818,""sharpe"":-1.2,""sortino"":-3.29,""calmar"":-0.4,""recovery_factor"":-0.66,""turnover"":4.49,""exposure_pct"":89.9,""avg_holding_days"":10.6,""median_holding_days"":9.0,""max_consecutive_wins"":3,""max_consecutive_losses"":11,""best_month"":{""month"":""2024-07"",""trades"":4,""net_pnl"":81.32},""worst_month"":{""month"":""2024-10"",""trades"":8,""net_pnl"":-216.46},""best_window"":{""window"":""W2"",""trades"":11,""net_return_pct"":1.27,""profit_factor"":1.46,""win_rate"":54.5,""max_drawdown_pct"":2.38},""worst_window"":{""window"":""W3"",""trades"":22,""net_return_pct"":-7.33,""profit_factor"":0.27,""win_rate"":22.7,""max_drawdown_pct"":7.4},""pct_profitable_windows"":50.0,""windows"":[{""window"":""W1"",""trades"":0,""net_return_pct"":0.0,""profit_factor"":0.0,""win_rate"":0.0,""max_drawdown_pct"":0.0},{""window"":""W2"",""trades"":11,""net_return_pct"":1.27,""profit_factor"":1.46,""win_rate"":54.5,""max_drawdown_pct"":2.38},{""window"":""W3"",""trades"":22,""net_return_pct"":-7.33,""profit_factor"":0.27,""win_rate"":22.7,""max_drawdown_pct"":7.4},{""window"":""W4"",""trades"":0,""net_return_pct"":0.0,""profit_factor"":0.0,""win_rate"":0.0,""max_drawdown_pct"":0.0},{""window"":""W5"",""trades"":0,""net_return_pct"":0.0,""profit_factor"":0.0,""win_rate"":0.0,""max_drawdown_pct"":0.0},{""window"":""W6"",""trades"":2,""net_return_pct"":-0.55,""profit_factor"":0.0,""win_rate"":0.0,""max_drawdown_pct"":0.85},{""window"":""W7"",""trades"":2,""net_return_pct"":0.05,""profit_factor"":1.16,""win_rate"":50.0,""max_drawdown_pct"":0.41}],""benchmarks"":{""strategy_net_return_pct"":-6.55,""nifty_buy_hold_pct"":16.24,""equal_weight_universe_pct"":22.03,""cash_pct"":0.0,""base_model_pct"":-0.71,""note"":""Window returns summed across test windows (each window restarts at the configured capital); the full model line is the compounded overall return.""}}"
2026-07-14T15:06:53Z,v0.5,Phase 5,Research Factory,Risk,,report_section,,Bull Market — Jul 2026,95a7ff31918c,,,,,4,,,,MODERATE,,37,7,,,,,,,,,9.62,,,,,,,,,,,,,,,,,,,,,,,,/experiments (report: 95a7ff31918c),95a7ff31918c,,,,"{""max_drawdown_pct"":9.62,""drawdown_episodes_material"":1,""avg_drawdown_pct"":2.7647,""longest_drawdown_days"":504,""time_underwater_pct"":83.908,""largest_single_trade_loss"":-60.24,""p5_trade_return_pct"":-6.548,""p95_trade_return_pct"":8.868,""downside_deviation_pct"":1.998,""risk_of_ruin_estimate_pct"":100.0,""risk_of_ruin_note"":""Rough Gaussian estimate over 25 sequential trades \u2014 an approximation, not a measured probability."",""concentration"":{""stock"":{""top_group"":""BAJFINANCE"",""top_profit_share_pct"":null},""sector"":{""top_group"":""IT"",""top_profit_share_pct"":null},""strategy"":{""top_group"":""Mean Reversion"",""top_profit_share_pct"":0.7463},""regime"":{""top_group"":""Bullish"",""top_profit_share_pct"":13.7724}},""top5_trades_profit_share_pct"":77.3541,""top5_losses_share_pct"":37.2206,""depends_on_few_trades"":true,""warnings"":[""Top five trades generated 77% of total profit \u2014 results depend on a small number of trades.""]}"
2026-07-14T15:06:53Z,v0.5,Phase 5,Research Factory,Equity and drawdown,,report_section,,Bull Market — Jul 2026,95a7ff31918c,,,,,4,,,,MODERATE,,37,7,,,,,,,,,,,,,,,,,,,,,,,,,,,,,,,,,/experiments (report: 95a7ff31918c),95a7ff31918c,,,,"{""truncated"":true,""keys"":[""drawdown_curve"",""episodes"",""equity_curve"",""largest_drawdown_explanation""]}"
2026-07-14T15:06:53Z,v0.5,Phase 5,Research Factory,Trade distribution,,report_section,,Bull Market — Jul 2026,95a7ff31918c,,,,,4,,,,MODERATE,,37,7,,,,,,,,,,,,,,,,,,,,,,,,,,,,,,,,,/experiments (report: 95a7ff31918c),95a7ff31918c,,,,"{""truncated"":true,""keys"":[""notes"",""tables""]}"
2026-07-14T15:06:53Z,v0.5,Phase 5,Research Factory,Confidence calibration,,report_section,,Bull Market — Jul 2026,95a7ff31918c,,,,,4,,,,MODERATE,,37,7,,,,,,,,,,,,,,,,,,,,,,,,,,,,,,,,,/experiments (report: 95a7ff31918c),95a7ff31918c,,,,"{""samples"":37,""method"":""isotonic"",""before_calibration"":{""brier_score"":0.4299,""ece"":0.4441,""log_loss"":1.1688},""after_calibration"":{""brier_score"":0.3058,""ece"":0.2755,""log_loss"":0.8143},""reliability_buckets"":[{""range"":""0.3-0.4"",""count"":1,""predicted_win_prob"":0.396,""actual_win_rate"":0.0,""gap"":-0.396},{""range"":""0.4-0.5"",""count"":13,""predicted_win_prob"":0.4667,""actual_win_rate"":0.3846,""gap"":-0.0821},{""range"":""0.5-0.6"",""count"":2,""predicted_win_prob"":0.5681,""actual_win_rate"":0.0,""gap"":-0.5681},{""range"":""0.6-0.7"",""count"":14,""predicted_win_prob"":0.6378,""actual_win_rate"":0.3571,""gap"":-0.2806},{""range"":""0.7-0.8"",""count"":6,""predicted_win_prob"":0.7459,""actual_win_rate"":0.1667,""gap"":-0.5792},{""range"":""0.8-0.9"",""count"":1,""predicted_win_prob"":0.8118,""actual_win_rate"":1.0,""gap"":0.1882}],""high_confidence_losses"":18,""low_confidence_winners"":0,""negative_expectancy_bands"":[{""band"":""65-70"",""trades"":7,""expectancy_rs"":-4.63,""sample_label"":""VERY LOW""},{""band"":""75-80"",""trades"":6,""expectancy_rs"":-22.5133,""sample_label"":""VERY LOW""},{""band"":""80+"",""trades"":16,""expectancy_rs"":-3.8506,""sample_label"":""LOW""}],""warnings"":[""Calibration metrics are based on only 37 samples (LIMITED) \u2014 treat with caution."",""Higher confidence did NOT correspond with better outcomes in this experiment."",""Some confidence bands show negative expectancy \u2014 confidence should not be read as trade quality here.""]}"
2026-07-14T15:06:53Z,v0.5,Phase 5,Research Factory,False positives,,report_section,,Bull Market — Jul 2026,95a7ff31918c,,,,,4,,,,MODERATE,,37,7,,,,,,,,,,,,,,,,,,,,,,,,,,,,,,,,,/experiments (report: 95a7ff31918c),95a7ff31918c,,,,"{""truncated"":true,""keys"":[""avg_holding_days"",""avg_mae_pct"",""avg_mfe_pct"",""count"",""definition"",""exit_reasons"",""from_phase42_analysis"",""language_note"",""rate_pct"",""subgroup_rates"",""total_trades""]}"
2026-07-14T15:06:53Z,v0.5,Phase 5,Research Factory,False negatives,,report_section,,Bull Market — Jul 2026,95a7ff31918c,,,,,4,,,,MODERATE,,37,7,,,,,,,,,,,,,,,,,,,,,,,,,,,,,,,,,/experiments (report: 95a7ff31918c),95a7ff31918c,,,,"{""truncated"":true,""keys"":[""available"",""categories"",""from_phase42_analysis"",""note"",""watch_that_rose""]}"
2026-07-14T15:06:53Z,v0.5,Phase 5,Research Factory,Overfitting and robustness,,report_section,,Bull Market — Jul 2026,95a7ff31918c,,,,,4,,,,MODERATE,,37,7,,,,,,,,,,,,,,,,,,,,,,,,,,,,,,,,,/experiments (report: 95a7ff31918c),95a7ff31918c,,,,"{""sweeps"":{""confidence_sweep"":[{""min_confidence"":45,""n"":650,""win_rate"":42.5,""avg_return_pct"":0.09,""expectancy_pct"":0.09,""profit_factor"":1.04,""evidence"":""STRONGER""},{""min_confidence"":50,""n"":650,""win_rate"":42.5,""avg_return_pct"":0.09,""expectancy_pct"":0.09,""profit_factor"":1.04,""evidence"":""STRONGER""},{""min_confidence"":55,""n"":650,""win_rate"":42.5,""avg_return_pct"":0.09,""expectancy_pct"":0.09,""profit_factor"":1.04,""evidence"":""STRONGER""},{""min_confidence"":60,""n"":627,""win_rate"":42.7,""avg_return_pct"":0.15,""expectancy_pct"":0.15,""profit_factor"":1.06,""evidence"":""STRONGER""},{""min_confidence"":65,""n"":571,""win_rate"":42.6,""avg_return_pct"":0.14,""expectancy_pct"":0.14,""profit_factor"":1.06,""evidence"":""STRONGER""},{""min_confidence"":70,""n"":438,""win_rate"":42.0,""avg_return_pct"":0.16,""expectancy_pct"":0.16,""profit_factor"":1.07,""evidence"":""STRONGER""},{""min_confidence"":75,""n"":308,""win_rate"":44.2,""avg_return_pct"":0.42,""expectancy_pct"":0.42,""profit_factor"":1.18,""evidence"":""STRONGER""}],""calibrated_prob_sweep"":[{""min_calibrated_prob"":0.2,""n"":650,""win_rate"":42.5,""avg_return_pct"":0.09,""expectancy_pct"":0.09,""profit_factor"":1.04,""evidence"":""STRONGER""},{""min_calibrated_prob"":0.25,""n"":650,""win_rate"":42.5,""avg_return_pct"":0.09,""expectancy_pct"":0.09,""profit_factor"":1.04,""evidence"":""STRONGER""},{""min_calibrated_prob"":0.3,""n"":650,""win_rate"":42.5,""avg_return_pct"":0.09,""expectancy_pct"":0.09,""profit_factor"":1.04,""evidence"":""STRONGER""},{""min_calibrated_prob"":0.35,""n"":649,""win_rate"":42.4,""avg_return_pct"":0.09,""expectancy_pct"":0.09,""profit_factor"":1.04,""evidence"":""STRONGER""},{""min_calibrated_prob"":0.4,""n"":642,""win_rate"":42.4,""avg_return_pct"":0.08,""expectancy_pct"":0.08,""profit_factor"":1.03,""evidence"":""STRONGER""},{""min_calibrated_prob"":0.45,""n"":591,""win_rate"":42.1,""avg_return_pct"":0.08,""expectancy_pct"":0.08,""profit_factor"":1.03,""evidence"":""STRONGER""},{""min_calibrated_prob"":0.5,""n"":523,""win_rate"":43.4,""avg_return_pct"":0.26,""expectancy_pct"":0.26,""profit_factor"":1.11,""evidence"":""STRONGER""}],""hold_days_sweep"":[{""hold_days"":5,""n"":38,""win_rate"":26.3,""avg_return_pct"":-2.32,""expectancy_pct"":-2.32,""profit_factor"":0.28,""evidence"":""LIMITED""},{""hold_days"":10,""n"":37,""win_rate"":24.3,""avg_return_pct"":-2.06,""expectancy_pct"":-2.06,""profit_factor"":0.4,""evidence"":""LIMITED""},{""hold_days"":15,""n"":37,""win_rate"":29.7,""avg_return_pct"":-1.6,""expectancy_pct"":-1.6,""profit_factor"":0.54,""evidence"":""LIMITED""},{""hold_days"":20,""n"":37,""win_rate"":35.1,""avg_return_pct"":-0.94,""expectancy_pct"":-0.94,""profit_factor"":0.71,""evidence"":""LIMITED""},{""hold_days"":30,""n"":37,""win_rate"":32.4,""avg_return_pct"":-1.18,""expectancy_pct"":-1.18,""profit_factor"":0.65,""evidence"":""LIMITED""}]},""highlights"":[{""type"":""flat_region"",""message"":""Confidence sweep is relatively flat \u2014 results not highly sensitive to this parameter.""}],""note"":""Sweeps use the stop/target-aware approximation documented in the Phase 4.2 analysis. No single 'best' value is recommended from maximum return alone \u2014 prefer stable parameter ranges. Values with VERY LOW / LOW evidence should not drive decisions.""}"
2026-07-14T15:06:53Z,v0.5,Phase 5,Research Factory,Market-regime contribution,,report_section,,Bull Market — Jul 2026,95a7ff31918c,,,,,4,,,,MODERATE,,37,7,,,,,,,,,,,,,,,,,,,,,,,,,,,,,,,,,/experiments (report: 95a7ff31918c),95a7ff31918c,,,,"{""tables"":[{""group"":""Neutral-Bullish"",""trades"":13,""wins"":3,""losses"":10,""win_rate"":23.0769,""gross_pnl"":-217.52,""net_pnl"":-247.35,""avg_return_pct"":-2.8077,""median_return_pct"":-3.15,""expectancy_rs"":-19.0269,""profit_factor"":0.1203,""avg_holding_days"":8.1538,""total_costs"":29.83,""sample_label"":""LOW"",""pct_of_trades"":35.1351,""pct_of_net_pnl"":75.4991,""window_consistency"":{""windows"":3,""profitable_windows"":2}},{""group"":""Bullish"",""trades"":9,""wins"":4,""losses"":5,""win_rate"":44.4444,""gross_pnl"":70.58,""net_pnl"":48.72,""avg_return_pct"":0.78,""median_return_pct"":-3.45,""expectancy_rs"":5.4133,""profit_factor"":1.3526,""avg_holding_days"":13.3333,""total_costs"":21.83,""sample_label"":""VERY LOW"",""pct_of_trades"":24.3243,""pct_of_net_pnl"":-14.8709,""window_consistency"":{""windows"":1,""profitable_windows"":1}},{""group"":""Bearish"",""trades"":8,""wins"":4,""losses"":4,""win_rate"":50.0,""gross_pnl"":20.16,""net_pnl"":4.34,""avg_return_pct"":-0.1512,""median_return_pct"":-0.505,""expectancy_rs"":0.5425,""profit_factor"":1.0395,""avg_holding_days"":11.625,""total_costs"":15.82,""sample_label"":""VERY LOW"",""pct_of_trades"":21.6216,""pct_of_net_pnl"":-1.3247,""window_consistency"":{""windows"":1,""profitable_windows"":1}},{""group"":""Neutral-Bearish"",""trades"":7,""wins"":1,""losses"":6,""win_rate"":14.2857,""gross_pnl"":-117.73,""net_pnl"":-133.33,""avg_return_pct"":-3.1,""median_return_pct"":-3.9,""expectancy_rs"":-19.0471,""profit_factor"":0.1243,""avg_holding_days"":10.2857,""total_costs"":15.6,""sample_label"":""VERY LOW"",""pct_of_trades"":18.9189,""pct_of_net_pnl"":40.6965,""window_consistency"":{""windows"":2,""profitable_windows"":0}}],""eligibility_recommendations"":[{""regime"":""Neutral-Bullish"",""recommendation"":""RESTRICT"",""trades"":13,""expectancy_rs"":-19.0269,""sample_label"":""LOW""},{""regime"":""Bullish"",""recommendation"":""INCONCLUSIVE"",""trades"":9,""expectancy_rs"":5.4133,""sample_label"":""VERY LOW""},{""regime"":""Bearish"",""recommendation"":""INCONCLUSIVE"",""trades"":8,""expectancy_rs"":0.5425,""sample_label"":""VERY LOW""},{""regime"":""Neutral-Bearish"",""recommendation"":""INCONCLUSIVE"",""trades"":7,""expectancy_rs"":-19.0471,""sample_label"":""VERY LOW""}],""disclaimer"":""Analysis-only regime recommendation \u2014 not used by live strategy selection.""}"
2026-07-14T15:06:53Z,v0.5,Phase 5,Research Factory,Final recommendation,,report_section,,Bull Market — Jul 2026,95a7ff31918c,,,,,4,,,,MODERATE,,37,7,,,,,,,,,,,,,,,,,,,,,,,,,,,,,,,,,/experiments (report: 95a7ff31918c),95a7ff31918c,,,,"[{""priority"":""HIGH"",""category"":""Increase evidence period"",""action"":""Extend the date range or widen windows to reach at least 100 out-of-sample trades."",""reason"":""Only 37 OOS trades \u2014 below the 100-trade evidence requirement."",""evidence"":""oos_trades=37"",""expected_research_value"":""High \u2014 verdicts are currently statistically weak."",""risk"":""None \u2014 current results cannot be trusted either way."",""suggested_controlled_experiment"":""Same config with a longer start\u2013end range (e.g. +2 years)."",""may_affect_live_logic"":false},{""priority"":""HIGH"",""category"":""Disable strategy from further testing"",""action"":""Deprioritize this exact configuration in future batches."",""reason"":""Profit factor 0.52 is materially below 1 with LIMITED evidence."",""evidence"":""profit_factor=0.52, trades=37"",""expected_research_value"":""Medium \u2014 avoids wasting research budget."",""risk"":""Low."",""suggested_controlled_experiment"":""Re-test only after a structural change (exit rules or regime restriction)."",""may_affect_live_logic"":false}]"
2026-07-14T15:06:53Z,v0.5,Phase 5,Research Factory,Research verdict,,report_section,,Bear market test,c3a16676dc3b,,,,,1,INSUFFICIENT DATA,,,MODERATE,,63,2,,,,,,,,,,,,,,,,,,,,,,,,,,,,,,,,,/experiments (report: c3a16676dc3b),c3a16676dc3b,,,,"{""verdict"":""INSUFFICIENT DATA"",""reasons"":[""63 OOS trades (< 100) across 2 windows.""],""thresholds"":{""min_trades"":100,""min_windows"":2,""reject_pf_below"":0.8,""promising_pf_above"":1.15,""max_drawdown_pct"":20.0},""engine_verdict_reference"":""INSUFFICIENT DATA"",""disclaimer"":""Even a PROMISING verdict is research-only and does not affect the live system. Never deploy based on this report.""}"
2026-07-14T15:06:53Z,v0.5,Phase 5,Research Factory,Executive summary,,report_section,,Bear market test,c3a16676dc3b,,,,,1,,,,MODERATE,,63,2,-1.71,-85.38,,0.86,,47.6,,,,,,,,,,,,,,,,,,,,,,,,,,,/experiments (report: c3a16676dc3b),c3a16676dc3b,,,,"{""experiment_name"":""Bear market test"",""template"":null,""template_family"":null,""date_range"":{""start"":""2021-10-01"",""end"":""2023-03-31""},""train_years"":1,""test_months"":3,""step_months"":3,""windows"":2,""oos_trades"":63,""net_return_pct"":-1.71,""net_pnl"":-85.38,""profit_factor"":0.86,""expectancy_rs"":-1.36,""win_rate"":47.6,""sharpe"":-0.61,""max_drawdown_pct"":7.43,""total_costs"":200.78,""evidence_verdict"":""INSUFFICIENT_EVIDENCE"",""overfitting_flags"":[],""final_verdict"":""INSUFFICIENT DATA"",""score"":17.0,""explanation"":""The experiment produced 63 out-of-sample trades across 2 test window(s). Key findings: negative net expectancy of Rs -1.36 per trade after costs; profit factor of 0.86 (below 1); the result did not meet the minimum evidence requirement. Final research verdict: INSUFFICIENT DATA. No live or paper-trading behavior is affected by this report.""}"
2026-07-14T15:06:53Z,v0.5,Phase 5,Research Factory,Performance,,report_section,,Bear market test,c3a16676dc3b,,,,,1,,,,MODERATE,,63,2,-1.71,-85.38,115.42,0.86,-1.36,47.6,-0.61,-1.31,,,,,,,,,,,,,,,,,,,,,,,,,/experiments (report: c3a16676dc3b),c3a16676dc3b,,,,"{""gross_pnl"":115.42,""net_pnl"":-85.38,""gross_return_note"":""Gross figures are before configured transaction costs."",""net_return_pct"":-1.71,""annualized_return_pct"":-3.44,""total_costs"":200.78,""cost_drag_pct_of_gross_profit"":39.0531,""profit_factor"":0.86,""expectancy_rs"":-1.36,""win_rate"":47.6,""avg_win"":17.14,""avg_loss"":18.17,""median_win"":8.0,""median_loss"":-14.97,""payoff_ratio"":0.9433,""sharpe"":-0.61,""sortino"":-1.31,""calmar"":-0.46,""recovery_factor"":-0.22,""turnover"":10.78,""exposure_pct"":100.0,""avg_holding_days"":4.3,""median_holding_days"":1.0,""max_consecutive_wins"":4,""max_consecutive_losses"":7,""best_month"":{""month"":""2022-11"",""trades"":11,""net_pnl"":199.6},""worst_month"":{""month"":""2022-12"",""trades"":9,""net_pnl"":-150.72},""best_window"":{""window"":""W1"",""trades"":29,""net_return_pct"":1.54,""profit_factor"":1.28,""win_rate"":51.7,""max_drawdown_pct"":3.3},""worst_window"":{""window"":""W2"",""trades"":34,""net_return_pct"":-3.24,""profit_factor"":0.49,""win_rate"":44.1,""max_drawdown_pct"":5.52},""pct_profitable_windows"":50.0,""windows"":[{""window"":""W1"",""trades"":29,""net_return_pct"":1.54,""profit_factor"":1.28,""win_rate"":51.7,""max_drawdown_pct"":3.3},{""window"":""W2"",""trades"":34,""net_return_pct"":-3.24,""profit_factor"":0.49,""win_rate"":44.1,""max_drawdown_pct"":5.52}],""benchmarks"":{""strategy_net_return_pct"":-1.71,""nifty_buy_hold_pct"":2.61,""equal_weight_universe_pct"":0.43,""cash_pct"":0.0,""base_model_pct"":-3.19,""note"":""Window returns summed across test windows (each window restarts at the configured capital); the full model line is the compounded overall return.""}}"
2026-07-14T15:06:53Z,v0.5,Phase 5,Research Factory,Risk,,report_section,,Bear market test,c3a16676dc3b,,,,,1,,,,MODERATE,,63,2,,,,,,,,,7.43,,,,,,,,,,,,,,,,,,,,,,,,/experiments (report: c3a16676dc3b),c3a16676dc3b,,,,"{""max_drawdown_pct"":7.43,""drawdown_episodes_material"":1,""avg_drawdown_pct"":1.3415,""longest_drawdown_days"":112,""time_underwater_pct"":85.4839,""largest_single_trade_loss"":-53.05,""p5_trade_return_pct"":-3.979,""p95_trade_return_pct"":4.087,""downside_deviation_pct"":1.4669,""risk_of_ruin_estimate_pct"":100.0,""risk_of_ruin_note"":""Rough Gaussian estimate over 25 sequential trades \u2014 an approximation, not a measured probability."",""concentration"":{""stock"":{""top_group"":""COALINDIA"",""top_profit_share_pct"":14.7145},""sector"":{""top_group"":""ENERGY"",""top_profit_share_pct"":13.8975},""strategy"":{""top_group"":""Mean Reversion"",""top_profit_share_pct"":13.8878},""regime"":{""top_group"":""Neutral-Bullish"",""top_profit_share_pct"":23.1405}},""top5_trades_profit_share_pct"":54.9444,""top5_losses_share_pct"":32.7339,""depends_on_few_trades"":false,""warnings"":[]}"
2026-07-14T15:06:53Z,v0.5,Phase 5,Research Factory,Equity and drawdown,,report_section,,Bear market test,c3a16676dc3b,,,,,1,,,,MODERATE,,63,2,,,,,,,,,,,,,,,,,,,,,,,,,,,,,,,,,/experiments (report: c3a16676dc3b),c3a16676dc3b,,,,"{""truncated"":true,""keys"":[""drawdown_curve"",""episodes"",""equity_curve"",""largest_drawdown_explanation""]}"
2026-07-14T15:06:53Z,v0.5,Phase 5,Research Factory,Trade distribution,,report_section,,Bear market test,c3a16676dc3b,,,,,1,,,,MODERATE,,63,2,,,,,,,,,,,,,,,,,,,,,,,,,,,,,,,,,/experiments (report: c3a16676dc3b),c3a16676dc3b,,,,"{""truncated"":true,""keys"":[""notes"",""tables""]}"
2026-07-14T15:06:53Z,v0.5,Phase 5,Research Factory,Confidence calibration,,report_section,,Bear market test,c3a16676dc3b,,,,,1,,,,MODERATE,,63,2,,,,,,,,,,,,,,,,,,,,,,,,,,,,,,,,,/experiments (report: c3a16676dc3b),c3a16676dc3b,,,,"{""samples"":63,""method"":""identity"",""before_calibration"":{""brier_score"":0.3095,""ece"":0.2781,""log_loss"":0.8372},""after_calibration"":{""brier_score"":0.3095,""ece"":0.2781,""log_loss"":0.8372},""reliability_buckets"":[{""range"":""0.5-0.6"",""count"":2,""predicted_win_prob"":0.596,""actual_win_rate"":0.0,""gap"":-0.596},{""range"":""0.6-0.7"",""count"":17,""predicted_win_prob"":0.6517,""actual_win_rate"":0.2941,""gap"":-0.3576},{""range"":""0.7-0.8"",""count"":7,""predicted_win_prob"":0.7073,""actual_win_rate"":0.4286,""gap"":-0.2787},{""range"":""0.8-0.9"",""count"":37,""predicted_win_prob"":0.8188,""actual_win_rate"":0.5946,""gap"":-0.2242}],""high_confidence_losses"":19,""low_confidence_winners"":0,""negative_expectancy_bands"":[{""band"":""60-65"",""trades"":10,""expectancy_rs"":-3.436,""sample_label"":""LOW""},{""band"":""65-70"",""trades"":7,""expectancy_rs"":-15.1571,""sample_label"":""VERY LOW""}],""warnings"":[""Some confidence bands show negative expectancy \u2014 confidence should not be read as trade quality here.""]}"
2026-07-14T15:06:53Z,v0.5,Phase 5,Research Factory,False positives,,report_section,,Bear market test,c3a16676dc3b,,,,,1,,,,MODERATE,,63,2,,,,,,,,,,,,,,,,,,,,,,,,,,,,,,,,,/experiments (report: c3a16676dc3b),c3a16676dc3b,,,,"{""definition"":""BUY/STRONG BUY entries that lost money after costs, hit the stop, or never achieved at least +1% favourable excursion."",""from_phase42_analysis"":null,""count"":36,""total_trades"":63,""rate_pct"":57.1429,""avg_mae_pct"":-2.7325,""avg_mfe_pct"":1.1758,""avg_holding_days"":4.3333,""exit_reasons"":[{""group"":""Signal Exit"",""trades"":24,""wins"":3,""losses"":21,""win_rate"":12.5,""gross_pnl"":-172.74,""net_pnl"":-248.26,""avg_return_pct"":-1.3313,""median_return_pct"":-0.91,""expectancy_rs"":-10.3442,""profit_factor"":0.0261,""avg_holding_days"":4.2083,""total_costs"":75.49,""sample_label"":""LOW""},{""group"":""Stop-Loss Hit"",""trades"":11,""wins"":0,""losses"":11,""win_rate"":0.0,""gross_pnl"":-294.08,""net_pnl"":-327.34,""avg_return_pct"":-3.6427,""median_return_pct"":-3.8,""expectancy_rs"":-29.7582,""profit_factor"":0.0,""avg_holding_days"":3.1818,""total_costs"":33.26,""sample_label"":""LOW""},{""group"":""Time Exit"",""trades"":1,""wins"":0,""losses"":1,""win_rate"":0.0,""gross_pnl"":-13.97,""net_pnl"":-17.24,""avg_return_pct"":-1.94,""median_return_pct"":-1.94,""expectancy_rs"":-17.24,""profit_factor"":0.0,""avg_holding_days"":20.0,""total_costs"":3.28,""sample_label"":""VERY LOW""}],""subgroup_rates"":[{""dimension"":""strategy"",""group"":""MACD Cross"",""sample_count"":21,""baseline_rate_pct"":57.1429,""subgroup_rate_pct"":76.1905,""abs_difference_pct"":19.0476,""reliability"":""LOW""},{""dimension"":""sector"",""group"":""BANKING"",""sample_count"":12,""baseline_rate_pct"":57.1429,""subgroup_rate_pct"":75.0,""abs_difference_pct"":17.8571,""reliability"":""LOW""},{""dimension"":""confidence band"",""group"":""60-70"",""sample_count"":17,""baseline_rate_pct"":57.1429,""subgroup_rate_pct"":70.5882,""abs_difference_pct"":13.4454,""reliability"":""LOW""},{""dimension"":""regime"",""group"":""Neutral-Bullish"",""sample_count"":16,""baseline_rate_pct"":57.1429,""subgroup_rate_pct"":43.75,""abs_difference_pct"":-13.3929,""reliability"":""LOW""},{""dimension"":""regime"",""group"":""Bearish"",""sample_count"":11,""baseline_rate_pct"":57.1429,""subgroup_rate_pct"":45.4545,""abs_difference_pct"":-11.6883,""reliability"":""LOW""},{""dimension"":""regime"",""group"":""Neutral-Bearish"",""sample_count"":19,""baseline_rate_pct"":57.1429,""subgroup_rate_pct"":68.4211,""abs_difference_pct"":11.2782,""reliability"":""LOW""},{""dimension"":""strategy"",""group"":""Mean Reversion"",""sample_count"":39,""baseline_rate_pct"":57.1429,""subgroup_rate_pct"":46.1538,""abs_difference_pct"":-10.989,""reliability"":""LIMITED""},{""dimension"":""strategy"",""group"":""Trend Rider"",""sample_count"":3,""baseline_rate_pct"":57.1429,""subgroup_rate_pct"":66.6667,""abs_difference_pct"":9.5238,""reliability"":""VERY LOW""},{""dimension"":""sector"",""group"":""IT"",""sample_count"":37,""baseline_rate_pct"":57.1429,""subgroup_rate_pct"":48.6486,""abs_difference_pct"":-8.4942,""reliability"":""LIMITED""},{""dimension"":""regime"",""group"":""Bullish"",""sample_count"":17,""baseline_rate_pct"":57.1429,""subgroup_rate_pct"":64.7059,""abs_difference_pct"":7.563,""reliability"":""LOW""},{""dimension"":""sector"",""group"":""ENERGY"",""sample_count"":10,""baseline_rate_pct"":57.1429,""subgroup_rate_pct"":50.0,""abs_difference_pct"":-7.1429,""reliability"":""LOW""},{""dimension"":""confidence band"",""group"":""70+"",""sample_count"":44,""baseline_rate_pct"":57.1429,""subgroup_rate_pct"":50.0,""abs_difference_pct"":-7.1429,""reliability"":""LIMITED""}],""language_note"":""Associations only \u2014 no causal claims. Example: false-positive trades were more frequently associated with the subgroups showing the largest positive differences above, given sufficient samples.""}"
2026-07-14T15:06:53Z,v0.5,Phase 5,Research Factory,False negatives,,report_section,,Bear market test,c3a16676dc3b,,,,,1,,,,MODERATE,,63,2,,,,,,,,,,,,,,,,,,,,,,,,,,,,,,,,,/experiments (report: c3a16676dc3b),c3a16676dc3b,,,,"{""available"":false,""note"":""Missed-opportunity analysis unavailable because historical rejected-candidate snapshots were not persisted for this experiment.""}"
2026-07-14T15:06:53Z,v0.5,Phase 5,Research Factory,Overfitting and robustness,,report_section,,Bear market test,c3a16676dc3b,,,,,1,,,,MODERATE,,63,2,,,,,,,,,,,,,,,,,,,,,,,,,,,,,,,,,/experiments (report: c3a16676dc3b),c3a16676dc3b,,,,"{""sweeps"":{},""highlights"":[],""note"":""Sweeps use the stop/target-aware approximation documented in the Phase 4.2 analysis. No single 'best' value is recommended from maximum return alone \u2014 prefer stable parameter ranges. Values with VERY LOW / LOW evidence should not drive decisions.""}"
2026-07-14T15:06:53Z,v0.5,Phase 5,Research Factory,Market-regime contribution,,report_section,,Bear market test,c3a16676dc3b,,,,,1,,,,MODERATE,,63,2,,,,,,,,,,,,,,,,,,,,,,,,,,,,,,,,,/experiments (report: c3a16676dc3b),c3a16676dc3b,,,,"{""tables"":[{""group"":""Neutral-Bearish"",""trades"":19,""wins"":7,""losses"":12,""win_rate"":36.8421,""gross_pnl"":3.06,""net_pnl"":-57.05,""avg_return_pct"":-0.4247,""median_return_pct"":-0.65,""expectancy_rs"":-3.0026,""profit_factor"":0.664,""avg_holding_days"":4.0526,""total_costs"":60.08,""sample_label"":""LOW"",""pct_of_trades"":30.1587,""pct_of_net_pnl"":66.8189,""window_consistency"":{""windows"":2,""profitable_windows"":1}},{""group"":""Bullish"",""trades"":17,""wins"":7,""losses"":10,""win_rate"":41.1765,""gross_pnl"":-50.05,""net_pnl"":-102.45,""avg_return_pct"":-0.5871,""median_return_pct"":-0.73,""expectancy_rs"":-6.0265,""profit_factor"":0.4162,""avg_holding_days"":3.5882,""total_costs"":52.38,""sample_label"":""LOW"",""pct_of_trades"":26.9841,""pct_of_net_pnl"":119.993,""window_consistency"":{""windows"":2,""profitable_windows"":0}},{""group"":""Neutral-Bullish"",""trades"":16,""wins"":10,""losses"":6,""win_rate"":62.5,""gross_pnl"":172.69,""net_pnl"":118.97,""avg_return_pct"":0.8944,""median_return_pct"":1.025,""expectancy_rs"":7.4356,""profit_factor"":1.7908,""avg_holding_days"":5.0625,""total_costs"":53.73,""sample_label"":""LOW"",""pct_of_trades"":25.3968,""pct_of_net_pnl"":-139.3418,""window_consistency"":{""windows"":2,""profitable_windows"":2}},{""group"":""Bearish"",""trades"":11,""wins"":6,""losses"":5,""win_rate"":54.5455,""gross_pnl"":-10.28,""net_pnl"":-44.85,""avg_return_pct"":-0.6164,""median_return_pct"":0.53,""expectancy_rs"":-4.0773,""profit_factor"":0.5678,""avg_holding_days"":4.5455,""total_costs"":34.58,""sample_label"":""LOW"",""pct_of_trades"":17.4603,""pct_of_net_pnl"":52.5299,""window_consistency"":{""windows"":2,""profitable_windows"":0}}],""eligibility_recommendations"":[{""regime"":""Neutral-Bearish"",""recommendation"":""RESTRICT"",""trades"":19,""expectancy_rs"":-3.0026,""sample_label"":""LOW""},{""regime"":""Bullish"",""recommendation"":""RESTRICT"",""trades"":17,""expectancy_rs"":-6.0265,""sample_label"":""LOW""},{""regime"":""Neutral-Bullish"",""recommendation"":""ELIGIBLE"",""trades"":16,""expectancy_rs"":7.4356,""sample_label"":""LOW""},{""regime"":""Bearish"",""recommendation"":""RESTRICT"",""trades"":11,""expectancy_rs"":-4.0773,""sample_label"":""LOW""}],""disclaimer"":""Analysis-only regime recommendation \u2014 not used by live strategy selection.""}"
2026-07-14T15:06:53Z,v0.5,Phase 5,Research Factory,Final recommendation,,report_section,,Bear market test,c3a16676dc3b,,,,,1,,,,MODERATE,,63,2,,,,,,,,,,,,,,,,,,,,,,,,,,,,,,,,,/experiments (report: c3a16676dc3b),c3a16676dc3b,,,,"[{""priority"":""LOW"",""category"":""Improve data coverage"",""action"":""No specific evidence-backed recommendation; extend evidence before further changes."",""reason"":""No section produced a supported recommendation."",""evidence"":""N/A"",""expected_research_value"":""Low."",""risk"":""None."",""suggested_controlled_experiment"":""Longer date range, same config."",""may_affect_live_logic"":false}]"
2026-07-14T15:06:53Z,v0.5,Phase 5,Research Factory,Research verdict,,report_missing,,Bear Market Smoke Test,c3b29a0fe086,,,,,,NO_REPORT,,,,,,,,,,,,,,,,,,,,,,,,,,,,,,,,,,,,,,,/experiments (report: c3b29a0fe086),c3b29a0fe086,PARTIAL,,,Completed experiment without a generated research report.
2026-07-14T15:06:53Z,v0.5,Phase 5,Research Factory,Strategy contribution,,contribution,Mean Reversion,,,Mean Reversion,,,,,,,,STRONG,,120,,,205.11,,1.34,1.71,60.83,,,,,,,,,,,,,,,,,,,,,,,,,,,/research-intelligence,by_strategy:Mean Reversion,,,,Aggregated across all completed experiments (research only).
2026-07-14T15:06:53Z,v0.5,Phase 5,Research Factory,Strategy contribution,,contribution,EMA Cross,,,EMA Cross,,,,,,,,INSUFFICIENT,,1,,,2.62,,,2.62,100.0,,,,,,,,,,,,,,,,,,,,,,,,,,,/research-intelligence,by_strategy:EMA Cross,,,,Aggregated across all completed experiments (research only).
2026-07-14T15:06:53Z,v0.5,Phase 5,Research Factory,Strategy contribution,,contribution,Trend Rider,,,Trend Rider,,,,,,,,MODERATE,,46,,,-270.85,,0.69,-5.89,32.61,,,,,,,,,,,,,,,,,,,,,,,,,,,/research-intelligence,by_strategy:Trend Rider,,,,Aggregated across all completed experiments (research only).
2026-07-14T15:06:53Z,v0.5,Phase 5,Research Factory,Strategy contribution,,contribution,MACD Cross,,,MACD Cross,,,,,,,,MODERATE,,69,,,-580.36,,0.52,-8.41,23.19,,,,,,,,,,,,,,,,,,,,,,,,,,,/research-intelligence,by_strategy:MACD Cross,,,,Aggregated across all completed experiments (research only).
2026-07-14T15:06:53Z,v0.5,Phase 5,Research Factory,Sector contribution,,contribution,IT,,,,,IT,,,,,,STRONG,,114,,,46.99,,1.08,0.41,58.77,,,,,,,,,,,,,,,,,,,,,,,,,,,/research-intelligence,by_sector:IT,,,,Aggregated across all completed experiments (research only).
2026-07-14T15:06:53Z,v0.5,Phase 5,Research Factory,Sector contribution,,contribution,ENERGY,,,,,ENERGY,,,,,,MODERATE,,56,,,-14.41,,0.98,-0.26,39.29,,,,,,,,,,,,,,,,,,,,,,,,,,,/research-intelligence,by_sector:ENERGY,,,,Aggregated across all completed experiments (research only).
2026-07-14T15:06:53Z,v0.5,Phase 5,Research Factory,Sector contribution,,contribution,METALS,,,,,METALS,,,,,,INSUFFICIENT,,7,,,-14.94,,0.9,-2.13,42.86,,,,,,,,,,,,,,,,,,,,,,,,,,,/research-intelligence,by_sector:METALS,,,,Aggregated across all completed experiments (research only).
2026-07-14T15:06:53Z,v0.5,Phase 5,Research Factory,Sector contribution,,contribution,INFRA,,,,,INFRA,,,,,,INSUFFICIENT,,3,,,-51.72,,0.0,-17.24,0.0,,,,,,,,,,,,,,,,,,,,,,,,,,,/research-intelligence,by_sector:INFRA,,,,Aggregated across all completed experiments (research only).
2026-07-14T15:06:53Z,v0.5,Phase 5,Research Factory,Sector contribution,,contribution,FMCG,,,,,FMCG,,,,,,INSUFFICIENT,,3,,,-94.83,,0.0,-31.61,0.0,,,,,,,,,,,,,,,,,,,,,,,,,,,/research-intelligence,by_sector:FMCG,,,,Aggregated across all completed experiments (research only).
2026-07-14T15:06:53Z,v0.5,Phase 5,Research Factory,Sector contribution,,contribution,FINANCE,,,,,FINANCE,,,,,,WEAK,,17,,,-201.08,,0.38,-11.83,23.53,,,,,,,,,,,,,,,,,,,,,,,,,,,/research-intelligence,by_sector:FINANCE,,,,Aggregated across all completed experiments (research only).
2026-07-14T15:06:53Z,v0.5,Phase 5,Research Factory,Sector contribution,,contribution,BANKING,,,,,BANKING,,,,,,MODERATE,,36,,,-313.49,,0.43,-8.71,25.0,,,,,,,,,,,,,,,,,,,,,,,,,,,/research-intelligence,by_sector:BANKING,,,,Aggregated across all completed experiments (research only).
2026-07-14T15:06:53Z,v0.5,Phase 5,Research Factory,Market-regime contribution,,contribution,Neutral-Bullish,,,,,,Neutral-Bullish,,,,,MODERATE,,62,,,61.98,,1.08,1.0,53.23,,,,,,,,,,,,,,,,,,,,,,,,,,,/research-intelligence,by_regime:Neutral-Bullish,,,,Aggregated across all completed experiments (research only).
2026-07-14T15:06:53Z,v0.5,Phase 5,Research Factory,Market-regime contribution,,contribution,Bearish,,,,,,Bearish,,,,,MODERATE,,47,,,-148.48,,0.74,-3.16,48.94,,,,,,,,,,,,,,,,,,,,,,,,,,,/research-intelligence,by_regime:Bearish,,,,Aggregated across all completed experiments (research only).
2026-07-14T15:06:53Z,v0.5,Phase 5,Research Factory,Market-regime contribution,,contribution,Bullish,,,,,,Bullish,,,,,MODERATE,,61,,,-264.18,,0.61,-4.33,40.98,,,,,,,,,,,,,,,,,,,,,,,,,,,/research-intelligence,by_regime:Bullish,,,,Aggregated across all completed experiments (research only).
2026-07-14T15:06:53Z,v0.5,Phase 5,Research Factory,Market-regime contribution,,contribution,Neutral-Bearish,,,,,,Neutral-Bearish,,,,,MODERATE,,66,,,-292.8,,0.56,-4.44,36.36,,,,,,,,,,,,,,,,,,,,,,,,,,,/research-intelligence,by_regime:Neutral-Bearish,,,,Aggregated across all completed experiments (research only).
2026-07-14T15:06:53Z,v0.5,Phase 5,Research Factory,Research insights,,insight,Mean Reversion performed best in Neutral-Bullish conditions,,,,,,,,,,MEDIUM,MODERATE,,32,,,,,,,,,,,,,,,,,,,,,,,,,,"Across all experiments, Mean Reversion averaged ₹9.47 per trade over 32 trades in Neutral-Bullish regimes.",expectancy ₹9.47,,,,,,,/research-intelligence,pat_sr_mean_reversion_neutral-bullish,,,,Deterministic rule-based insight. Research only.
2026-07-14T15:06:53Z,v0.5,Phase 5,Research Factory,Research insights,,insight,Trend Rider performed best in Bullish conditions,,,,,,,,,,LOW,WEAK,,15,,,,,,,,,,,,,,,,,,,,,,,,,,"Across all experiments, Trend Rider averaged ₹9.27 per trade over 15 trades in Bullish regimes.",expectancy ₹9.27,,,,,,,/research-intelligence,pat_sr_trend_rider_bullish,,,,Deterministic rule-based insight. Research only.
2026-07-14T15:06:53Z,v0.5,Phase 5,Research Factory,Research insights,,insight,MACD Cross performed best in Neutral-Bullish conditions,,,,,,,,,,LOW,WEAK,,15,,,,,,,,,,,,,,,,,,,,,,,,,,"Across all experiments, MACD Cross averaged ₹7.21 per trade over 15 trades in Neutral-Bullish regimes.",expectancy ₹7.21,,,,,,,/research-intelligence,pat_sr_macd_cross_neutral-bullish,,,,Deterministic rule-based insight. Research only.
2026-07-14T15:06:53Z,v0.5,Phase 5,Research Factory,Research insights,,insight,MACD Cross struggled in Bullish conditions,,,,,,,,,,LOW,WEAK,,13,,,,,,,,,,,,,,,,,,,,,,,,,,MACD Cross lost an average of ₹26.59 per trade over 13 trades in Bullish regimes.,expectancy ₹-26.59,,,,,,,/research-intelligence,pat_srw_macd_cross_bullish,,,,Deterministic rule-based insight. Research only.
2026-07-14T15:06:53Z,v0.5,Phase 5,Research Factory,Research insights,,insight,Trend Rider struggled in Neutral-Bullish conditions,,,,,,,,,,LOW,WEAK,,15,,,,,,,,,,,,,,,,,,,,,,,,,,Trend Rider lost an average of ₹23.29 per trade over 15 trades in Neutral-Bullish regimes.,expectancy ₹-23.29,,,,,,,/research-intelligence,pat_srw_trend_rider_neutral-bullish,,,,Deterministic rule-based insight. Research only.
2026-07-14T15:06:53Z,v0.5,Phase 5,Research Factory,Research insights,,insight,Trend Rider struggled in Neutral-Bearish conditions,,,,,,,,,,LOW,INSUFFICIENT,,4,,,,,,,,,,,,,,,,,,,,,,,,,,Trend Rider lost an average of ₹22.57 per trade over 4 trades in Neutral-Bearish regimes.,expectancy ₹-22.57,,,,,,,/research-intelligence,pat_srw_trend_rider_neutral-bearish,,,,Deterministic rule-based insight. Research only.
2026-07-14T15:06:53Z,v0.5,Phase 5,Research Factory,Research insights,,insight,ENERGY sector underperformed,,,,,,,,,,MEDIUM,MODERATE,,56,,,,,,,,,,,,,,,,,,,,,,,,,,ENERGY produced ₹-14.41 net across 56 trades (win rate 39.29%).,net ₹-14.41,,,,,,,/research-intelligence,pat_sector_energy,,,,Deterministic rule-based insight. Research only.
2026-07-14T15:06:53Z,v0.5,Phase 5,Research Factory,Research insights,,insight,METALS sector underperformed,,,,,,,,,,LOW,INSUFFICIENT,,7,,,,,,,,,,,,,,,,,,,,,,,,,,METALS produced ₹-14.94 net across 7 trades (win rate 42.86%).,net ₹-14.94,,,,,,,/research-intelligence,pat_sector_metals,,,,Deterministic rule-based insight. Research only.
2026-07-14T15:06:53Z,v0.5,Phase 5,Research Factory,Research insights,,insight,INFRA sector underperformed,,,,,,,,,,LOW,INSUFFICIENT,,3,,,,,,,,,,,,,,,,,,,,,,,,,,INFRA produced ₹-51.72 net across 3 trades (win rate 0.0%).,net ₹-51.72,,,,,,,/research-intelligence,pat_sector_infra,,,,Deterministic rule-based insight. Research only.
2026-07-14T15:06:53Z,v0.5,Phase 5,Research Factory,Research insights,,insight,FMCG sector underperformed,,,,,,,,,,LOW,INSUFFICIENT,,3,,,,,,,,,,,,,,,,,,,,,,,,,,FMCG produced ₹-94.83 net across 3 trades (win rate 0.0%).,net ₹-94.83,,,,,,,/research-intelligence,pat_sector_fmcg,,,,Deterministic rule-based insight. Research only.
2026-07-14T15:06:53Z,v0.5,Phase 5,Research Factory,Research insights,,insight,FINANCE sector underperformed,,,,,,,,,,LOW,WEAK,,17,,,,,,,,,,,,,,,,,,,,,,,,,,FINANCE produced ₹-201.08 net across 17 trades (win rate 23.53%).,net ₹-201.08,,,,,,,/research-intelligence,pat_sector_finance,,,,Deterministic rule-based insight. Research only.
2026-07-14T15:06:53Z,v0.5,Phase 5,Research Factory,Research insights,,insight,BANKING sector underperformed,,,,,,,,,,MEDIUM,MODERATE,,36,,,,,,,,,,,,,,,,,,,,,,,,,,BANKING produced ₹-313.49 net across 36 trades (win rate 25.0%).,net ₹-313.49,,,,,,,/research-intelligence,pat_sector_banking,,,,Deterministic rule-based insight. Research only.
2026-07-14T15:06:53Z,v0.5,Phase 5,Research Factory,Research insights,,insight,Entries after >2% gaps underperformed,,,,,,,,,,LOW,INSUFFICIENT,,8,,,,,,,,,,,,,,,,,,,,,,,,,,8 trades entered after a >2% opening gap averaged ₹-11.84 per trade.,expectancy ₹-11.84,,,,,,,/research-intelligence,pat_gap,,,,Deterministic rule-based insight. Research only.
2026-07-14T15:06:53Z,v0.5,Phase 5,Research Factory,AI recommendations,,recommendation,Test raising the confidence threshold above 65% in a controlled experiment,,,,,,,,ADVISORY_ONLY,Test raising the confidence threshold above 65% in a controlled experiment,MEDIUM,MODERATE,,45,,,,,,,,,,,,,,,,,,,,,,,,,,,"55–65% confidence trades: 45 trades, expectancy ₹-6.43",,Removing the 55–65% band would have avoided ₹289.29 of net losses historically,,,,,/research-intelligence,rec_conf_threshold,,,,Research suggestion only — never applied automatically.
2026-07-14T15:06:53Z,v0.5,Phase 5,Research Factory,AI recommendations,,recommendation,Test a sector-strength filter for ENERGY,,,,,,,,ADVISORY_ONLY,Test a sector-strength filter for ENERGY,MEDIUM,MODERATE,,56,,,,,,,,,,,,,,,,,,,,,,,,,,,"ENERGY: 56 trades, win rate 39.29%",,ENERGY contributed ₹-14.41 net loss,,,,,/research-intelligence,rec_sector_energy,,,,Research suggestion only — never applied automatically.
2026-07-14T15:06:53Z,v0.5,Phase 5,Research Factory,AI recommendations,,recommendation,Test a sector-strength filter for METALS,,,,,,,,ADVISORY_ONLY,Test a sector-strength filter for METALS,LOW,INSUFFICIENT,,7,,,,,,,,,,,,,,,,,,,,,,,,,,,"METALS: 7 trades, win rate 42.86%",,METALS contributed ₹-14.94 net loss,,,,,/research-intelligence,rec_sector_metals,,,,Research suggestion only — never applied automatically.
2026-07-14T15:06:53Z,v0.5,Phase 5,Research Factory,AI recommendations,,recommendation,Test a sector-strength filter for INFRA,,,,,,,,ADVISORY_ONLY,Test a sector-strength filter for INFRA,LOW,INSUFFICIENT,,3,,,,,,,,,,,,,,,,,,,,,,,,,,,"INFRA: 3 trades, win rate 0.0%",,INFRA contributed ₹-51.72 net loss,,,,,/research-intelligence,rec_sector_infra,,,,Research suggestion only — never applied automatically.
2026-07-14T15:06:53Z,v0.5,Phase 5,Research Factory,AI recommendations,,recommendation,Test a sector-strength filter for FMCG,,,,,,,,ADVISORY_ONLY,Test a sector-strength filter for FMCG,LOW,INSUFFICIENT,,3,,,,,,,,,,,,,,,,,,,,,,,,,,,"FMCG: 3 trades, win rate 0.0%",,FMCG contributed ₹-94.83 net loss,,,,,/research-intelligence,rec_sector_fmcg,,,,Research suggestion only — never applied automatically.
2026-07-14T15:06:53Z,v0.5,Phase 5,Research Factory,AI recommendations,,recommendation,Test a sector-strength filter for FINANCE,,,,,,,,ADVISORY_ONLY,Test a sector-strength filter for FINANCE,LOW,WEAK,,17,,,,,,,,,,,,,,,,,,,,,,,,,,,"FINANCE: 17 trades, win rate 23.53%",,FINANCE contributed ₹-201.08 net loss,,,,,/research-intelligence,rec_sector_finance,,,,Research suggestion only — never applied automatically.
2026-07-14T15:06:53Z,v0.5,Phase 5,Research Factory,AI recommendations,,recommendation,Test a sector-strength filter for BANKING,,,,,,,,ADVISORY_ONLY,Test a sector-strength filter for BANKING,MEDIUM,MODERATE,,36,,,,,,,,,,,,,,,,,,,,,,,,,,,"BANKING: 36 trades, win rate 25.0%",,BANKING contributed ₹-313.49 net loss,,,,,/research-intelligence,rec_sector_banking,,,,Research suggestion only — never applied automatically.
2026-07-14T15:06:53Z,v0.5,Phase 5,Research Factory,AI recommendations,,recommendation,Test skipping entries during Bearish regimes,,,,,,,,ADVISORY_ONLY,Test skipping entries during Bearish regimes,MEDIUM,MODERATE,,47,,,,,,,,,,,,,,,,,,,,,,,,,,,"Bearish: 47 trades, expectancy ₹-3.16",,Bearish trades produced ₹-148.48 net loss,,,,,/research-intelligence,rec_regime_bearish,,,,Research suggestion only — never applied automatically.
2026-07-14T15:06:53Z,v0.5,Phase 5,Research Factory,AI recommendations,,recommendation,Test skipping entries during Bullish regimes,,,,,,,,ADVISORY_ONLY,Test skipping entries during Bullish regimes,MEDIUM,MODERATE,,61,,,,,,,,,,,,,,,,,,,,,,,,,,,"Bullish: 61 trades, expectancy ₹-4.33",,Bullish trades produced ₹-264.18 net loss,,,,,/research-intelligence,rec_regime_bullish,,,,Research suggestion only — never applied automatically.
2026-07-14T15:06:53Z,v0.5,Phase 5,Research Factory,AI recommendations,,recommendation,Test skipping entries during Neutral-Bearish regimes,,,,,,,,ADVISORY_ONLY,Test skipping entries during Neutral-Bearish regimes,MEDIUM,MODERATE,,66,,,,,,,,,,,,,,,,,,,,,,,,,,,"Neutral-Bearish: 66 trades, expectancy ₹-4.44",,Neutral-Bearish trades produced ₹-292.8 net loss,,,,,/research-intelligence,rec_regime_neutral-bearish,,,,Research suggestion only — never applied automatically.
2026-07-14T15:06:53Z,v0.5,Phase 5,Research Factory,AI recommendations,,recommendation,Consider disabling or re-parameterising Trend Rider (health: Reject),,,,,,,,ADVISORY_ONLY,Consider disabling or re-parameterising Trend Rider (health: Reject),MEDIUM,MODERATE,,46,,,,,,,,,,,,,,,,,,,,,,,,,,,"Profit factor 0.69, expectancy ₹-5.89, per-trade Sharpe proxy -0.13, positive in 60.0% of experiments, evidence LIMITED (46 trades). Drawdown and calibration are tracked at portfolio level, not per strategy.",,Removing it would have avoided ₹270.85 net loss,,,,,/research-intelligence,rec_strategy_trend_rider,,,,Research suggestion only — never applied automatically.
2026-07-14T15:06:53Z,v0.5,Phase 5,Research Factory,AI recommendations,,recommendation,Consider disabling or re-parameterising MACD Cross (health: Reject),,,,,,,,ADVISORY_ONLY,Consider disabling or re-parameterising MACD Cross (health: Reject),MEDIUM,MODERATE,,69,,,,,,,,,,,,,,,,,,,,,,,,,,,"Profit factor 0.52, expectancy ₹-8.41, per-trade Sharpe proxy -0.3, positive in 0.0% of experiments, evidence MODERATE (69 trades). Drawdown and calibration are tracked at portfolio level, not per strategy.",,Removing it would have avoided ₹580.36 net loss,,,,,/research-intelligence,rec_strategy_macd_cross,,,,Research suggestion only — never applied automatically.
2026-07-14T15:06:53Z,v0.5,Phase 5,Research Factory,Strategy health,,strategy_health,Mean Reversion,,,Mean Reversion,,,,,Excellent,,,STRONGER,,120,,,205.11,,1.34,1.71,60.83,0.12,,,,,,,,,,,,,,,,,,"Profit factor 1.34, expectancy ₹1.71, per-trade Sharpe proxy 0.12, positive in 80.0% of experiments, evidence STRONGER (120 trades). Drawdown and calibration are tracked at portfolio level, not per strategy.",,,,83,,,,/research-intelligence,health:Mean Reversion,,,,Sharpe column holds per-trade Sharpe proxy for this record type.
2026-07-14T15:06:53Z,v0.5,Phase 5,Research Factory,Strategy health,,strategy_health,EMA Cross,,,EMA Cross,,,,,Weak,,,VERY LOW,,1,,,2.62,,,2.62,100.0,,,,,,,,,,,,,,,,,,,"Profit factor N/A, expectancy ₹2.62, per-trade Sharpe proxy N/A, positive in 100.0% of experiments, evidence VERY LOW (1 trades). Drawdown and calibration are tracked at portfolio level, not per strategy.",,,,37,,,,/research-intelligence,health:EMA Cross,,,,Sharpe column holds per-trade Sharpe proxy for this record type.
2026-07-14T15:06:53Z,v0.5,Phase 5,Research Factory,Strategy health,,strategy_health,Trend Rider,,,Trend Rider,,,,,Reject,,,LIMITED,,46,,,-270.85,,0.69,-5.89,32.61,-0.13,,,,,,,,,,,,,,,,,,"Profit factor 0.69, expectancy ₹-5.89, per-trade Sharpe proxy -0.13, positive in 60.0% of experiments, evidence LIMITED (46 trades). Drawdown and calibration are tracked at portfolio level, not per strategy.",,,,16,,,,/research-intelligence,health:Trend Rider,,,,Sharpe column holds per-trade Sharpe proxy for this record type.
2026-07-14T15:06:53Z,v0.5,Phase 5,Research Factory,Strategy health,,strategy_health,MACD Cross,,,MACD Cross,,,,,Reject,,,MODERATE,,69,,,-580.36,,0.52,-8.41,23.19,-0.3,,,,,,,,,,,,,,,,,,"Profit factor 0.52, expectancy ₹-8.41, per-trade Sharpe proxy -0.3, positive in 0.0% of experiments, evidence MODERATE (69 trades). Drawdown and calibration are tracked at portfolio level, not per strategy.",,,,14,,,,/research-intelligence,health:MACD Cross,,,,Sharpe column holds per-trade Sharpe proxy for this record type.
2026-07-14T15:06:53Z,v0.5,Phase 5,Research Factory,Cross-experiment findings,,finding,Most consistent strategy,,,Mean Reversion,,,,,,,,STRONGER,,120,,,,,,1.71,,,,,,,,,,,,,,,,,,,,,,,,,,,,/research-intelligence,finding:Most consistent strategy,,,,"{""expectancy_rs"":1.71,""trades"":120,""sample_label"":""STRONGER""}"
2026-07-14T15:06:53Z,v0.5,Phase 5,Research Factory,Cross-experiment findings,,finding,Weakest strategy,,,MACD Cross,,,,,,,,MODERATE,,69,,,,,,-8.41,,,,,,,,,,,,,,,,,,,,,,,,,,,,/research-intelligence,finding:Weakest strategy,,,,"{""expectancy_rs"":-8.41,""trades"":69,""sample_label"":""MODERATE""}"
2026-07-14T15:06:53Z,v0.5,Phase 5,Research Factory,Cross-experiment findings,,finding,Safest regime,,,,,,Neutral-Bullish,,,,,MODERATE,,62,,,,,,1.0,,,,,,,,,,,,,,,,,,,,,,,,,,,,/research-intelligence,finding:Safest regime,,,,"{""expectancy_rs"":1.0,""trades"":62,""sample_label"":""MODERATE""}"
2026-07-14T15:06:53Z,v0.5,Phase 5,Research Factory,Cross-experiment findings,,finding,Riskiest regime,,,,,,Neutral-Bearish,,,,,MODERATE,,66,,,,,,-4.44,,,,,,,,,,,,,,,,,,,,,,,,,,,,/research-intelligence,finding:Riskiest regime,,,,"{""expectancy_rs"":-4.44,""trades"":66,""sample_label"":""MODERATE""}"
2026-07-14T15:06:53Z,v0.5,Phase 5,Research Factory,Cross-experiment findings,,finding,Best confidence band,,,,,,,,,,,STRONGER,,131,,,,,,0.03,,,,,,,,,,,,,,,,,,,,,,,,,,,,/research-intelligence,finding:Best confidence band,,,,"{""band"":""75-85"",""expectancy_rs"":0.03,""trades"":131,""sample_label"":""STRONGER""}"
2026-07-14T15:06:53Z,v0.5,Phase 5,Research Factory,Experiment comparison,,comparison_entry,Bear Market (verify fix),Bear Market (verify fix),0a655cee0ae9,,,,Neutral-Bearish,,INSUFFICIENT DATA,,,INSUFFICIENT_EVIDENCE,,63,2,-1.71,-85.36,,0.86,-1.35,47.6,-0.61,,7.43,,0.2781,,,,,,,,,,,,,,,,,,,,,,/research-intelligence (Compare),0a655cee0ae9,,,,
2026-07-14T15:06:53Z,v0.5,Phase 5,Research Factory,Experiment comparison,,comparison_entry,Submission Pipeline Test,Submission Pipeline Test,1e3806416eb2,,,,Bearish,,INSUFFICIENT DATA,,,INSUFFICIENT_EVIDENCE,,10,2,-1.2,-59.75,,0.69,-5.97,30.0,-0.97,,3.6,,0.3168,,,,,,,,,,,,,,,,,,,,,,/research-intelligence (Compare),1e3806416eb2,,,,
2026-07-14T15:06:53Z,v0.5,Phase 5,Research Factory,Experiment comparison,,comparison_entry,Bull Market — Jul 2026,Bull Market — Jul 2026,95a7ff31918c,,,,Neutral-Bullish,,INSUFFICIENT DATA,,,INSUFFICIENT_EVIDENCE,,37,7,-6.55,-327.62,,0.52,-8.85,32.4,-1.2,,9.62,,0.2755,,,,,,,,,,,,,,,,,,,,,,/research-intelligence (Compare),95a7ff31918c,,,,
2026-07-14T15:06:53Z,v0.5,Phase 5,Research Factory,Experiment comparison,,comparison_entry,Bear market test,Bear market test,c3a16676dc3b,,,,Neutral-Bearish,,INSUFFICIENT DATA,,,INSUFFICIENT_EVIDENCE,,63,2,-1.71,-85.38,,0.86,-1.36,47.6,-0.61,,7.43,,0.2781,,,,,,,,,,,,,,,,,,,,,,/research-intelligence (Compare),c3a16676dc3b,,,,
2026-07-14T15:06:53Z,v0.5,Phase 5,Research Factory,Experiment comparison,,comparison_entry,Bear Market Smoke Test,Bear Market Smoke Test,c3b29a0fe086,,,,,,NO_REPORT,,,,,,,,,,,,,,,,,,,,,,,,,,,,,,,,,,,,,,,/research-intelligence (Compare),c3b29a0fe086,,,,No completed research report — generate one first.
2026-07-14T15:06:53Z,v0.5,Phase 5,Learning Insights,Winning patterns,,pattern,supertrend_follow / IT / High Volatility,,,supertrend_follow,,IT,High Volatility,,,,,WEAK,10,10,,,,,2.15,4.91,50.0,0.31,0.8,35.98,,,,,,,,,,supertrend_follow / IT / High Volatility,WINNING,PROFITABLE,4.91,2.15,,,,,,,,,,/learning-insights,Winning patterns:supertrend_follow / IT / High Volatility,,,,Deterministic aggregation of simulated historical trades. Research only.
2026-07-14T15:06:53Z,v0.5,Phase 5,Learning Insights,Winning patterns,,pattern,trend_rider / PHARMA / Neutral,,,trend_rider,,PHARMA,Neutral,,,,,WEAK,10,10,,,,,4.75,4.72,60.0,0.62,2.23,7.88,,,,,,,,,,trend_rider / PHARMA / Neutral,WINNING,PROFITABLE,4.72,4.75,,,,,,,,,,/learning-insights,Winning patterns:trend_rider / PHARMA / Neutral,,,,Deterministic aggregation of simulated historical trades. Research only.
2026-07-14T15:06:53Z,v0.5,Phase 5,Learning Insights,Winning patterns,,pattern,macd_cross / FINANCE / High Volatility,,,macd_cross,,FINANCE,High Volatility,,,,,WEAK,11,11,,,,,4.48,4.66,63.6,0.55,1.7,12.22,,,,,,,,,,macd_cross / FINANCE / High Volatility,WINNING,PROFITABLE,4.66,4.48,,,,,,,,,,/learning-insights,Winning patterns:macd_cross / FINANCE / High Volatility,,,,Deterministic aggregation of simulated historical trades. Research only.
2026-07-14T15:06:53Z,v0.5,Phase 5,Learning Insights,Winning patterns,,pattern,trend_rider / AUTO / Neutral,,,trend_rider,,AUTO,Neutral,,,,,WEAK,13,13,,,,,2.84,3.95,46.2,0.44,1.33,12.26,,,,,,,,,,trend_rider / AUTO / Neutral,WINNING,PROFITABLE,3.95,2.84,,,,,,,,,,/learning-insights,Winning patterns:trend_rider / AUTO / Neutral,,,,Deterministic aggregation of simulated historical trades. Research only.
2026-07-14T15:06:53Z,v0.5,Phase 5,Learning Insights,Winning patterns,,pattern,ema_cross / METALS / Bullish,,,ema_cross,,METALS,Bullish,,,,,WEAK,16,16,,,,,4.01,3.63,56.2,0.6,1.7,13.36,,,,,,,,,,ema_cross / METALS / Bullish,WINNING,PROFITABLE,3.63,4.01,,,,,,,,,,/learning-insights,Winning patterns:ema_cross / METALS / Bullish,,,,Deterministic aggregation of simulated historical trades. Research only.
2026-07-14T15:06:53Z,v0.5,Phase 5,Learning Insights,Winning patterns,,pattern,trend_rider / IT / Bullish,,,trend_rider,,IT,Bullish,,,,,WEAK,11,11,,,,,3.14,3.49,45.5,0.48,1.43,13.83,,,,,,,,,,trend_rider / IT / Bullish,WINNING,PROFITABLE,3.49,3.14,,,,,,,,,,/learning-insights,Winning patterns:trend_rider / IT / Bullish,,,,Deterministic aggregation of simulated historical trades. Research only.
2026-07-14T15:06:53Z,v0.5,Phase 5,Learning Insights,Winning patterns,,pattern,macd_cross / IT / Strong Bullish,,,macd_cross,,IT,Strong Bullish,,,,,WEAK,10,10,,,,,4.49,3.48,50.0,0.52,2.36,5.84,,,,,,,,,,macd_cross / IT / Strong Bullish,WINNING,PROFITABLE,3.48,4.49,,,,,,,,,,/learning-insights,Winning patterns:macd_cross / IT / Strong Bullish,,,,Deterministic aggregation of simulated historical trades. Research only.
2026-07-14T15:06:53Z,v0.5,Phase 5,Learning Insights,Winning patterns,,pattern,mean_reversion / METALS / Strong Bearish,,,mean_reversion,,METALS,Strong Bearish,,,,,WEAK,17,17,,,,,3.17,3.41,64.7,0.56,1.28,11.25,,,,,,,,,,mean_reversion / METALS / Strong Bearish,WINNING,PROFITABLE,3.41,3.17,,,,,,,,,,/learning-insights,Winning patterns:mean_reversion / METALS / Strong Bearish,,,,Deterministic aggregation of simulated historical trades. Research only.
2026-07-14T15:06:53Z,v0.5,Phase 5,Learning Insights,Winning patterns,,pattern,supertrend_follow / FINANCE / Bearish,,,supertrend_follow,,FINANCE,Bearish,,,,,WEAK,19,19,,,,,2.09,3.12,42.1,0.27,0.72,18.94,,,,,,,,,,supertrend_follow / FINANCE / Bearish,WINNING,PROFITABLE,3.12,2.09,,,,,,,,,,/learning-insights,Winning patterns:supertrend_follow / FINANCE / Bearish,,,,Deterministic aggregation of simulated historical trades. Research only.
2026-07-14T15:06:53Z,v0.5,Phase 5,Learning Insights,Winning patterns,,pattern,macd_cross / ENERGY / High Volatility,,,macd_cross,,ENERGY,High Volatility,,,,,WEAK,11,11,,,,,4.76,3.07,63.6,0.46,1.92,5.55,,,,,,,,,,macd_cross / ENERGY / High Volatility,WINNING,PROFITABLE,3.07,4.76,,,,,,,,,,/learning-insights,Winning patterns:macd_cross / ENERGY / High Volatility,,,,Deterministic aggregation of simulated historical trades. Research only.
2026-07-14T15:06:53Z,v0.5,Phase 5,Learning Insights,Losing patterns,,pattern,supertrend_follow / AUTO / Bearish,,,supertrend_follow,,AUTO,Bearish,,,,,WEAK,10,10,,,,,0.23,-4.13,20.0,-0.7,-0.64,42.87,,,,,,,,,,supertrend_follow / AUTO / Bearish,LOSING,UNPROFITABLE,-4.13,0.23,,,,,,,,,,/learning-insights,Losing patterns:supertrend_follow / AUTO / Bearish,,,,Deterministic aggregation of simulated historical trades. Research only.
2026-07-14T15:06:53Z,v0.5,Phase 5,Learning Insights,Losing patterns,,pattern,supertrend_follow / IT / Bullish,,,supertrend_follow,,IT,Bullish,,,,,WEAK,12,12,,,,,0.2,-3.12,8.3,-0.77,-0.72,32.3,,,,,,,,,,supertrend_follow / IT / Bullish,LOSING,UNPROFITABLE,-3.12,0.2,,,,,,,,,,/learning-insights,Losing patterns:supertrend_follow / IT / Bullish,,,,Deterministic aggregation of simulated historical trades. Research only.
2026-07-14T15:06:53Z,v0.5,Phase 5,Learning Insights,Losing patterns,,pattern,trend_rider / BANKING / Neutral,,,trend_rider,,BANKING,Neutral,,,,,WEAK,10,10,,,,,0.01,-2.75,10.0,-1.91,-0.89,24.6,,,,,,,,,,trend_rider / BANKING / Neutral,LOSING,UNPROFITABLE,-2.75,0.01,,,,,,,,,,/learning-insights,Losing patterns:trend_rider / BANKING / Neutral,,,,Deterministic aggregation of simulated historical trades. Research only.
2026-07-14T15:06:53Z,v0.5,Phase 5,Learning Insights,Losing patterns,,pattern,macd_cross / IT / Strong Bearish,,,macd_cross,,IT,Strong Bearish,,,,,WEAK,10,10,,,,,0.16,-2.59,20.0,-0.81,-0.67,25.32,,,,,,,,,,macd_cross / IT / Strong Bearish,LOSING,UNPROFITABLE,-2.59,0.16,,,,,,,,,,/learning-insights,Losing patterns:macd_cross / IT / Strong Bearish,,,,Deterministic aggregation of simulated historical trades. Research only.
2026-07-14T15:06:53Z,v0.5,Phase 5,Learning Insights,Losing patterns,,pattern,macd_cross / ENERGY / Strong Bullish,,,macd_cross,,ENERGY,Strong Bullish,,,,,WEAK,16,16,,,,,0.01,-2.47,12.5,-1.33,-0.8,33.12,,,,,,,,,,macd_cross / ENERGY / Strong Bullish,LOSING,UNPROFITABLE,-2.47,0.01,,,,,,,,,,/learning-insights,Losing patterns:macd_cross / ENERGY / Strong Bullish,,,,Deterministic aggregation of simulated historical trades. Research only.
2026-07-14T15:06:53Z,v0.5,Phase 5,Learning Insights,Losing patterns,,pattern,trend_rider / BANKING / Strong Bullish,,,trend_rider,,BANKING,Strong Bullish,,,,,WEAK,16,16,,,,,0.17,-1.99,18.8,-0.84,-0.69,30.57,,,,,,,,,,trend_rider / BANKING / Strong Bullish,LOSING,UNPROFITABLE,-1.99,0.17,,,,,,,,,,/learning-insights,Losing patterns:trend_rider / BANKING / Strong Bullish,,,,Deterministic aggregation of simulated historical trades. Research only.
2026-07-14T15:06:53Z,v0.5,Phase 5,Learning Insights,Losing patterns,,pattern,macd_cross / FINANCE / Bullish,,,macd_cross,,FINANCE,Bullish,,,,,WEAK,22,22,,,,,0.27,-1.94,13.6,-0.55,-0.6,38.43,,,,,,,,,,macd_cross / FINANCE / Bullish,LOSING,UNPROFITABLE,-1.94,0.27,,,,,,,,,,/learning-insights,Losing patterns:macd_cross / FINANCE / Bullish,,,,Deterministic aggregation of simulated historical trades. Research only.
2026-07-14T15:06:53Z,v0.5,Phase 5,Learning Insights,Losing patterns,,pattern,macd_cross / FINANCE / Strong Bullish,,,macd_cross,,FINANCE,Strong Bullish,,,,,WEAK,14,14,,,,,0.35,-1.92,14.3,-0.47,-0.56,24.69,,,,,,,,,,macd_cross / FINANCE / Strong Bullish,LOSING,UNPROFITABLE,-1.92,0.35,,,,,,,,,,/learning-insights,Losing patterns:macd_cross / FINANCE / Strong Bullish,,,,Deterministic aggregation of simulated historical trades. Research only.
2026-07-14T15:06:53Z,v0.5,Phase 5,Learning Insights,Losing patterns,,pattern,mean_reversion / ENERGY / Bearish,,,mean_reversion,,ENERGY,Bearish,,,,,WEAK,15,15,,,,,0.32,-1.89,26.7,-0.57,-0.57,29.33,,,,,,,,,,mean_reversion / ENERGY / Bearish,LOSING,UNPROFITABLE,-1.89,0.32,,,,,,,,,,/learning-insights,Losing patterns:mean_reversion / ENERGY / Bearish,,,,Deterministic aggregation of simulated historical trades. Research only.
2026-07-14T15:06:53Z,v0.5,Phase 5,Learning Insights,Losing patterns,,pattern,supertrend_follow / INFRA / Bearish,,,supertrend_follow,,INFRA,Bearish,,,,,WEAK,14,14,,,,,0.62,-1.81,35.7,-0.19,-0.29,47.87,,,,,,,,,,supertrend_follow / INFRA / Bearish,LOSING,UNPROFITABLE,-1.81,0.62,,,,,,,,,,/learning-insights,Losing patterns:supertrend_follow / INFRA / Bearish,,,,Deterministic aggregation of simulated historical trades. Research only.
2026-07-14T15:06:53Z,v0.5,Phase 5,Learning Insights,Strategy-level findings,,pattern,trend_rider,,,trend_rider,,,,,,,,STRONG,635,635,,,,,1.43,0.94,35.7,0.14,0.32,92.08,,,,,,,,,,trend_rider,STRATEGY,PROFITABLE,0.94,1.43,,,,,,,,,,/learning-insights,Strategy-level findings:trend_rider,,,,Deterministic aggregation of simulated historical trades. Research only.
2026-07-14T15:06:53Z,v0.5,Phase 5,Learning Insights,Strategy-level findings,,pattern,supertrend_follow,,,supertrend_follow,,,,,,,,STRONG,369,369,,,,,1.33,1.04,39.6,0.11,0.23,93.86,,,,,,,,,,supertrend_follow,STRATEGY,PROFITABLE,1.04,1.33,,,,,,,,,,/learning-insights,Strategy-level findings:supertrend_follow,,,,Deterministic aggregation of simulated historical trades. Research only.
2026-07-14T15:06:53Z,v0.5,Phase 5,Learning Insights,Strategy-level findings,,pattern,macd_cross,,,macd_cross,,,,,,,,STRONG,933,933,,,,,1.27,0.48,35.6,0.09,0.19,95.99,,,,,,,,,,macd_cross,STRATEGY,PROFITABLE,0.48,1.27,,,,,,,,,,/learning-insights,Strategy-level findings:macd_cross,,,,Deterministic aggregation of simulated historical trades. Research only.
2026-07-14T15:06:53Z,v0.5,Phase 5,Learning Insights,Strategy-level findings,,pattern,ema_cross,,,ema_cross,,,,,,,,STRONG,646,646,,,,,1.2,0.42,33.6,0.08,0.15,91.49,,,,,,,,,,ema_cross,STRATEGY,PROFITABLE,0.42,1.2,,,,,,,,,,/learning-insights,Strategy-level findings:ema_cross,,,,Deterministic aggregation of simulated historical trades. Research only.
2026-07-14T15:06:53Z,v0.5,Phase 5,Learning Insights,Strategy-level findings,,pattern,mean_reversion,,,mean_reversion,,,,,,,,STRONG,587,587,,,,,1.18,0.32,50.8,0.08,0.13,88.0,,,,,,,,,,mean_reversion,STRATEGY,PROFITABLE,0.32,1.18,,,,,,,,,,/learning-insights,Strategy-level findings:mean_reversion,,,,Deterministic aggregation of simulated historical trades. Research only.
2026-07-14T15:06:53Z,v0.5,Phase 5,Learning Insights,Strategy-level findings,,pattern,breakout_hunter,,,breakout_hunter,,,,,,,,STRONG,185,185,,,,,0.97,-0.07,36.8,-0.01,-0.02,87.88,,,,,,,,,,breakout_hunter,STRATEGY,UNPROFITABLE,-0.07,0.97,,,,,,,,,,/learning-insights,Strategy-level findings:breakout_hunter,,,,Deterministic aggregation of simulated historical trades. Research only.
2026-07-14T15:06:53Z,v0.5,Phase 5,Learning Insights,Sector-level findings,,pattern,supertrend_follow / CONSUMER,,,supertrend_follow,,CONSUMER,,,,,,WEAK,23,23,,,,,2.08,3.19,52.2,0.25,0.71,21.29,,,,,,,,,,supertrend_follow / CONSUMER,SECTOR,PROFITABLE,3.19,2.08,,,,,,,,,,/learning-insights,Sector-level findings:supertrend_follow / CONSUMER,,,,Deterministic aggregation of simulated historical trades. Research only.
2026-07-14T15:06:53Z,v0.5,Phase 5,Learning Insights,Sector-level findings,,pattern,supertrend_follow / METALS,,,supertrend_follow,,METALS,,,,,,MODERATE,40,40,,,,,1.92,2.88,50.0,0.23,0.59,62.57,,,,,,,,,,supertrend_follow / METALS,SECTOR,PROFITABLE,2.88,1.92,,,,,,,,,,/learning-insights,Sector-level findings:supertrend_follow / METALS,,,,Deterministic aggregation of simulated historical trades. Research only.
2026-07-14T15:06:53Z,v0.5,Phase 5,Learning Insights,Sector-level findings,,pattern,supertrend_follow / IT,,,supertrend_follow,,IT,,,,,,MODERATE,43,43,,,,,1.66,2.14,39.5,0.19,0.46,54.89,,,,,,,,,,supertrend_follow / IT,SECTOR,PROFITABLE,2.14,1.66,,,,,,,,,,/learning-insights,Sector-level findings:supertrend_follow / IT,,,,Deterministic aggregation of simulated historical trades. Research only.
2026-07-14T15:06:53Z,v0.5,Phase 5,Learning Insights,Sector-level findings,,pattern,trend_rider / TELECOM,,,trend_rider,,TELECOM,,,,,,WEAK,20,20,,,,,1.96,2.02,35.0,0.27,0.73,10.15,,,,,,,,,,trend_rider / TELECOM,SECTOR,PROFITABLE,2.02,1.96,,,,,,,,,,/learning-insights,Sector-level findings:trend_rider / TELECOM,,,,Deterministic aggregation of simulated historical trades. Research only.
2026-07-14T15:06:53Z,v0.5,Phase 5,Learning Insights,Sector-level findings,,pattern,trend_rider / ENERGY,,,trend_rider,,ENERGY,,,,,,MODERATE,77,77,,,,,2.01,1.86,44.2,0.25,0.69,48.13,,,,,,,,,,trend_rider / ENERGY,SECTOR,PROFITABLE,1.86,2.01,,,,,,,,,,/learning-insights,Sector-level findings:trend_rider / ENERGY,,,,Deterministic aggregation of simulated historical trades. Research only.
2026-07-14T15:06:53Z,v0.5,Phase 5,Learning Insights,Sector-level findings,,pattern,trend_rider / AUTO,,,trend_rider,,AUTO,,,,,,MODERATE,46,46,,,,,1.7,1.82,34.8,0.22,0.53,29.1,,,,,,,,,,trend_rider / AUTO,SECTOR,PROFITABLE,1.82,1.7,,,,,,,,,,/learning-insights,Sector-level findings:trend_rider / AUTO,,,,Deterministic aggregation of simulated historical trades. Research only.
2026-07-14T15:06:53Z,v0.5,Phase 5,Learning Insights,Sector-level findings,,pattern,supertrend_follow / FINANCE,,,supertrend_follow,,FINANCE,,,,,,MODERATE,47,47,,,,,1.43,1.44,36.2,0.13,0.31,43.84,,,,,,,,,,supertrend_follow / FINANCE,SECTOR,PROFITABLE,1.44,1.43,,,,,,,,,,/learning-insights,Sector-level findings:supertrend_follow / FINANCE,,,,Deterministic aggregation of simulated historical trades. Research only.
2026-07-14T15:06:53Z,v0.5,Phase 5,Learning Insights,Sector-level findings,,pattern,ema_cross / INFRA,,,ema_cross,,INFRA,,,,,,MODERATE,44,44,,,,,1.7,1.44,40.9,0.22,0.5,31.4,,,,,,,,,,ema_cross / INFRA,SECTOR,PROFITABLE,1.44,1.7,,,,,,,,,,/learning-insights,Sector-level findings:ema_cross / INFRA,,,,Deterministic aggregation of simulated historical trades. Research only.
2026-07-14T15:06:53Z,v0.5,Phase 5,Learning Insights,Sector-level findings,,pattern,trend_rider / FMCG,,,trend_rider,,FMCG,,,,,,MODERATE,51,51,,,,,1.7,1.18,43.1,0.2,0.48,16.13,,,,,,,,,,trend_rider / FMCG,SECTOR,PROFITABLE,1.18,1.7,,,,,,,,,,/learning-insights,Sector-level findings:trend_rider / FMCG,,,,Deterministic aggregation of simulated historical trades. Research only.
2026-07-14T15:06:53Z,v0.5,Phase 5,Learning Insights,Sector-level findings,,pattern,supertrend_follow / PHARMA,,,supertrend_follow,,PHARMA,,,,,,WEAK,27,27,,,,,1.41,1.13,40.7,0.13,0.29,39.99,,,,,,,,,,supertrend_follow / PHARMA,SECTOR,PROFITABLE,1.13,1.41,,,,,,,,,,/learning-insights,Sector-level findings:supertrend_follow / PHARMA,,,,Deterministic aggregation of simulated historical trades. Research only.
2026-07-14T15:06:53Z,v0.5,Phase 5,Learning Insights,Sector-level findings,,pattern,macd_cross / BANKING,,,macd_cross,,BANKING,,,,,,STRONG,139,139,,,,,1.51,0.7,37.4,0.15,0.35,26.37,,,,,,,,,,macd_cross / BANKING,SECTOR,PROFITABLE,0.7,1.51,,,,,,,,,,/learning-insights,Sector-level findings:macd_cross / BANKING,,,,Deterministic aggregation of simulated historical trades. Research only.
2026-07-14T15:06:53Z,v0.5,Phase 5,Learning Insights,Regime-level findings,,pattern,macd_cross / High Volatility,,,macd_cross,,,High Volatility,,,,,MODERATE,68,68,,,,,8.6,5.44,72.1,0.77,3.28,17.42,,,,,,,,,,macd_cross / High Volatility,REGIME,PROFITABLE,5.44,8.6,,,,,,,,,,/learning-insights,Regime-level findings:macd_cross / High Volatility,,,,Deterministic aggregation of simulated historical trades. Research only.
2026-07-14T15:06:53Z,v0.5,Phase 5,Learning Insights,Regime-level findings,,pattern,supertrend_follow / Neutral,,,supertrend_follow,,,Neutral,,,,,WEAK,29,29,,,,,2.63,3.68,51.7,0.34,1.0,18.69,,,,,,,,,,supertrend_follow / Neutral,REGIME,PROFITABLE,3.68,2.63,,,,,,,,,,/learning-insights,Regime-level findings:supertrend_follow / Neutral,,,,Deterministic aggregation of simulated historical trades. Research only.
2026-07-14T15:06:53Z,v0.5,Phase 5,Learning Insights,Regime-level findings,,pattern,supertrend_follow / Low Volatility,,,supertrend_follow,,,Low Volatility,,,,,MODERATE,37,37,,,,,2.64,3.07,51.4,0.34,1.0,36.16,,,,,,,,,,supertrend_follow / Low Volatility,REGIME,PROFITABLE,3.07,2.64,,,,,,,,,,/learning-insights,Regime-level findings:supertrend_follow / Low Volatility,,,,Deterministic aggregation of simulated historical trades. Research only.
2026-07-14T15:06:53Z,v0.5,Phase 5,Learning Insights,Regime-level findings,,pattern,breakout_hunter / Bullish,,,breakout_hunter,,,Bullish,,,,,MODERATE,45,45,,,,,1.64,1.25,51.1,0.2,0.39,29.1,,,,,,,,,,breakout_hunter / Bullish,REGIME,PROFITABLE,1.25,1.64,,,,,,,,,,/learning-insights,Regime-level findings:breakout_hunter / Bullish,,,,Deterministic aggregation of simulated historical trades. Research only.
2026-07-14T15:06:53Z,v0.5,Phase 5,Learning Insights,Regime-level findings,,pattern,ema_cross / Strong Bearish,,,ema_cross,,,Strong Bearish,,,,,WEAK,20,20,,,,,1.62,1.23,40.0,0.21,0.44,17.82,,,,,,,,,,ema_cross / Strong Bearish,REGIME,PROFITABLE,1.23,1.62,,,,,,,,,,/learning-insights,Regime-level findings:ema_cross / Strong Bearish,,,,Deterministic aggregation of simulated historical trades. Research only.
2026-07-14T15:06:53Z,v0.5,Phase 5,Learning Insights,Regime-level findings,,pattern,supertrend_follow / Bearish,,,supertrend_follow,,,Bearish,,,,,STRONG,138,138,,,,,1.11,0.37,39.1,0.04,0.08,92.97,,,,,,,,,,supertrend_follow / Bearish,REGIME,PROFITABLE,0.37,1.11,,,,,,,,,,/learning-insights,Regime-level findings:supertrend_follow / Bearish,,,,Deterministic aggregation of simulated historical trades. Research only.
2026-07-14T15:06:53Z,v0.5,Phase 5,Learning Insights,Regime-level findings,,pattern,trend_rider / Strong Bullish,,,trend_rider,,,Strong Bullish,,,,,MODERATE,89,89,,,,,1.11,0.26,29.2,0.04,0.09,64.58,,,,,,,,,,trend_rider / Strong Bullish,REGIME,PROFITABLE,0.26,1.11,,,,,,,,,,/learning-insights,Regime-level findings:trend_rider / Strong Bullish,,,,Deterministic aggregation of simulated historical trades. Research only.
2026-07-14T15:06:53Z,v0.5,Phase 5,Learning Insights,Confidence-band findings,,confidence_band,75-85,,,,,,,,,,,STRONG,,131,,,3.89,,,0.03,56.49,,,,,,,,,,,,,,,,,,,,,,,,,,,/research-intelligence,band:75-85,,,,From cross-experiment OOS trades.
2026-07-14T15:06:53Z,v0.5,Phase 5,Learning Insights,Confidence-band findings,,confidence_band,85+,,,,,,,,,,,INSUFFICIENT,,8,,,-134.6,,,-16.82,25.0,,,,,,,,,,,,,,,,,,,,,,,,,,,/research-intelligence,band:85+,,,,From cross-experiment OOS trades.
2026-07-14T15:06:53Z,v0.5,Phase 5,Learning Insights,Confidence-band findings,,confidence_band,65-75,,,,,,,,,,,MODERATE,,52,,,-223.48,,,-4.3,30.77,,,,,,,,,,,,,,,,,,,,,,,,,,,/research-intelligence,band:65-75,,,,From cross-experiment OOS trades.
2026-07-14T15:06:53Z,v0.5,Phase 5,Learning Insights,Confidence-band findings,,confidence_band,55-65,,,,,,,,,,,MODERATE,,45,,,-289.29,,,-6.43,28.89,,,,,,,,,,,,,,,,,,,,,,,,,,,/research-intelligence,band:55-65,,,,From cross-experiment OOS trades.
2026-07-14T15:06:53Z,v0.5,Phase 5,Learning Review,Model versions,,model_version,Active model v0,,,,,,,0,analysis,,,,3,,,,,,,,,,,,,,,,,,,,,,,,,,,,,,,,,,,/learning-review,model_v0,,,,"{""successful_predictions"":2,""failed_predictions"":1,""avg_prediction_error"":-2.03,""calibration_score"":null}"
2026-07-14T15:06:53Z,v0.5,Phase 5,Learning Review,Before-versus-after comparisons,,calibration_band,50-59,,,,,,,,,,50-59,INSUFFICIENT,,0,,,,,,,,,,,,,,,,,,,,,,,,,No data,,,,0.0,,,,,/learning-review,cal_band:50-59,,,,"{""predicted_success_rate"":54.5,""actual_success_rate"":null,""gap"":null}"
2026-07-14T15:06:53Z,v0.5,Phase 5,Learning Review,Before-versus-after comparisons,,calibration_band,60-69,,,,,,,,,,60-69,INSUFFICIENT,,0,,,,,,,,,,,,,,,,,,,,,,,,,No data,,,,0.0,,,,,/learning-review,cal_band:60-69,,,,"{""predicted_success_rate"":64.5,""actual_success_rate"":null,""gap"":null}"
2026-07-14T15:06:53Z,v0.5,Phase 5,Learning Review,Before-versus-after comparisons,,calibration_band,70-79,,,,,,,,,,70-79,INSUFFICIENT,,0,,,,,,,,,,,,,,,,,,,,,,,,,No data,,,,0.0,,,,,/learning-review,cal_band:70-79,,,,"{""predicted_success_rate"":74.5,""actual_success_rate"":null,""gap"":null}"
2026-07-14T15:06:53Z,v0.5,Phase 5,Learning Review,Before-versus-after comparisons,,calibration_band,80-89,,,,,,,,,,80-89,INSUFFICIENT,,0,,,,,,,,,,,,,,,,,,,,,,,,,No data,,,,0.0,,,,,/learning-review,cal_band:80-89,,,,"{""predicted_success_rate"":84.5,""actual_success_rate"":null,""gap"":null}"
2026-07-14T15:06:53Z,v0.5,Phase 5,Learning Review,Before-versus-after comparisons,,calibration_band,90-95,,,,,,,,,,90-95,INSUFFICIENT,,0,,,,,,,,,,,,,,,,,,,,,,,,,No data,,,,0.0,,,,,/learning-review,cal_band:90-95,,,,"{""predicted_success_rate"":92.5,""actual_success_rate"":null,""gap"":null}"
2026-07-14T15:06:53Z,v0.5,Phase 5,Learning Review,Recommendation history,,empty_result,,,,,,,,,EMPTY,,,,,,,,,,,,,,,,,,,,,,,,,,,,,,,,,,,,,,,/learning-review,,,,,No proposed adjustments recorded — shown honestly as empty.
2026-07-14T15:06:53Z,v0.5,Phase 5,Learning Review,Learning timeline,,timeline_event,Experiment completed: Bear market test,,,,,,,,experiment_completed,,,,,,,,,,,,,,,,,,,,,,,,,,,,,,,,,,,,,,,/research-intelligence,timeline:2026-07-14T04:08:12.665733,,,,"{""verdict"":""INSUFFICIENT DATA"",""oos_trades"":63,""net_return_pct"":-1.71,""score"":17.0,""ece_before"":0.2781,""ece_after"":0.2781,""report_version"":1}"
2026-07-14T15:06:53Z,v0.5,Phase 5,Learning Review,Learning timeline,,timeline_event,Experiment completed: Submission Pipeline Test,,,,,,,,experiment_completed,,,,,,,,,,,,,,,,,,,,,,,,,,,,,,,,,,,,,,,/research-intelligence,timeline:2026-07-14T05:44:44.715015,,,,"{""verdict"":""INSUFFICIENT DATA"",""oos_trades"":10,""net_return_pct"":-1.2,""score"":17.0,""ece_before"":0.4363,""ece_after"":0.3168,""report_version"":2}"
2026-07-14T15:06:53Z,v0.5,Phase 5,Learning Review,Learning timeline,,timeline_event,Experiment completed: Bear Market Smoke Test,,,,,,,,experiment_completed,,,,,,,,,,,,,,,,,,,,,,,,,,,,,,,,,,,,,,,/research-intelligence,timeline:2026-07-14T08:26:02.378012,,,,"{""verdict"":null,""oos_trades"":null,""net_return_pct"":null,""score"":null,""ece_before"":null,""ece_after"":null,""report_version"":null}"
2026-07-14T15:06:53Z,v0.5,Phase 5,Learning Review,Learning timeline,,timeline_event,Experiment completed: Bear Market (verify fix),,,,,,,,experiment_completed,,,,,,,,,,,,,,,,,,,,,,,,,,,,,,,,,,,,,,,/research-intelligence,timeline:2026-07-14T10:05:47.058508,,,,"{""verdict"":""INSUFFICIENT DATA"",""oos_trades"":63,""net_return_pct"":-1.71,""score"":17.0,""ece_before"":0.2781,""ece_after"":0.2781,""report_version"":2}"
2026-07-14T15:06:53Z,v0.5,Phase 5,Learning Review,Learning timeline,,timeline_event,Experiment completed: Bull Market — Jul 2026,,,,,,,,experiment_completed,,,,,,,,,,,,,,,,,,,,,,,,,,,,,,,,,,,,,,,/research-intelligence,timeline:2026-07-14T12:27:14.849732,,,,"{""verdict"":""INSUFFICIENT DATA"",""oos_trades"":37,""net_return_pct"":-6.55,""score"":17.0,""ece_before"":0.4441,""ece_after"":0.2755,""report_version"":4}"
2026-07-14T15:06:53Z,v0.5,Phase 5,Learning Review,Learning timeline,,timeline_event,Research report v1 — Bull Market — Jul 2026,,,,,,,,report_generated,,,,,,,,,,,,,,,,,,,,,,,,,,,,,,,,,,,,,,,/research-intelligence,timeline:2026-07-14T13:04:29.359600+00:00,,,,"{""version"":1}"
2026-07-14T15:06:53Z,v0.5,Phase 5,Learning Review,Learning timeline,,timeline_event,Research report v2 — Bull Market — Jul 2026,,,,,,,,report_generated,,,,,,,,,,,,,,,,,,,,,,,,,,,,,,,,,,,,,,,/research-intelligence,timeline:2026-07-14T13:07:34.386819+00:00,,,,"{""version"":2}"
2026-07-14T15:06:53Z,v0.5,Phase 5,Learning Review,Learning timeline,,timeline_event,Research report v1 — Bear Market (verify fix),,,,,,,,report_generated,,,,,,,,,,,,,,,,,,,,,,,,,,,,,,,,,,,,,,,/research-intelligence,timeline:2026-07-14T13:07:46.642063+00:00,,,,"{""version"":1}"
2026-07-14T15:06:53Z,v0.5,Phase 5,Learning Review,Learning timeline,,timeline_event,Research report v1 — Submission Pipeline Test,,,,,,,,report_generated,,,,,,,,,,,,,,,,,,,,,,,,,,,,,,,,,,,,,,,/research-intelligence,timeline:2026-07-14T13:07:47.498491+00:00,,,,"{""version"":1}"
2026-07-14T15:06:53Z,v0.5,Phase 5,Learning Review,Learning timeline,,timeline_event,Research report v3 — Bull Market — Jul 2026,,,,,,,,report_generated,,,,,,,,,,,,,,,,,,,,,,,,,,,,,,,,,,,,,,,/research-intelligence,timeline:2026-07-14T13:18:25.145839+00:00,,,,"{""version"":3}"
2026-07-14T15:06:53Z,v0.5,Phase 5,Learning Review,Learning timeline,,timeline_event,Research report v4 — Bull Market — Jul 2026,,,,,,,,report_generated,,,,,,,,,,,,,,,,,,,,,,,,,,,,,,,,,,,,,,,/research-intelligence,timeline:2026-07-14T13:44:00.602538+00:00,,,,"{""version"":4}"
2026-07-14T15:06:53Z,v0.5,Phase 5,Learning Review,Learning timeline,,timeline_event,Research report v2 — Bear Market (verify fix),,,,,,,,report_generated,,,,,,,,,,,,,,,,,,,,,,,,,,,,,,,,,,,,,,,/research-intelligence,timeline:2026-07-14T13:44:01.351514+00:00,,,,"{""version"":2}"
2026-07-14T15:06:53Z,v0.5,Phase 5,Learning Review,Learning timeline,,timeline_event,Research report v2 — Submission Pipeline Test,,,,,,,,report_generated,,,,,,,,,,,,,,,,,,,,,,,,,,,,,,,,,,,,,,,/research-intelligence,timeline:2026-07-14T13:44:02.105746+00:00,,,,"{""version"":2}"
2026-07-14T15:06:53Z,v0.5,Phase 5,Learning Review,Learning timeline,,timeline_event,Research report v1 — Bear market test,,,,,,,,report_generated,,,,,,,,,,,,,,,,,,,,,,,,,,,,,,,,,,,,,,,/research-intelligence,timeline:2026-07-14T14:07:02.486094+00:00,,,,"{""version"":1}"
2026-07-14T15:06:53Z,v0.5,Phase 5,Learning Review,Learning timeline,,timeline_event,Discovery: Mean Reversion performed best in Neutral-Bullish conditions,,,,,,,,discovery,,,,,,,,,,,,,,,,,,,,,,,,,,,,,,,,,,,,,,,/research-intelligence,timeline:2026-07-14T15:06:53.506822+00:00,,,,"{""evidence"":{""trades"":32,""metric"":""expectancy \u20b99.47""},""confidence_level"":""MEDIUM""}"
2026-07-14T15:06:53Z,v0.5,Phase 5,Learning Review,Learning timeline,,timeline_event,Discovery: Trend Rider performed best in Bullish conditions,,,,,,,,discovery,,,,,,,,,,,,,,,,,,,,,,,,,,,,,,,,,,,,,,,/research-intelligence,timeline:2026-07-14T15:06:53.506836+00:00,,,,"{""evidence"":{""trades"":15,""metric"":""expectancy \u20b99.27""},""confidence_level"":""LOW""}"
2026-07-14T15:06:53Z,v0.5,Phase 5,Learning Review,Learning timeline,,timeline_event,Discovery: MACD Cross performed best in Neutral-Bullish conditions,,,,,,,,discovery,,,,,,,,,,,,,,,,,,,,,,,,,,,,,,,,,,,,,,,/research-intelligence,timeline:2026-07-14T15:06:53.506839+00:00,,,,"{""evidence"":{""trades"":15,""metric"":""expectancy \u20b97.21""},""confidence_level"":""LOW""}"
2026-07-14T15:06:53Z,v0.5,Phase 5,Learning Review,Learning timeline,,timeline_event,Discovery: MACD Cross struggled in Bullish conditions,,,,,,,,discovery,,,,,,,,,,,,,,,,,,,,,,,,,,,,,,,,,,,,,,,/research-intelligence,timeline:2026-07-14T15:06:53.506841+00:00,,,,"{""evidence"":{""trades"":13,""metric"":""expectancy \u20b9-26.59""},""confidence_level"":""LOW""}"
2026-07-14T15:06:53Z,v0.5,Phase 5,Learning Review,Learning timeline,,timeline_event,Discovery: Trend Rider struggled in Neutral-Bullish conditions,,,,,,,,discovery,,,,,,,,,,,,,,,,,,,,,,,,,,,,,,,,,,,,,,,/research-intelligence,timeline:2026-07-14T15:06:53.506842+00:00,,,,"{""evidence"":{""trades"":15,""metric"":""expectancy \u20b9-23.29""},""confidence_level"":""LOW""}"
2026-07-14T15:06:53Z,v0.5,Phase 5,Pattern Quality,Pattern stability,,pattern_quality,supertrend_follow / IT / High Volatility,,,supertrend_follow,,IT,High Volatility,,,,,WEAK,10,10,,,,,,,50.0,0.31,,,,,,50.0,,5,,,,supertrend_follow / IT / High Volatility,AGGREGATE,PROFITABLE,4.91,2.15,,,,,,,,,,/pattern-quality,pq:supertrend_follow / IT / High Volatility,,,,"{""wins"":5,""losses"":5,""note"":""precision approximated by win rate (pattern hit rate); recall/false negatives not tracked \u2014 left blank""}"
2026-07-14T15:06:53Z,v0.5,Phase 5,Pattern Quality,Pattern stability,,pattern_quality,trend_rider / PHARMA / Neutral,,,trend_rider,,PHARMA,Neutral,,,,,WEAK,10,10,,,,,,,60.0,0.62,,,,,,60.0,,4,,,,trend_rider / PHARMA / Neutral,AGGREGATE,PROFITABLE,4.72,4.75,,,,,,,,,,/pattern-quality,pq:trend_rider / PHARMA / Neutral,,,,"{""wins"":6,""losses"":4,""note"":""precision approximated by win rate (pattern hit rate); recall/false negatives not tracked \u2014 left blank""}"
2026-07-14T15:06:53Z,v0.5,Phase 5,Pattern Quality,Pattern stability,,pattern_quality,macd_cross / FINANCE / High Volatility,,,macd_cross,,FINANCE,High Volatility,,,,,WEAK,11,11,,,,,,,63.6,0.55,,,,,,63.6,,4,,,,macd_cross / FINANCE / High Volatility,AGGREGATE,PROFITABLE,4.66,4.48,,,,,,,,,,/pattern-quality,pq:macd_cross / FINANCE / High Volatility,,,,"{""wins"":7,""losses"":4,""note"":""precision approximated by win rate (pattern hit rate); recall/false negatives not tracked \u2014 left blank""}"
2026-07-14T15:06:53Z,v0.5,Phase 5,Pattern Quality,Pattern stability,,pattern_quality,trend_rider / AUTO / Neutral,,,trend_rider,,AUTO,Neutral,,,,,WEAK,13,13,,,,,,,46.2,0.44,,,,,,46.2,,7,,,,trend_rider / AUTO / Neutral,AGGREGATE,PROFITABLE,3.95,2.84,,,,,,,,,,/pattern-quality,pq:trend_rider / AUTO / Neutral,,,,"{""wins"":6,""losses"":7,""note"":""precision approximated by win rate (pattern hit rate); recall/false negatives not tracked \u2014 left blank""}"
2026-07-14T15:06:53Z,v0.5,Phase 5,Pattern Quality,Pattern stability,,pattern_quality,ema_cross / METALS / Bullish,,,ema_cross,,METALS,Bullish,,,,,WEAK,16,16,,,,,,,56.2,0.6,,,,,,56.2,,7,,,,ema_cross / METALS / Bullish,AGGREGATE,PROFITABLE,3.63,4.01,,,,,,,,,,/pattern-quality,pq:ema_cross / METALS / Bullish,,,,"{""wins"":9,""losses"":7,""note"":""precision approximated by win rate (pattern hit rate); recall/false negatives not tracked \u2014 left blank""}"
2026-07-14T15:06:53Z,v0.5,Phase 5,Pattern Quality,Pattern stability,,pattern_quality,trend_rider / IT / Bullish,,,trend_rider,,IT,Bullish,,,,,WEAK,11,11,,,,,,,45.5,0.48,,,,,,45.5,,6,,,,trend_rider / IT / Bullish,AGGREGATE,PROFITABLE,3.49,3.14,,,,,,,,,,/pattern-quality,pq:trend_rider / IT / Bullish,,,,"{""wins"":5,""losses"":6,""note"":""precision approximated by win rate (pattern hit rate); recall/false negatives not tracked \u2014 left blank""}"
2026-07-14T15:06:53Z,v0.5,Phase 5,Pattern Quality,Pattern stability,,pattern_quality,macd_cross / IT / Strong Bullish,,,macd_cross,,IT,Strong Bullish,,,,,WEAK,10,10,,,,,,,50.0,0.52,,,,,,50.0,,5,,,,macd_cross / IT / Strong Bullish,AGGREGATE,PROFITABLE,3.48,4.49,,,,,,,,,,/pattern-quality,pq:macd_cross / IT / Strong Bullish,,,,"{""wins"":5,""losses"":5,""note"":""precision approximated by win rate (pattern hit rate); recall/false negatives not tracked \u2014 left blank""}"
2026-07-14T15:06:53Z,v0.5,Phase 5,Pattern Quality,Pattern stability,,pattern_quality,mean_reversion / METALS / Strong Bearish,,,mean_reversion,,METALS,Strong Bearish,,,,,WEAK,17,17,,,,,,,64.7,0.56,,,,,,64.7,,6,,,,mean_reversion / METALS / Strong Bearish,AGGREGATE,PROFITABLE,3.41,3.17,,,,,,,,,,/pattern-quality,pq:mean_reversion / METALS / Strong Bearish,,,,"{""wins"":11,""losses"":6,""note"":""precision approximated by win rate (pattern hit rate); recall/false negatives not tracked \u2014 left blank""}"
2026-07-14T15:06:53Z,v0.5,Phase 5,Pattern Quality,Pattern stability,,pattern_quality,supertrend_follow / FINANCE / Bearish,,,supertrend_follow,,FINANCE,Bearish,,,,,WEAK,19,19,,,,,,,42.1,0.27,,,,,,42.1,,11,,,,supertrend_follow / FINANCE / Bearish,AGGREGATE,PROFITABLE,3.12,2.09,,,,,,,,,,/pattern-quality,pq:supertrend_follow / FINANCE / Bearish,,,,"{""wins"":8,""losses"":11,""note"":""precision approximated by win rate (pattern hit rate); recall/false negatives not tracked \u2014 left blank""}"
2026-07-14T15:06:53Z,v0.5,Phase 5,Pattern Quality,Pattern stability,,pattern_quality,macd_cross / ENERGY / High Volatility,,,macd_cross,,ENERGY,High Volatility,,,,,WEAK,11,11,,,,,,,63.6,0.46,,,,,,63.6,,4,,,,macd_cross / ENERGY / High Volatility,AGGREGATE,PROFITABLE,3.07,4.76,,,,,,,,,,/pattern-quality,pq:macd_cross / ENERGY / High Volatility,,,,"{""wins"":7,""losses"":4,""note"":""precision approximated by win rate (pattern hit rate); recall/false negatives not tracked \u2014 left blank""}"
2026-07-14T15:06:53Z,v0.5,Phase 5,Pattern Quality,Pattern stability,,pattern_quality,supertrend_follow / IT / Bearish,,,supertrend_follow,,IT,Bearish,,,,,WEAK,13,13,,,,,,,38.5,0.32,,,,,,38.5,,8,,,,supertrend_follow / IT / Bearish,AGGREGATE,PROFITABLE,3.07,2.23,,,,,,,,,,/pattern-quality,pq:supertrend_follow / IT / Bearish,,,,"{""wins"":5,""losses"":8,""note"":""precision approximated by win rate (pattern hit rate); recall/false negatives not tracked \u2014 left blank""}"
2026-07-14T15:06:53Z,v0.5,Phase 5,Pattern Quality,Pattern stability,,pattern_quality,trend_rider / BANKING / Low Volatility,,,trend_rider,,BANKING,Low Volatility,,,,,WEAK,14,14,,,,,,,50.0,0.51,,,,,,50.0,,7,,,,trend_rider / BANKING / Low Volatility,AGGREGATE,PROFITABLE,2.92,3.45,,,,,,,,,,/pattern-quality,pq:trend_rider / BANKING / Low Volatility,,,,"{""wins"":7,""losses"":7,""note"":""precision approximated by win rate (pattern hit rate); recall/false negatives not tracked \u2014 left blank""}"
2026-07-14T15:06:53Z,v0.5,Phase 5,Pattern Quality,Pattern stability,,pattern_quality,mean_reversion / CONSUMER / Strong Bearish,,,mean_reversion,,CONSUMER,Strong Bearish,,,,,WEAK,10,10,,,,,,,70.0,0.55,,,,,,70.0,,3,,,,mean_reversion / CONSUMER / Strong Bearish,AGGREGATE,PROFITABLE,2.73,3.35,,,,,,,,,,/pattern-quality,pq:mean_reversion / CONSUMER / Strong Bearish,,,,"{""wins"":7,""losses"":3,""note"":""precision approximated by win rate (pattern hit rate); recall/false negatives not tracked \u2014 left blank""}"
2026-07-14T15:06:53Z,v0.5,Phase 5,Pattern Quality,Pattern stability,,pattern_quality,macd_cross / BANKING / High Volatility,,,macd_cross,,BANKING,High Volatility,,,,,WEAK,10,10,,,,,,,70.0,0.74,,,,,,70.0,,3,,,,macd_cross / BANKING / High Volatility,AGGREGATE,PROFITABLE,2.68,5.69,,,,,,,,,,/pattern-quality,pq:macd_cross / BANKING / High Volatility,,,,"{""wins"":7,""losses"":3,""note"":""precision approximated by win rate (pattern hit rate); recall/false negatives not tracked \u2014 left blank""}"
2026-07-14T15:06:53Z,v0.5,Phase 5,Pattern Quality,Pattern stability,,pattern_quality,trend_rider / METALS / Low Volatility,,,trend_rider,,METALS,Low Volatility,,,,,WEAK,12,12,,,,,,,50.0,0.37,,,,,,50.0,,6,,,,trend_rider / METALS / Low Volatility,AGGREGATE,PROFITABLE,2.57,2.53,,,,,,,,,,/pattern-quality,pq:trend_rider / METALS / Low Volatility,,,,"{""wins"":6,""losses"":6,""note"":""precision approximated by win rate (pattern hit rate); recall/false negatives not tracked \u2014 left blank""}"
2026-07-14T15:06:53Z,v0.5,Phase 5,Pattern Quality,Pattern stability,,pattern_quality,trend_rider / AUTO / Bullish,,,trend_rider,,AUTO,Bullish,,,,,WEAK,13,13,,,,,,,38.5,0.3,,,,,,38.5,,8,,,,trend_rider / AUTO / Bullish,AGGREGATE,PROFITABLE,2.56,2.07,,,,,,,,,,/pattern-quality,pq:trend_rider / AUTO / Bullish,,,,"{""wins"":5,""losses"":8,""note"":""precision approximated by win rate (pattern hit rate); recall/false negatives not tracked \u2014 left blank""}"
2026-07-14T15:06:53Z,v0.5,Phase 5,Pattern Quality,Pattern stability,,pattern_quality,supertrend_follow / BANKING / Bearish,,,supertrend_follow,,BANKING,Bearish,,,,,WEAK,18,18,,,,,,,50.0,0.3,,,,,,50.0,,9,,,,supertrend_follow / BANKING / Bearish,AGGREGATE,PROFITABLE,2.52,2.14,,,,,,,,,,/pattern-quality,pq:supertrend_follow / BANKING / Bearish,,,,"{""wins"":9,""losses"":9,""note"":""precision approximated by win rate (pattern hit rate); recall/false negatives not tracked \u2014 left blank""}"
2026-07-14T15:06:53Z,v0.5,Phase 5,Pattern Quality,Pattern stability,,pattern_quality,macd_cross / METALS / Bullish,,,macd_cross,,METALS,Bullish,,,,,WEAK,18,18,,,,,,,55.6,0.39,,,,,,55.6,,8,,,,macd_cross / METALS / Bullish,AGGREGATE,PROFITABLE,2.5,3.08,,,,,,,,,,/pattern-quality,pq:macd_cross / METALS / Bullish,,,,"{""wins"":10,""losses"":8,""note"":""precision approximated by win rate (pattern hit rate); recall/false negatives not tracked \u2014 left blank""}"
2026-07-14T15:06:53Z,v0.5,Phase 5,Pattern Quality,Pattern stability,,pattern_quality,trend_rider / FINANCE / Bearish,,,trend_rider,,FINANCE,Bearish,,,,,WEAK,20,20,,,,,,,50.0,0.31,,,,,,50.0,,10,,,,trend_rider / FINANCE / Bearish,AGGREGATE,PROFITABLE,2.43,2.21,,,,,,,,,,/pattern-quality,pq:trend_rider / FINANCE / Bearish,,,,"{""wins"":10,""losses"":10,""note"":""precision approximated by win rate (pattern hit rate); recall/false negatives not tracked \u2014 left blank""}"
2026-07-14T15:06:53Z,v0.5,Phase 5,Pattern Quality,Pattern stability,,pattern_quality,trend_rider / CONSUMER / Bullish,,,trend_rider,,CONSUMER,Bullish,,,,,WEAK,10,10,,,,,,,40.0,0.27,,,,,,40.0,,6,,,,trend_rider / CONSUMER / Bullish,AGGREGATE,PROFITABLE,2.27,2.09,,,,,,,,,,/pattern-quality,pq:trend_rider / CONSUMER / Bullish,,,,"{""wins"":4,""losses"":6,""note"":""precision approximated by win rate (pattern hit rate); recall/false negatives not tracked \u2014 left blank""}"
2026-07-14T15:06:53Z,v0.5,Phase 5,Pattern Quality,Pattern stability,,pattern_quality,mean_reversion / IT / Low Volatility,,,mean_reversion,,IT,Low Volatility,,,,,WEAK,14,14,,,,,,,71.4,0.65,,,,,,71.4,,4,,,,mean_reversion / IT / Low Volatility,AGGREGATE,PROFITABLE,2.21,3.52,,,,,,,,,,/pattern-quality,pq:mean_reversion / IT / Low Volatility,,,,"{""wins"":10,""losses"":4,""note"":""precision approximated by win rate (pattern hit rate); recall/false negatives not tracked \u2014 left blank""}"
2026-07-14T15:06:53Z,v0.5,Phase 5,Pattern Quality,Pattern stability,,pattern_quality,macd_cross / AUTO / Bearish,,,macd_cross,,AUTO,Bearish,,,,,WEAK,18,18,,,,,,,44.4,0.34,,,,,,44.4,,10,,,,macd_cross / AUTO / Bearish,AGGREGATE,PROFITABLE,2.19,2.43,,,,,,,,,,/pattern-quality,pq:macd_cross / AUTO / Bearish,,,,"{""wins"":8,""losses"":10,""note"":""precision approximated by win rate (pattern hit rate); recall/false negatives not tracked \u2014 left blank""}"
2026-07-14T15:06:53Z,v0.5,Phase 5,Pattern Quality,Pattern stability,,pattern_quality,trend_rider / IT / Low Volatility,,,trend_rider,,IT,Low Volatility,,,,,WEAK,13,13,,,,,,,53.8,0.34,,,,,,53.8,,6,,,,trend_rider / IT / Low Volatility,AGGREGATE,PROFITABLE,2.03,2.17,,,,,,,,,,/pattern-quality,pq:trend_rider / IT / Low Volatility,,,,"{""wins"":7,""losses"":6,""note"":""precision approximated by win rate (pattern hit rate); recall/false negatives not tracked \u2014 left blank""}"
2026-07-14T15:06:53Z,v0.5,Phase 5,Pattern Quality,Pattern stability,,pattern_quality,macd_cross / BANKING / Low Volatility,,,macd_cross,,BANKING,Low Volatility,,,,,WEAK,16,16,,,,,,,50.0,0.46,,,,,,50.0,,8,,,,macd_cross / BANKING / Low Volatility,AGGREGATE,PROFITABLE,1.85,3.68,,,,,,,,,,/pattern-quality,pq:macd_cross / BANKING / Low Volatility,,,,"{""wins"":8,""losses"":8,""note"":""precision approximated by win rate (pattern hit rate); recall/false negatives not tracked \u2014 left blank""}"
2026-07-14T15:06:53Z,v0.5,Phase 5,Pattern Quality,Pattern stability,,pattern_quality,trend_rider / FMCG / Neutral,,,trend_rider,,FMCG,Neutral,,,,,WEAK,12,12,,,,,,,41.7,0.28,,,,,,41.7,,7,,,,trend_rider / FMCG / Neutral,AGGREGATE,PROFITABLE,1.83,2.01,,,,,,,,,,/pattern-quality,pq:trend_rider / FMCG / Neutral,,,,"{""wins"":5,""losses"":7,""note"":""precision approximated by win rate (pattern hit rate); recall/false negatives not tracked \u2014 left blank""}"
2026-07-14T15:06:53Z,v0.5,Phase 5,Pattern Quality,Pattern stability,,pattern_quality,trend_rider / ENERGY / Bullish,,,trend_rider,,ENERGY,Bullish,,,,,WEAK,15,15,,,,,,,33.3,0.22,,,,,,33.3,,10,,,,trend_rider / ENERGY / Bullish,AGGREGATE,PROFITABLE,1.8,1.93,,,,,,,,,,/pattern-quality,pq:trend_rider / ENERGY / Bullish,,,,"{""wins"":5,""losses"":10,""note"":""precision approximated by win rate (pattern hit rate); recall/false negatives not tracked \u2014 left blank""}"
2026-07-14T15:06:53Z,v0.5,Phase 5,Pattern Quality,Pattern stability,,pattern_quality,mean_reversion / PHARMA / Strong Bearish,,,mean_reversion,,PHARMA,Strong Bearish,,,,,WEAK,12,12,,,,,,,66.7,0.48,,,,,,66.7,,4,,,,mean_reversion / PHARMA / Strong Bearish,AGGREGATE,PROFITABLE,1.78,2.69,,,,,,,,,,/pattern-quality,pq:mean_reversion / PHARMA / Strong Bearish,,,,"{""wins"":8,""losses"":4,""note"":""precision approximated by win rate (pattern hit rate); recall/false negatives not tracked \u2014 left blank""}"
2026-07-14T15:06:53Z,v0.5,Phase 5,Pattern Quality,Pattern stability,,pattern_quality,trend_rider / ENERGY / Low Volatility,,,trend_rider,,ENERGY,Low Volatility,,,,,WEAK,11,11,,,,,,,45.5,0.3,,,,,,45.5,,6,,,,trend_rider / ENERGY / Low Volatility,AGGREGATE,PROFITABLE,1.61,2.17,,,,,,,,,,/pattern-quality,pq:trend_rider / ENERGY / Low Volatility,,,,"{""wins"":5,""losses"":6,""note"":""precision approximated by win rate (pattern hit rate); recall/false negatives not tracked \u2014 left blank""}"
2026-07-14T15:06:53Z,v0.5,Phase 5,Pattern Quality,Pattern stability,,pattern_quality,mean_reversion / INFRA / Strong Bearish,,,mean_reversion,,INFRA,Strong Bearish,,,,,WEAK,12,12,,,,,,,58.3,0.33,,,,,,58.3,,5,,,,mean_reversion / INFRA / Strong Bearish,AGGREGATE,PROFITABLE,1.59,1.97,,,,,,,,,,/pattern-quality,pq:mean_reversion / INFRA / Strong Bearish,,,,"{""wins"":7,""losses"":5,""note"":""precision approximated by win rate (pattern hit rate); recall/false negatives not tracked \u2014 left blank""}"
2026-07-14T15:06:53Z,v0.5,Phase 5,Pattern Quality,Pattern stability,,pattern_quality,ema_cross / IT / High Volatility,,,ema_cross,,IT,High Volatility,,,,,WEAK,11,11,,,,,,,45.5,0.23,,,,,,45.5,,6,,,,ema_cross / IT / High Volatility,AGGREGATE,PROFITABLE,1.59,1.64,,,,,,,,,,/pattern-quality,pq:ema_cross / IT / High Volatility,,,,"{""wins"":5,""losses"":6,""note"":""precision approximated by win rate (pattern hit rate); recall/false negatives not tracked \u2014 left blank""}"
2026-07-14T15:06:53Z,v0.5,Phase 5,Pattern Quality,Pattern stability,,pattern_quality,ema_cross / METALS / Bearish,,,ema_cross,,METALS,Bearish,,,,,WEAK,19,19,,,,,,,47.4,0.24,,,,,,47.4,,10,,,,ema_cross / METALS / Bearish,AGGREGATE,PROFITABLE,1.54,1.68,,,,,,,,,,/pattern-quality,pq:ema_cross / METALS / Bearish,,,,"{""wins"":9,""losses"":10,""note"":""precision approximated by win rate (pattern hit rate); recall/false negatives not tracked \u2014 left blank""}"
2026-07-14T15:06:53Z,v0.5,Phase 5,Pattern Quality,Pattern stability,,pattern_quality,ema_cross / FMCG / Neutral,,,ema_cross,,FMCG,Neutral,,,,,WEAK,10,10,,,,,,,50.0,0.31,,,,,,50.0,,5,,,,ema_cross / FMCG / Neutral,AGGREGATE,PROFITABLE,1.42,2.02,,,,,,,,,,/pattern-quality,pq:ema_cross / FMCG / Neutral,,,,"{""wins"":5,""losses"":5,""note"":""precision approximated by win rate (pattern hit rate); recall/false negatives not tracked \u2014 left blank""}"
2026-07-14T15:06:53Z,v0.5,Phase 5,Pattern Quality,Pattern stability,,pattern_quality,macd_cross / AUTO / Bullish,,,macd_cross,,AUTO,Bullish,,,,,WEAK,15,15,,,,,,,53.3,0.26,,,,,,53.3,,7,,,,macd_cross / AUTO / Bullish,AGGREGATE,PROFITABLE,1.42,2.01,,,,,,,,,,/pattern-quality,pq:macd_cross / AUTO / Bullish,,,,"{""wins"":8,""losses"":7,""note"":""precision approximated by win rate (pattern hit rate); recall/false negatives not tracked \u2014 left blank""}"
2026-07-14T15:06:53Z,v0.5,Phase 5,Pattern Quality,Pattern stability,,pattern_quality,ema_cross / IT / Low Volatility,,,ema_cross,,IT,Low Volatility,,,,,WEAK,12,12,,,,,,,41.7,0.3,,,,,,41.7,,7,,,,ema_cross / IT / Low Volatility,AGGREGATE,PROFITABLE,1.41,1.97,,,,,,,,,,/pattern-quality,pq:ema_cross / IT / Low Volatility,,,,"{""wins"":5,""losses"":7,""note"":""precision approximated by win rate (pattern hit rate); recall/false negatives not tracked \u2014 left blank""}"
2026-07-14T15:06:53Z,v0.5,Phase 5,Pattern Quality,Pattern stability,,pattern_quality,supertrend_follow / CONSUMER / Bearish,,,supertrend_follow,,CONSUMER,Bearish,,,,,WEAK,10,10,,,,,,,50.0,0.14,,,,,,50.0,,5,,,,supertrend_follow / CONSUMER / Bearish,AGGREGATE,PROFITABLE,1.41,1.48,,,,,,,,,,/pattern-quality,pq:supertrend_follow / CONSUMER / Bearish,,,,"{""wins"":5,""losses"":5,""note"":""precision approximated by win rate (pattern hit rate); recall/false negatives not tracked \u2014 left blank""}"
2026-07-14T15:06:53Z,v0.5,Phase 5,Pattern Quality,Pattern stability,,pattern_quality,macd_cross / FMCG / Bullish,,,macd_cross,,FMCG,Bullish,,,,,WEAK,23,23,,,,,,,47.8,0.31,,,,,,47.8,,12,,,,macd_cross / FMCG / Bullish,AGGREGATE,PROFITABLE,1.4,2.25,,,,,,,,,,/pattern-quality,pq:macd_cross / FMCG / Bullish,,,,"{""wins"":11,""losses"":12,""note"":""precision approximated by win rate (pattern hit rate); recall/false negatives not tracked \u2014 left blank""}"
2026-07-14T15:06:53Z,v0.5,Phase 5,Pattern Quality,Pattern stability,,pattern_quality,mean_reversion / PHARMA / Neutral,,,mean_reversion,,PHARMA,Neutral,,,,,WEAK,13,13,,,,,,,69.2,0.37,,,,,,69.2,,4,,,,mean_reversion / PHARMA / Neutral,AGGREGATE,PROFITABLE,1.25,2.18,,,,,,,,,,/pattern-quality,pq:mean_reversion / PHARMA / Neutral,,,,"{""wins"":9,""losses"":4,""note"":""precision approximated by win rate (pattern hit rate); recall/false negatives not tracked \u2014 left blank""}"
2026-07-14T15:06:53Z,v0.5,Phase 5,Pattern Quality,Pattern stability,,pattern_quality,trend_rider / INFRA / Bearish,,,trend_rider,,INFRA,Bearish,,,,,WEAK,15,15,,,,,,,26.7,0.16,,,,,,26.7,,11,,,,trend_rider / INFRA / Bearish,AGGREGATE,PROFITABLE,1.24,1.51,,,,,,,,,,/pattern-quality,pq:trend_rider / INFRA / Bearish,,,,"{""wins"":4,""losses"":11,""note"":""precision approximated by win rate (pattern hit rate); recall/false negatives not tracked \u2014 left blank""}"
2026-07-14T15:06:53Z,v0.5,Phase 5,Pattern Quality,Pattern stability,,pattern_quality,mean_reversion / BANKING / Neutral,,,mean_reversion,,BANKING,Neutral,,,,,WEAK,29,29,,,,,,,62.1,0.34,,,,,,62.1,,11,,,,mean_reversion / BANKING / Neutral,AGGREGATE,PROFITABLE,1.22,2.06,,,,,,,,,,/pattern-quality,pq:mean_reversion / BANKING / Neutral,,,,"{""wins"":18,""losses"":11,""note"":""precision approximated by win rate (pattern hit rate); recall/false negatives not tracked \u2014 left blank""}"
2026-07-14T15:06:53Z,v0.5,Phase 5,Pattern Quality,Pattern stability,,pattern_quality,trend_rider / ENERGY / Strong Bullish,,,trend_rider,,ENERGY,Strong Bullish,,,,,WEAK,16,16,,,,,,,31.2,0.14,,,,,,31.2,,11,,,,trend_rider / ENERGY / Strong Bullish,AGGREGATE,PROFITABLE,1.02,1.4,,,,,,,,,,/pattern-quality,pq:trend_rider / ENERGY / Strong Bullish,,,,"{""wins"":5,""losses"":11,""note"":""precision approximated by win rate (pattern hit rate); recall/false negatives not tracked \u2014 left blank""}"
2026-07-14T15:06:53Z,v0.5,Phase 5,Pattern Quality,Pattern stability,,pattern_quality,macd_cross / BANKING / Bearish,,,macd_cross,,BANKING,Bearish,,,,,MODERATE,51,51,,,,,,,41.2,0.2,,,,,,41.2,,30,,,,macd_cross / BANKING / Bearish,AGGREGATE,PROFITABLE,1.0,1.72,,,,,,,,,,/pattern-quality,pq:macd_cross / BANKING / Bearish,,,,"{""wins"":21,""losses"":30,""note"":""precision approximated by win rate (pattern hit rate); recall/false negatives not tracked \u2014 left blank""}"
2026-07-14T15:06:53Z,v0.5,Phase 5,Pattern Quality,Pattern stability,,pattern_quality,ema_cross / INFRA / Bearish,,,ema_cross,,INFRA,Bearish,,,,,WEAK,19,19,,,,,,,36.8,0.15,,,,,,36.8,,12,,,,ema_cross / INFRA / Bearish,AGGREGATE,PROFITABLE,0.91,1.39,,,,,,,,,,/pattern-quality,pq:ema_cross / INFRA / Bearish,,,,"{""wins"":7,""losses"":12,""note"":""precision approximated by win rate (pattern hit rate); recall/false negatives not tracked \u2014 left blank""}"
2026-07-14T15:06:53Z,v0.5,Phase 5,Pattern Quality,Pattern stability,,pattern_quality,macd_cross / METALS / Bearish,,,macd_cross,,METALS,Bearish,,,,,WEAK,29,29,,,,,,,34.5,0.13,,,,,,34.5,,19,,,,macd_cross / METALS / Bearish,AGGREGATE,PROFITABLE,0.87,1.38,,,,,,,,,,/pattern-quality,pq:macd_cross / METALS / Bearish,,,,"{""wins"":10,""losses"":19,""note"":""precision approximated by win rate (pattern hit rate); recall/false negatives not tracked \u2014 left blank""}"
2026-07-14T15:06:53Z,v0.5,Phase 5,Pattern Quality,Pattern stability,,pattern_quality,mean_reversion / PHARMA / Bearish,,,mean_reversion,,PHARMA,Bearish,,,,,WEAK,15,15,,,,,,,60.0,0.22,,,,,,60.0,,6,,,,mean_reversion / PHARMA / Bearish,AGGREGATE,PROFITABLE,0.86,1.57,,,,,,,,,,/pattern-quality,pq:mean_reversion / PHARMA / Bearish,,,,"{""wins"":9,""losses"":6,""note"":""precision approximated by win rate (pattern hit rate); recall/false negatives not tracked \u2014 left blank""}"
2026-07-14T15:06:53Z,v0.5,Phase 5,Pattern Quality,Pattern stability,,pattern_quality,mean_reversion / METALS / Neutral,,,mean_reversion,,METALS,Neutral,,,,,WEAK,18,18,,,,,,,61.1,0.2,,,,,,61.1,,7,,,,mean_reversion / METALS / Neutral,AGGREGATE,PROFITABLE,0.85,1.57,,,,,,,,,,/pattern-quality,pq:mean_reversion / METALS / Neutral,,,,"{""wins"":11,""losses"":7,""note"":""precision approximated by win rate (pattern hit rate); recall/false negatives not tracked \u2014 left blank""}"
2026-07-14T15:06:53Z,v0.5,Phase 5,Pattern Quality,Pattern stability,,pattern_quality,macd_cross / IT / Low Volatility,,,macd_cross,,IT,Low Volatility,,,,,WEAK,13,13,,,,,,,53.8,0.21,,,,,,53.8,,6,,,,macd_cross / IT / Low Volatility,AGGREGATE,PROFITABLE,0.82,1.63,,,,,,,,,,/pattern-quality,pq:macd_cross / IT / Low Volatility,,,,"{""wins"":7,""losses"":6,""note"":""precision approximated by win rate (pattern hit rate); recall/false negatives not tracked \u2014 left blank""}"
2026-07-14T15:06:53Z,v0.5,Phase 5,Pattern Quality,Pattern stability,,pattern_quality,mean_reversion / CONSUMER / Low Volatility,,,mean_reversion,,CONSUMER,Low Volatility,,,,,WEAK,10,10,,,,,,,60.0,0.23,,,,,,60.0,,4,,,,mean_reversion / CONSUMER / Low Volatility,AGGREGATE,PROFITABLE,0.8,1.61,,,,,,,,,,/pattern-quality,pq:mean_reversion / CONSUMER / Low Volatility,,,,"{""wins"":6,""losses"":4,""note"":""precision approximated by win rate (pattern hit rate); recall/false negatives not tracked \u2014 left blank""}"
2026-07-14T15:06:53Z,v0.5,Phase 5,Pattern Quality,Pattern stability,,pattern_quality,macd_cross / CONSUMER / Bearish,,,macd_cross,,CONSUMER,Bearish,,,,,WEAK,17,17,,,,,,,41.2,0.13,,,,,,41.2,,10,,,,macd_cross / CONSUMER / Bearish,AGGREGATE,PROFITABLE,0.78,1.36,,,,,,,,,,/pattern-quality,pq:macd_cross / CONSUMER / Bearish,,,,"{""wins"":7,""losses"":10,""note"":""precision approximated by win rate (pattern hit rate); recall/false negatives not tracked \u2014 left blank""}"
2026-07-14T15:06:53Z,v0.5,Phase 5,Pattern Quality,Pattern stability,,pattern_quality,trend_rider / ENERGY / Bearish,,,trend_rider,,ENERGY,Bearish,,,,,WEAK,15,15,,,,,,,40.0,0.1,,,,,,40.0,,9,,,,trend_rider / ENERGY / Bearish,AGGREGATE,PROFITABLE,0.71,1.28,,,,,,,,,,/pattern-quality,pq:trend_rider / ENERGY / Bearish,,,,"{""wins"":6,""losses"":9,""note"":""precision approximated by win rate (pattern hit rate); recall/false negatives not tracked \u2014 left blank""}"
2026-07-14T15:06:53Z,v0.5,Phase 5,Pattern Quality,Pattern stability,,pattern_quality,trend_rider / PHARMA / Bullish,,,trend_rider,,PHARMA,Bullish,,,,,WEAK,10,10,,,,,,,30.0,0.11,,,,,,30.0,,7,,,,trend_rider / PHARMA / Bullish,AGGREGATE,PROFITABLE,0.7,1.32,,,,,,,,,,/pattern-quality,pq:trend_rider / PHARMA / Bullish,,,,"{""wins"":3,""losses"":7,""note"":""precision approximated by win rate (pattern hit rate); recall/false negatives not tracked \u2014 left blank""}"
2026-07-14T15:06:53Z,v0.5,Phase 5,Pattern Quality,Pattern stability,,pattern_quality,ema_cross / BANKING / Low Volatility,,,ema_cross,,BANKING,Low Volatility,,,,,WEAK,10,10,,,,,,,40.0,0.16,,,,,,40.0,,6,,,,ema_cross / BANKING / Low Volatility,AGGREGATE,PROFITABLE,0.59,1.49,,,,,,,,,,/pattern-quality,pq:ema_cross / BANKING / Low Volatility,,,,"{""wins"":4,""losses"":6,""note"":""precision approximated by win rate (pattern hit rate); recall/false negatives not tracked \u2014 left blank""}"
2026-07-14T15:06:53Z,v0.5,Phase 5,Pattern Quality,Pattern stability,,pattern_quality,ema_cross / AUTO / Bearish,,,ema_cross,,AUTO,Bearish,,,,,WEAK,14,14,,,,,,,35.7,0.09,,,,,,35.7,,9,,,,ema_cross / AUTO / Bearish,AGGREGATE,PROFITABLE,0.58,1.21,,,,,,,,,,/pattern-quality,pq:ema_cross / AUTO / Bearish,,,,"{""wins"":5,""losses"":9,""note"":""precision approximated by win rate (pattern hit rate); recall/false negatives not tracked \u2014 left blank""}"
2026-07-14T15:06:53Z,v0.5,Phase 5,Pattern Quality,Pattern stability,,pattern_quality,ema_cross / CONSUMER / Bearish,,,ema_cross,,CONSUMER,Bearish,,,,,WEAK,13,13,,,,,,,30.8,0.11,,,,,,30.8,,9,,,,ema_cross / CONSUMER / Bearish,AGGREGATE,PROFITABLE,0.57,1.29,,,,,,,,,,/pattern-quality,pq:ema_cross / CONSUMER / Bearish,,,,"{""wins"":4,""losses"":9,""note"":""precision approximated by win rate (pattern hit rate); recall/false negatives not tracked \u2014 left blank""}"
2026-07-14T15:06:53Z,v0.5,Phase 5,Pattern Quality,Pattern stability,,pattern_quality,macd_cross / ENERGY / Low Volatility,,,macd_cross,,ENERGY,Low Volatility,,,,,WEAK,11,11,,,,,,,45.5,0.16,,,,,,45.5,,6,,,,macd_cross / ENERGY / Low Volatility,AGGREGATE,PROFITABLE,0.55,1.52,,,,,,,,,,/pattern-quality,pq:macd_cross / ENERGY / Low Volatility,,,,"{""wins"":5,""losses"":6,""note"":""precision approximated by win rate (pattern hit rate); recall/false negatives not tracked \u2014 left blank""}"
2026-07-14T15:06:53Z,v0.5,Phase 5,Pattern Quality,Pattern stability,,pattern_quality,trend_rider / FINANCE / Low Volatility,,,trend_rider,,FINANCE,Low Volatility,,,,,WEAK,13,13,,,,,,,23.1,0.08,,,,,,23.1,,10,,,,trend_rider / FINANCE / Low Volatility,AGGREGATE,PROFITABLE,0.48,1.26,,,,,,,,,,/pattern-quality,pq:trend_rider / FINANCE / Low Volatility,,,,"{""wins"":3,""losses"":10,""note"":""precision approximated by win rate (pattern hit rate); recall/false negatives not tracked \u2014 left blank""}"
2026-07-14T15:06:53Z,v0.5,Phase 5,Pattern Quality,Pattern stability,,pattern_quality,mean_reversion / FINANCE / Neutral,,,mean_reversion,,FINANCE,Neutral,,,,,WEAK,16,16,,,,,,,50.0,0.11,,,,,,50.0,,8,,,,mean_reversion / FINANCE / Neutral,AGGREGATE,PROFITABLE,0.47,1.26,,,,,,,,,,/pattern-quality,pq:mean_reversion / FINANCE / Neutral,,,,"{""wins"":8,""losses"":8,""note"":""precision approximated by win rate (pattern hit rate); recall/false negatives not tracked \u2014 left blank""}"
2026-07-14T15:06:53Z,v0.5,Phase 5,Pattern Quality,Pattern stability,,pattern_quality,macd_cross / PHARMA / Bearish,,,macd_cross,,PHARMA,Bearish,,,,,WEAK,24,24,,,,,,,50.0,0.08,,,,,,50.0,,12,,,,macd_cross / PHARMA / Bearish,AGGREGATE,PROFITABLE,0.41,1.25,,,,,,,,,,/pattern-quality,pq:macd_cross / PHARMA / Bearish,,,,"{""wins"":12,""losses"":12,""note"":""precision approximated by win rate (pattern hit rate); recall/false negatives not tracked \u2014 left blank""}"
2026-07-14T15:06:53Z,v0.5,Phase 5,Pattern Quality,Pattern stability,,pattern_quality,ema_cross / BANKING / Strong Bullish,,,ema_cross,,BANKING,Strong Bullish,,,,,WEAK,11,11,,,,,,,36.4,0.07,,,,,,36.4,,7,,,,ema_cross / BANKING / Strong Bullish,AGGREGATE,PROFITABLE,0.4,1.17,,,,,,,,,,/pattern-quality,pq:ema_cross / BANKING / Strong Bullish,,,,"{""wins"":4,""losses"":7,""note"":""precision approximated by win rate (pattern hit rate); recall/false negatives not tracked \u2014 left blank""}"
2026-07-14T15:06:53Z,v0.5,Phase 5,Pattern Quality,Pattern stability,,pattern_quality,trend_rider / INFRA / Bullish,,,trend_rider,,INFRA,Bullish,,,,,WEAK,13,13,,,,,,,30.8,0.05,,,,,,30.8,,9,,,,trend_rider / INFRA / Bullish,AGGREGATE,PROFITABLE,0.39,1.15,,,,,,,,,,/pattern-quality,pq:trend_rider / INFRA / Bullish,,,,"{""wins"":4,""losses"":9,""note"":""precision approximated by win rate (pattern hit rate); recall/false negatives not tracked \u2014 left blank""}"
2026-07-14T15:06:53Z,v0.5,Phase 5,Pattern Quality,Pattern stability,,pattern_quality,ema_cross / ENERGY / Bullish,,,ema_cross,,ENERGY,Bullish,,,,,WEAK,20,20,,,,,,,25.0,0.07,,,,,,25.0,,15,,,,ema_cross / ENERGY / Bullish,AGGREGATE,PROFITABLE,0.37,1.19,,,,,,,,,,/pattern-quality,pq:ema_cross / ENERGY / Bullish,,,,"{""wins"":5,""losses"":15,""note"":""precision approximated by win rate (pattern hit rate); recall/false negatives not tracked \u2014 left blank""}"
2026-07-14T15:06:53Z,v0.5,Phase 5,Pattern Quality,Pattern stability,,pattern_quality,ema_cross / IT / Bullish,,,ema_cross,,IT,Bullish,,,,,WEAK,13,13,,,,,,,23.1,0.07,,,,,,23.1,,10,,,,ema_cross / IT / Bullish,AGGREGATE,PROFITABLE,0.35,1.2,,,,,,,,,,/pattern-quality,pq:ema_cross / IT / Bullish,,,,"{""wins"":3,""losses"":10,""note"":""precision approximated by win rate (pattern hit rate); recall/false negatives not tracked \u2014 left blank""}"
2026-07-14T15:06:53Z,v0.5,Phase 5,Pattern Quality,Pattern stability,,pattern_quality,macd_cross / FINANCE / Bearish,,,macd_cross,,FINANCE,Bearish,,,,,MODERATE,44,44,,,,,,,34.1,0.06,,,,,,34.1,,29,,,,macd_cross / FINANCE / Bearish,AGGREGATE,PROFITABLE,0.32,1.15,,,,,,,,,,/pattern-quality,pq:macd_cross / FINANCE / Bearish,,,,"{""wins"":15,""losses"":29,""note"":""precision approximated by win rate (pattern hit rate); recall/false negatives not tracked \u2014 left blank""}"
2026-07-14T15:06:53Z,v0.5,Phase 5,Pattern Quality,Pattern stability,,pattern_quality,trend_rider / IT / Neutral,,,trend_rider,,IT,Neutral,,,,,WEAK,14,14,,,,,,,28.6,0.04,,,,,,28.6,,10,,,,trend_rider / IT / Neutral,AGGREGATE,PROFITABLE,0.25,1.11,,,,,,,,,,/pattern-quality,pq:trend_rider / IT / Neutral,,,,"{""wins"":4,""losses"":10,""note"":""precision approximated by win rate (pattern hit rate); recall/false negatives not tracked \u2014 left blank""}"
2026-07-14T15:06:53Z,v0.5,Phase 5,Pattern Quality,Pattern stability,,pattern_quality,mean_reversion / BANKING / Low Volatility,,,mean_reversion,,BANKING,Low Volatility,,,,,WEAK,16,16,,,,,,,56.2,0.08,,,,,,56.2,,7,,,,mean_reversion / BANKING / Low Volatility,AGGREGATE,PROFITABLE,0.23,1.18,,,,,,,,,,/pattern-quality,pq:mean_reversion / BANKING / Low Volatility,,,,"{""wins"":9,""losses"":7,""note"":""precision approximated by win rate (pattern hit rate); recall/false negatives not tracked \u2014 left blank""}"
2026-07-14T15:06:53Z,v0.5,Phase 5,Pattern Quality,Pattern stability,,pattern_quality,macd_cross / BANKING / Bullish,,,macd_cross,,BANKING,Bullish,,,,,WEAK,25,25,,,,,,,28.0,0.05,,,,,,28.0,,18,,,,macd_cross / BANKING / Bullish,AGGREGATE,PROFITABLE,0.23,1.16,,,,,,,,,,/pattern-quality,pq:macd_cross / BANKING / Bullish,,,,"{""wins"":7,""losses"":18,""note"":""precision approximated by win rate (pattern hit rate); recall/false negatives not tracked \u2014 left blank""}"
2026-07-14T15:06:53Z,v0.5,Phase 5,Pattern Quality,Pattern stability,,pattern_quality,macd_cross / INFRA / Strong Bullish,,,macd_cross,,INFRA,Strong Bullish,,,,,WEAK,10,10,,,,,,,40.0,0.05,,,,,,40.0,,6,,,,macd_cross / INFRA / Strong Bullish,AGGREGATE,PROFITABLE,0.23,1.16,,,,,,,,,,/pattern-quality,pq:macd_cross / INFRA / Strong Bullish,,,,"{""wins"":4,""losses"":6,""note"":""precision approximated by win rate (pattern hit rate); recall/false negatives not tracked \u2014 left blank""}"
2026-07-14T15:06:53Z,v0.5,Phase 5,Pattern Quality,Pattern stability,,pattern_quality,ema_cross / BANKING / Bearish,,,ema_cross,,BANKING,Bearish,,,,,MODERATE,34,34,,,,,,,29.4,0.04,,,,,,29.4,,24,,,,ema_cross / BANKING / Bearish,AGGREGATE,PROFITABLE,0.19,1.1,,,,,,,,,,/pattern-quality,pq:ema_cross / BANKING / Bearish,,,,"{""wins"":10,""losses"":24,""note"":""precision approximated by win rate (pattern hit rate); recall/false negatives not tracked \u2014 left blank""}"
2026-07-14T15:06:53Z,v0.5,Phase 5,Pattern Quality,Pattern stability,,pattern_quality,mean_reversion / ENERGY / Strong Bearish,,,mean_reversion,,ENERGY,Strong Bearish,,,,,WEAK,23,23,,,,,,,52.2,0.04,,,,,,52.2,,11,,,,mean_reversion / ENERGY / Strong Bearish,AGGREGATE,PROFITABLE,0.16,1.09,,,,,,,,,,/pattern-quality,pq:mean_reversion / ENERGY / Strong Bearish,,,,"{""wins"":12,""losses"":11,""note"":""precision approximated by win rate (pattern hit rate); recall/false negatives not tracked \u2014 left blank""}"
2026-07-14T15:06:53Z,v0.5,Phase 5,Pattern Quality,Pattern stability,,pattern_quality,mean_reversion / ENERGY / Neutral,,,mean_reversion,,ENERGY,Neutral,,,,,WEAK,17,17,,,,,,,58.8,0.04,,,,,,58.8,,7,,,,mean_reversion / ENERGY / Neutral,AGGREGATE,PROFITABLE,0.13,1.09,,,,,,,,,,/pattern-quality,pq:mean_reversion / ENERGY / Neutral,,,,"{""wins"":10,""losses"":7,""note"":""precision approximated by win rate (pattern hit rate); recall/false negatives not tracked \u2014 left blank""}"
2026-07-14T15:06:53Z,v0.5,Phase 5,Pattern Quality,Pattern stability,,pattern_quality,macd_cross / TELECOM / Bearish,,,macd_cross,,TELECOM,Bearish,,,,,WEAK,11,11,,,,,,,27.3,0.04,,,,,,27.3,,8,,,,macd_cross / TELECOM / Bearish,AGGREGATE,PROFITABLE,0.12,1.11,,,,,,,,,,/pattern-quality,pq:macd_cross / TELECOM / Bearish,,,,"{""wins"":3,""losses"":8,""note"":""precision approximated by win rate (pattern hit rate); recall/false negatives not tracked \u2014 left blank""}"
2026-07-14T15:06:53Z,v0.5,Phase 5,Pattern Quality,Pattern stability,,pattern_quality,trend_rider / BANKING / Bullish,,,trend_rider,,BANKING,Bullish,,,,,WEAK,21,21,,,,,,,19.0,0.02,,,,,,19.0,,17,,,,trend_rider / BANKING / Bullish,AGGREGATE,PROFITABLE,0.12,1.05,,,,,,,,,,/pattern-quality,pq:trend_rider / BANKING / Bullish,,,,"{""wins"":4,""losses"":17,""note"":""precision approximated by win rate (pattern hit rate); recall/false negatives not tracked \u2014 left blank""}"
2026-07-14T15:06:53Z,v0.5,Phase 5,Pattern Quality,Pattern stability,,pattern_quality,mean_reversion / FMCG / Neutral,,,mean_reversion,,FMCG,Neutral,,,,,WEAK,17,17,,,,,,,52.9,0.03,,,,,,52.9,,8,,,,mean_reversion / FMCG / Neutral,AGGREGATE,PROFITABLE,0.1,1.07,,,,,,,,,,/pattern-quality,pq:mean_reversion / FMCG / Neutral,,,,"{""wins"":9,""losses"":8,""note"":""precision approximated by win rate (pattern hit rate); recall/false negatives not tracked \u2014 left blank""}"
2026-07-14T15:06:53Z,v0.5,Phase 5,Pattern Quality,Pattern stability,,pattern_quality,ema_cross / BANKING / Bullish,,,ema_cross,,BANKING,Bullish,,,,,WEAK,22,22,,,,,,,36.4,0.02,,,,,,36.4,,14,,,,ema_cross / BANKING / Bullish,AGGREGATE,PROFITABLE,0.1,1.05,,,,,,,,,,/pattern-quality,pq:ema_cross / BANKING / Bullish,,,,"{""wins"":8,""losses"":14,""note"":""precision approximated by win rate (pattern hit rate); recall/false negatives not tracked \u2014 left blank""}"
2026-07-14T15:06:53Z,v0.5,Phase 5,Pattern Quality,Pattern stability,,pattern_quality,macd_cross / FINANCE / Low Volatility,,,macd_cross,,FINANCE,Low Volatility,,,,,WEAK,13,13,,,,,,,23.1,0.01,,,,,,23.1,,10,,,,macd_cross / FINANCE / Low Volatility,AGGREGATE,PROFITABLE,0.06,1.04,,,,,,,,,,/pattern-quality,pq:macd_cross / FINANCE / Low Volatility,,,,"{""wins"":3,""losses"":10,""note"":""precision approximated by win rate (pattern hit rate); recall/false negatives not tracked \u2014 left blank""}"
2026-07-14T15:06:53Z,v0.5,Phase 5,Pattern Quality,Pattern stability,,pattern_quality,macd_cross / FINANCE / Neutral,,,macd_cross,,FINANCE,Neutral,,,,,WEAK,15,15,,,,,,,26.7,0.01,,,,,,26.7,,11,,,,macd_cross / FINANCE / Neutral,AGGREGATE,PROFITABLE,0.05,1.03,,,,,,,,,,/pattern-quality,pq:macd_cross / FINANCE / Neutral,,,,"{""wins"":4,""losses"":11,""note"":""precision approximated by win rate (pattern hit rate); recall/false negatives not tracked \u2014 left blank""}"
2026-07-14T15:06:53Z,v0.5,Phase 5,Pattern Quality,Pattern stability,,pattern_quality,mean_reversion / FMCG / Low Volatility,,,mean_reversion,,FMCG,Low Volatility,,,,,WEAK,13,13,,,,,,,61.5,0.02,,,,,,61.5,,5,,,,mean_reversion / FMCG / Low Volatility,AGGREGATE,PROFITABLE,0.04,1.04,,,,,,,,,,/pattern-quality,pq:mean_reversion / FMCG / Low Volatility,,,,"{""wins"":8,""losses"":5,""note"":""precision approximated by win rate (pattern hit rate); recall/false negatives not tracked \u2014 left blank""}"
2026-07-14T15:06:53Z,v0.5,Phase 5,Pattern Quality,Pattern stability,,pattern_quality,ema_cross / FINANCE / Bearish,,,ema_cross,,FINANCE,Bearish,,,,,MODERATE,33,33,,,,,,,27.3,-0.0,,,,,,27.3,,24,,,,ema_cross / FINANCE / Bearish,AGGREGATE,UNPROFITABLE,-0.01,1.0,,,,,,,,,,/pattern-quality,pq:ema_cross / FINANCE / Bearish,,,,"{""wins"":9,""losses"":24,""note"":""precision approximated by win rate (pattern hit rate); recall/false negatives not tracked \u2014 left blank""}"
2026-07-14T15:06:53Z,v0.5,Phase 5,Pattern Quality,Pattern stability,,pattern_quality,macd_cross / INFRA / Bullish,,,macd_cross,,INFRA,Bullish,,,,,WEAK,13,13,,,,,,,23.1,-0.02,,,,,,23.1,,10,,,,macd_cross / INFRA / Bullish,AGGREGATE,UNPROFITABLE,-0.09,0.96,,,,,,,,,,/pattern-quality,pq:macd_cross / INFRA / Bullish,,,,"{""wins"":3,""losses"":10,""note"":""precision approximated by win rate (pattern hit rate); recall/false negatives not tracked \u2014 left blank""}"
2026-07-14T15:06:53Z,v0.5,Phase 5,Pattern Quality,Pattern stability,,pattern_quality,macd_cross / INFRA / Bearish,,,macd_cross,,INFRA,Bearish,,,,,WEAK,28,28,,,,,,,39.3,-0.02,,,,,,39.3,,17,,,,macd_cross / INFRA / Bearish,AGGREGATE,UNPROFITABLE,-0.11,0.95,,,,,,,,,,/pattern-quality,pq:macd_cross / INFRA / Bearish,,,,"{""wins"":11,""losses"":17,""note"":""precision approximated by win rate (pattern hit rate); recall/false negatives not tracked \u2014 left blank""}"
2026-07-14T15:06:53Z,v0.5,Phase 5,Pattern Quality,Pattern stability,,pattern_quality,mean_reversion / FMCG / Bearish,,,mean_reversion,,FMCG,Bearish,,,,,WEAK,17,17,,,,,,,47.1,-0.05,,,,,,47.1,,9,,,,mean_reversion / FMCG / Bearish,AGGREGATE,UNPROFITABLE,-0.19,0.89,,,,,,,,,,/pattern-quality,pq:mean_reversion / FMCG / Bearish,,,,"{""wins"":8,""losses"":9,""note"":""precision approximated by win rate (pattern hit rate); recall/false negatives not tracked \u2014 left blank""}"
2026-07-14T15:06:53Z,v0.5,Phase 5,Pattern Quality,Pattern stability,,pattern_quality,ema_cross / INFRA / Bullish,,,ema_cross,,INFRA,Bullish,,,,,WEAK,12,12,,,,,,,33.3,-0.04,,,,,,33.3,,8,,,,ema_cross / INFRA / Bullish,AGGREGATE,UNPROFITABLE,-0.2,0.92,,,,,,,,,,/pattern-quality,pq:ema_cross / INFRA / Bullish,,,,"{""wins"":4,""losses"":8,""note"":""precision approximated by win rate (pattern hit rate); recall/false negatives not tracked \u2014 left blank""}"
2026-07-14T15:06:53Z,v0.5,Phase 5,Pattern Quality,Pattern stability,,pattern_quality,mean_reversion / METALS / Low Volatility,,,mean_reversion,,METALS,Low Volatility,,,,,WEAK,14,14,,,,,,,42.9,-0.05,,,,,,42.9,,8,,,,mean_reversion / METALS / Low Volatility,AGGREGATE,UNPROFITABLE,-0.22,0.89,,,,,,,,,,/pattern-quality,pq:mean_reversion / METALS / Low Volatility,,,,"{""wins"":6,""losses"":8,""note"":""precision approximated by win rate (pattern hit rate); recall/false negatives not tracked \u2014 left blank""}"
2026-07-14T15:06:53Z,v0.5,Phase 5,Pattern Quality,Pattern stability,,pattern_quality,trend_rider / FMCG / Strong Bullish,,,trend_rider,,FMCG,Strong Bullish,,,,,WEAK,10,10,,,,,,,20.0,-0.05,,,,,,20.0,,8,,,,trend_rider / FMCG / Strong Bullish,AGGREGATE,UNPROFITABLE,-0.24,0.88,,,,,,,,,,/pattern-quality,pq:trend_rider / FMCG / Strong Bullish,,,,"{""wins"":2,""losses"":8,""note"":""precision approximated by win rate (pattern hit rate); recall/false negatives not tracked \u2014 left blank""}"
2026-07-14T15:06:53Z,v0.5,Phase 5,Pattern Quality,Pattern stability,,pattern_quality,mean_reversion / FMCG / Strong Bearish,,,mean_reversion,,FMCG,Strong Bearish,,,,,WEAK,14,14,,,,,,,42.9,-0.07,,,,,,42.9,,8,,,,mean_reversion / FMCG / Strong Bearish,AGGREGATE,UNPROFITABLE,-0.24,0.86,,,,,,,,,,/pattern-quality,pq:mean_reversion / FMCG / Strong Bearish,,,,"{""wins"":6,""losses"":8,""note"":""precision approximated by win rate (pattern hit rate); recall/false negatives not tracked \u2014 left blank""}"
2026-07-14T15:06:53Z,v0.5,Phase 5,Pattern Quality,Pattern stability,,pattern_quality,macd_cross / BANKING / Strong Bullish,,,macd_cross,,BANKING,Strong Bullish,,,,,WEAK,15,15,,,,,,,26.7,-0.06,,,,,,26.7,,11,,,,macd_cross / BANKING / Strong Bullish,AGGREGATE,UNPROFITABLE,-0.26,0.86,,,,,,,,,,/pattern-quality,pq:macd_cross / BANKING / Strong Bullish,,,,"{""wins"":4,""losses"":11,""note"":""precision approximated by win rate (pattern hit rate); recall/false negatives not tracked \u2014 left blank""}"
2026-07-14T15:06:53Z,v0.5,Phase 5,Pattern Quality,Pattern stability,,pattern_quality,macd_cross / ENERGY / Bullish,,,macd_cross,,ENERGY,Bullish,,,,,WEAK,24,24,,,,,,,20.8,-0.07,,,,,,20.8,,19,,,,macd_cross / ENERGY / Bullish,AGGREGATE,UNPROFITABLE,-0.28,0.81,,,,,,,,,,/pattern-quality,pq:macd_cross / ENERGY / Bullish,,,,"{""wins"":5,""losses"":19,""note"":""precision approximated by win rate (pattern hit rate); recall/false negatives not tracked \u2014 left blank""}"
2026-07-14T15:06:53Z,v0.5,Phase 5,Pattern Quality,Pattern stability,,pattern_quality,macd_cross / FMCG / Bearish,,,macd_cross,,FMCG,Bearish,,,,,MODERATE,39,39,,,,,,,38.5,-0.07,,,,,,38.5,,24,,,,macd_cross / FMCG / Bearish,AGGREGATE,UNPROFITABLE,-0.31,0.85,,,,,,,,,,/pattern-quality,pq:macd_cross / FMCG / Bearish,,,,"{""wins"":15,""losses"":24,""note"":""precision approximated by win rate (pattern hit rate); recall/false negatives not tracked \u2014 left blank""}"
2026-07-14T15:06:53Z,v0.5,Phase 5,Pattern Quality,Pattern stability,,pattern_quality,mean_reversion / PHARMA / Low Volatility,,,mean_reversion,,PHARMA,Low Volatility,,,,,WEAK,11,11,,,,,,,36.4,-0.11,,,,,,36.4,,7,,,,mean_reversion / PHARMA / Low Volatility,AGGREGATE,UNPROFITABLE,-0.31,0.81,,,,,,,,,,/pattern-quality,pq:mean_reversion / PHARMA / Low Volatility,,,,"{""wins"":4,""losses"":7,""note"":""precision approximated by win rate (pattern hit rate); recall/false negatives not tracked \u2014 left blank""}"
2026-07-14T15:06:53Z,v0.5,Phase 5,Pattern Quality,Pattern stability,,pattern_quality,mean_reversion / AUTO / Strong Bearish,,,mean_reversion,,AUTO,Strong Bearish,,,,,WEAK,10,10,,,,,,,40.0,-0.08,,,,,,40.0,,6,,,,mean_reversion / AUTO / Strong Bearish,AGGREGATE,UNPROFITABLE,-0.37,0.84,,,,,,,,,,/pattern-quality,pq:mean_reversion / AUTO / Strong Bearish,,,,"{""wins"":4,""losses"":6,""note"":""precision approximated by win rate (pattern hit rate); recall/false negatives not tracked \u2014 left blank""}"
2026-07-14T15:06:53Z,v0.5,Phase 5,Pattern Quality,Pattern stability,,pattern_quality,macd_cross / FMCG / Neutral,,,macd_cross,,FMCG,Neutral,,,,,WEAK,17,17,,,,,,,23.5,-0.13,,,,,,23.5,,13,,,,macd_cross / FMCG / Neutral,AGGREGATE,UNPROFITABLE,-0.42,0.72,,,,,,,,,,/pattern-quality,pq:macd_cross / FMCG / Neutral,,,,"{""wins"":4,""losses"":13,""note"":""precision approximated by win rate (pattern hit rate); recall/false negatives not tracked \u2014 left blank""}"
2026-07-14T15:06:53Z,v0.5,Phase 5,Pattern Quality,Pattern stability,,pattern_quality,mean_reversion / FINANCE / Low Volatility,,,mean_reversion,,FINANCE,Low Volatility,,,,,WEAK,11,11,,,,,,,45.5,-0.13,,,,,,45.5,,6,,,,mean_reversion / FINANCE / Low Volatility,AGGREGATE,UNPROFITABLE,-0.43,0.75,,,,,,,,,,/pattern-quality,pq:mean_reversion / FINANCE / Low Volatility,,,,"{""wins"":5,""losses"":6,""note"":""precision approximated by win rate (pattern hit rate); recall/false negatives not tracked \u2014 left blank""}"
2026-07-14T15:06:53Z,v0.5,Phase 5,Pattern Quality,Pattern stability,,pattern_quality,trend_rider / METALS / Bearish,,,trend_rider,,METALS,Bearish,,,,,WEAK,14,14,,,,,,,28.6,-0.06,,,,,,28.6,,10,,,,trend_rider / METALS / Bearish,AGGREGATE,UNPROFITABLE,-0.44,0.87,,,,,,,,,,/pattern-quality,pq:trend_rider / METALS / Bearish,,,,"{""wins"":4,""losses"":10,""note"":""precision approximated by win rate (pattern hit rate); recall/false negatives not tracked \u2014 left blank""}"
2026-07-14T15:06:53Z,v0.5,Phase 5,Pattern Quality,Pattern stability,,pattern_quality,macd_cross / PHARMA / Neutral,,,macd_cross,,PHARMA,Neutral,,,,,WEAK,11,11,,,,,,,18.2,-0.1,,,,,,18.2,,9,,,,macd_cross / PHARMA / Neutral,AGGREGATE,UNPROFITABLE,-0.44,0.78,,,,,,,,,,/pattern-quality,pq:macd_cross / PHARMA / Neutral,,,,"{""wins"":2,""losses"":9,""note"":""precision approximated by win rate (pattern hit rate); recall/false negatives not tracked \u2014 left blank""}"
2026-07-14T15:06:53Z,v0.5,Phase 5,Pattern Quality,Pattern stability,,pattern_quality,macd_cross / PHARMA / Bullish,,,macd_cross,,PHARMA,Bullish,,,,,WEAK,12,12,,,,,,,25.0,-0.14,,,,,,25.0,,9,,,,macd_cross / PHARMA / Bullish,AGGREGATE,UNPROFITABLE,-0.5,0.68,,,,,,,,,,/pattern-quality,pq:macd_cross / PHARMA / Bullish,,,,"{""wins"":3,""losses"":9,""note"":""precision approximated by win rate (pattern hit rate); recall/false negatives not tracked \u2014 left blank""}"
2026-07-14T15:06:53Z,v0.5,Phase 5,Pattern Quality,Pattern stability,,pattern_quality,ema_cross / FINANCE / Bullish,,,ema_cross,,FINANCE,Bullish,,,,,WEAK,19,19,,,,,,,21.1,-0.11,,,,,,21.1,,15,,,,ema_cross / FINANCE / Bullish,AGGREGATE,UNPROFITABLE,-0.52,0.75,,,,,,,,,,/pattern-quality,pq:ema_cross / FINANCE / Bullish,,,,"{""wins"":4,""losses"":15,""note"":""precision approximated by win rate (pattern hit rate); recall/false negatives not tracked \u2014 left blank""}"
2026-07-14T15:06:53Z,v0.5,Phase 5,Pattern Quality,Pattern stability,,pattern_quality,trend_rider / BANKING / Bearish,,,trend_rider,,BANKING,Bearish,,,,,WEAK,22,22,,,,,,,22.7,-0.09,,,,,,22.7,,17,,,,trend_rider / BANKING / Bearish,AGGREGATE,UNPROFITABLE,-0.55,0.79,,,,,,,,,,/pattern-quality,pq:trend_rider / BANKING / Bearish,,,,"{""wins"":5,""losses"":17,""note"":""precision approximated by win rate (pattern hit rate); recall/false negatives not tracked \u2014 left blank""}"
2026-07-14T15:06:53Z,v0.5,Phase 5,Pattern Quality,Pattern stability,,pattern_quality,supertrend_follow / PHARMA / Bearish,,,supertrend_follow,,PHARMA,Bearish,,,,,WEAK,11,11,,,,,,,36.4,-0.08,,,,,,36.4,,7,,,,supertrend_follow / PHARMA / Bearish,AGGREGATE,UNPROFITABLE,-0.56,0.81,,,,,,,,,,/pattern-quality,pq:supertrend_follow / PHARMA / Bearish,,,,"{""wins"":4,""losses"":7,""note"":""precision approximated by win rate (pattern hit rate); recall/false negatives not tracked \u2014 left blank""}"
2026-07-14T15:06:53Z,v0.5,Phase 5,Pattern Quality,Pattern stability,,pattern_quality,trend_rider / FINANCE / Bullish,,,trend_rider,,FINANCE,Bullish,,,,,WEAK,15,15,,,,,,,13.3,-0.08,,,,,,13.3,,13,,,,trend_rider / FINANCE / Bullish,AGGREGATE,UNPROFITABLE,-0.57,0.8,,,,,,,,,,/pattern-quality,pq:trend_rider / FINANCE / Bullish,,,,"{""wins"":2,""losses"":13,""note"":""precision approximated by win rate (pattern hit rate); recall/false negatives not tracked \u2014 left blank""}"
2026-07-14T15:06:53Z,v0.5,Phase 5,Pattern Quality,Pattern stability,,pattern_quality,macd_cross / IT / Bullish,,,macd_cross,,IT,Bullish,,,,,WEAK,15,15,,,,,,,26.7,-0.14,,,,,,26.7,,11,,,,macd_cross / IT / Bullish,AGGREGATE,UNPROFITABLE,-0.57,0.71,,,,,,,,,,/pattern-quality,pq:macd_cross / IT / Bullish,,,,"{""wins"":4,""losses"":11,""note"":""precision approximated by win rate (pattern hit rate); recall/false negatives not tracked \u2014 left blank""}"
2026-07-14T15:06:53Z,v0.5,Phase 5,Pattern Quality,Pattern stability,,pattern_quality,mean_reversion / BANKING / Bearish,,,mean_reversion,,BANKING,Bearish,,,,,WEAK,12,12,,,,,,,41.7,-0.18,,,,,,41.7,,7,,,,mean_reversion / BANKING / Bearish,AGGREGATE,UNPROFITABLE,-0.63,0.7,,,,,,,,,,/pattern-quality,pq:mean_reversion / BANKING / Bearish,,,,"{""wins"":5,""losses"":7,""note"":""precision approximated by win rate (pattern hit rate); recall/false negatives not tracked \u2014 left blank""}"
2026-07-14T15:06:53Z,v0.5,Phase 5,Pattern Quality,Pattern stability,,pattern_quality,ema_cross / PHARMA / Bearish,,,ema_cross,,PHARMA,Bearish,,,,,WEAK,21,21,,,,,,,42.9,-0.19,,,,,,42.9,,12,,,,ema_cross / PHARMA / Bearish,AGGREGATE,UNPROFITABLE,-0.75,0.63,,,,,,,,,,/pattern-quality,pq:ema_cross / PHARMA / Bearish,,,,"{""wins"":9,""losses"":12,""note"":""precision approximated by win rate (pattern hit rate); recall/false negatives not tracked \u2014 left blank""}"
2026-07-14T15:06:53Z,v0.5,Phase 5,Pattern Quality,Pattern stability,,pattern_quality,supertrend_follow / METALS / Bearish,,,supertrend_follow,,METALS,Bearish,,,,,WEAK,11,11,,,,,,,45.5,-0.08,,,,,,45.5,,6,,,,supertrend_follow / METALS / Bearish,AGGREGATE,UNPROFITABLE,-0.76,0.83,,,,,,,,,,/pattern-quality,pq:supertrend_follow / METALS / Bearish,,,,"{""wins"":5,""losses"":6,""note"":""precision approximated by win rate (pattern hit rate); recall/false negatives not tracked \u2014 left blank""}"
2026-07-14T15:06:53Z,v0.5,Phase 5,Pattern Quality,Pattern stability,,pattern_quality,mean_reversion / BANKING / Strong Bearish,,,mean_reversion,,BANKING,Strong Bearish,,,,,WEAK,27,27,,,,,,,40.7,-0.23,,,,,,40.7,,16,,,,mean_reversion / BANKING / Strong Bearish,AGGREGATE,UNPROFITABLE,-0.79,0.62,,,,,,,,,,/pattern-quality,pq:mean_reversion / BANKING / Strong Bearish,,,,"{""wins"":11,""losses"":16,""note"":""precision approximated by win rate (pattern hit rate); recall/false negatives not tracked \u2014 left blank""}"
2026-07-14T15:06:53Z,v0.5,Phase 5,Pattern Quality,Pattern stability,,pattern_quality,ema_cross / PHARMA / Bullish,,,ema_cross,,PHARMA,Bullish,,,,,WEAK,11,11,,,,,,,27.3,-0.22,,,,,,27.3,,8,,,,ema_cross / PHARMA / Bullish,AGGREGATE,UNPROFITABLE,-0.83,0.57,,,,,,,,,,/pattern-quality,pq:ema_cross / PHARMA / Bullish,,,,"{""wins"":3,""losses"":8,""note"":""precision approximated by win rate (pattern hit rate); recall/false negatives not tracked \u2014 left blank""}"
2026-07-14T15:06:53Z,v0.5,Phase 5,Pattern Quality,Pattern stability,,pattern_quality,trend_rider / METALS / Strong Bullish,,,trend_rider,,METALS,Strong Bullish,,,,,WEAK,11,11,,,,,,,18.2,-0.11,,,,,,18.2,,9,,,,trend_rider / METALS / Strong Bullish,AGGREGATE,UNPROFITABLE,-0.85,0.76,,,,,,,,,,/pattern-quality,pq:trend_rider / METALS / Strong Bullish,,,,"{""wins"":2,""losses"":9,""note"":""precision approximated by win rate (pattern hit rate); recall/false negatives not tracked \u2014 left blank""}"
2026-07-14T15:06:53Z,v0.5,Phase 5,Pattern Quality,Pattern stability,,pattern_quality,supertrend_follow / BANKING / Bullish,,,supertrend_follow,,BANKING,Bullish,,,,,WEAK,11,11,,,,,,,36.4,-0.12,,,,,,36.4,,7,,,,supertrend_follow / BANKING / Bullish,AGGREGATE,UNPROFITABLE,-0.85,0.74,,,,,,,,,,/pattern-quality,pq:supertrend_follow / BANKING / Bullish,,,,"{""wins"":4,""losses"":7,""note"":""precision approximated by win rate (pattern hit rate); recall/false negatives not tracked \u2014 left blank""}"
2026-07-14T15:06:53Z,v0.5,Phase 5,Pattern Quality,Pattern stability,,pattern_quality,macd_cross / ENERGY / Bearish,,,macd_cross,,ENERGY,Bearish,,,,,MODERATE,46,46,,,,,,,23.9,-0.19,,,,,,23.9,,35,,,,macd_cross / ENERGY / Bearish,AGGREGATE,UNPROFITABLE,-0.92,0.62,,,,,,,,,,/pattern-quality,pq:macd_cross / ENERGY / Bearish,,,,"{""wins"":11,""losses"":35,""note"":""precision approximated by win rate (pattern hit rate); recall/false negatives not tracked \u2014 left blank""}"
2026-07-14T15:06:53Z,v0.5,Phase 5,Pattern Quality,Pattern stability,,pattern_quality,supertrend_follow / METALS / Strong Bullish,,,supertrend_follow,,METALS,Strong Bullish,,,,,WEAK,12,12,,,,,,,25.0,-0.1,,,,,,25.0,,9,,,,supertrend_follow / METALS / Strong Bullish,AGGREGATE,UNPROFITABLE,-0.99,0.77,,,,,,,,,,/pattern-quality,pq:supertrend_follow / METALS / Strong Bullish,,,,"{""wins"":3,""losses"":9,""note"":""precision approximated by win rate (pattern hit rate); recall/false negatives not tracked \u2014 left blank""}"
2026-07-14T15:06:53Z,v0.5,Phase 5,Pattern Quality,Pattern stability,,pattern_quality,macd_cross / BANKING / Neutral,,,macd_cross,,BANKING,Neutral,,,,,WEAK,17,17,,,,,,,17.6,-0.27,,,,,,17.6,,14,,,,macd_cross / BANKING / Neutral,AGGREGATE,UNPROFITABLE,-0.99,0.48,,,,,,,,,,/pattern-quality,pq:macd_cross / BANKING / Neutral,,,,"{""wins"":3,""losses"":14,""note"":""precision approximated by win rate (pattern hit rate); recall/false negatives not tracked \u2014 left blank""}"
2026-07-14T15:06:53Z,v0.5,Phase 5,Pattern Quality,Pattern stability,,pattern_quality,mean_reversion / IT / Bearish,,,mean_reversion,,IT,Bearish,,,,,MODERATE,31,31,,,,,,,35.5,-0.23,,,,,,35.5,,20,,,,mean_reversion / IT / Bearish,AGGREGATE,UNPROFITABLE,-1.0,0.62,,,,,,,,,,/pattern-quality,pq:mean_reversion / IT / Bearish,,,,"{""wins"":11,""losses"":20,""note"":""precision approximated by win rate (pattern hit rate); recall/false negatives not tracked \u2014 left blank""}"
2026-07-14T15:06:53Z,v0.5,Phase 5,Pattern Quality,Pattern stability,,pattern_quality,trend_rider / FINANCE / Neutral,,,trend_rider,,FINANCE,Neutral,,,,,WEAK,14,14,,,,,,,28.6,-0.39,,,,,,28.6,,10,,,,trend_rider / FINANCE / Neutral,AGGREGATE,UNPROFITABLE,-1.07,0.41,,,,,,,,,,/pattern-quality,pq:trend_rider / FINANCE / Neutral,,,,"{""wins"":4,""losses"":10,""note"":""precision approximated by win rate (pattern hit rate); recall/false negatives not tracked \u2014 left blank""}"
2026-07-14T15:06:53Z,v0.5,Phase 5,Pattern Quality,Pattern stability,,pattern_quality,ema_cross / IT / Bearish,,,ema_cross,,IT,Bearish,,,,,WEAK,27,27,,,,,,,22.2,-0.27,,,,,,22.2,,21,,,,ema_cross / IT / Bearish,AGGREGATE,UNPROFITABLE,-1.13,0.55,,,,,,,,,,/pattern-quality,pq:ema_cross / IT / Bearish,,,,"{""wins"":6,""losses"":21,""note"":""precision approximated by win rate (pattern hit rate); recall/false negatives not tracked \u2014 left blank""}"
2026-07-14T15:06:53Z,v0.5,Phase 5,Pattern Quality,Pattern stability,,pattern_quality,ema_cross / FMCG / Bearish,,,ema_cross,,FMCG,Bearish,,,,,WEAK,27,27,,,,,,,18.5,-0.28,,,,,,18.5,,22,,,,ema_cross / FMCG / Bearish,AGGREGATE,UNPROFITABLE,-1.2,0.53,,,,,,,,,,/pattern-quality,pq:ema_cross / FMCG / Bearish,,,,"{""wins"":5,""losses"":22,""note"":""precision approximated by win rate (pattern hit rate); recall/false negatives not tracked \u2014 left blank""}"
2026-07-14T15:06:53Z,v0.5,Phase 5,Pattern Quality,Pattern stability,,pattern_quality,macd_cross / METALS / Strong Bullish,,,macd_cross,,METALS,Strong Bullish,,,,,WEAK,12,12,,,,,,,33.3,-0.26,,,,,,33.3,,8,,,,macd_cross / METALS / Strong Bullish,AGGREGATE,UNPROFITABLE,-1.21,0.54,,,,,,,,,,/pattern-quality,pq:macd_cross / METALS / Strong Bullish,,,,"{""wins"":4,""losses"":8,""note"":""precision approximated by win rate (pattern hit rate); recall/false negatives not tracked \u2014 left blank""}"
2026-07-14T15:06:53Z,v0.5,Phase 5,Pattern Quality,Pattern stability,,pattern_quality,mean_reversion / IT / Neutral,,,mean_reversion,,IT,Neutral,,,,,WEAK,22,22,,,,,,,27.3,-0.37,,,,,,27.3,,16,,,,mean_reversion / IT / Neutral,AGGREGATE,UNPROFITABLE,-1.21,0.47,,,,,,,,,,/pattern-quality,pq:mean_reversion / IT / Neutral,,,,"{""wins"":6,""losses"":16,""note"":""precision approximated by win rate (pattern hit rate); recall/false negatives not tracked \u2014 left blank""}"
2026-07-14T15:06:53Z,v0.5,Phase 5,Pattern Quality,Pattern stability,,pattern_quality,macd_cross / IT / Neutral,,,macd_cross,,IT,Neutral,,,,,WEAK,12,12,,,,,,,16.7,-0.38,,,,,,16.7,,10,,,,macd_cross / IT / Neutral,AGGREGATE,UNPROFITABLE,-1.23,0.4,,,,,,,,,,/pattern-quality,pq:macd_cross / IT / Neutral,,,,"{""wins"":2,""losses"":10,""note"":""precision approximated by win rate (pattern hit rate); recall/false negatives not tracked \u2014 left blank""}"
2026-07-14T15:06:53Z,v0.5,Phase 5,Pattern Quality,Pattern stability,,pattern_quality,supertrend_follow / FMCG / Bearish,,,supertrend_follow,,FMCG,Bearish,,,,,WEAK,13,13,,,,,,,30.8,-0.2,,,,,,30.8,,9,,,,supertrend_follow / FMCG / Bearish,AGGREGATE,UNPROFITABLE,-1.24,0.63,,,,,,,,,,/pattern-quality,pq:supertrend_follow / FMCG / Bearish,,,,"{""wins"":4,""losses"":9,""note"":""precision approximated by win rate (pattern hit rate); recall/false negatives not tracked \u2014 left blank""}"
2026-07-14T15:06:53Z,v0.5,Phase 5,Pattern Quality,Pattern stability,,pattern_quality,macd_cross / IT / Bearish,,,macd_cross,,IT,Bearish,,,,,MODERATE,46,46,,,,,,,23.9,-0.31,,,,,,23.9,,35,,,,macd_cross / IT / Bearish,AGGREGATE,UNPROFITABLE,-1.27,0.48,,,,,,,,,,/pattern-quality,pq:macd_cross / IT / Bearish,,,,"{""wins"":11,""losses"":35,""note"":""precision approximated by win rate (pattern hit rate); recall/false negatives not tracked \u2014 left blank""}"
2026-07-14T15:06:53Z,v0.5,Phase 5,Pattern Quality,Pattern stability,,pattern_quality,supertrend_follow / ENERGY / Bearish,,,supertrend_follow,,ENERGY,Bearish,,,,,WEAK,16,16,,,,,,,31.2,-0.15,,,,,,31.2,,11,,,,supertrend_follow / ENERGY / Bearish,AGGREGATE,UNPROFITABLE,-1.36,0.7,,,,,,,,,,/pattern-quality,pq:supertrend_follow / ENERGY / Bearish,,,,"{""wins"":5,""losses"":11,""note"":""precision approximated by win rate (pattern hit rate); recall/false negatives not tracked \u2014 left blank""}"
2026-07-14T15:06:53Z,v0.5,Phase 5,Pattern Quality,Pattern stability,,pattern_quality,ema_cross / ENERGY / Bearish,,,ema_cross,,ENERGY,Bearish,,,,,WEAK,28,28,,,,,,,21.4,-0.27,,,,,,21.4,,22,,,,ema_cross / ENERGY / Bearish,AGGREGATE,UNPROFITABLE,-1.4,0.54,,,,,,,,,,/pattern-quality,pq:ema_cross / ENERGY / Bearish,,,,"{""wins"":6,""losses"":22,""note"":""precision approximated by win rate (pattern hit rate); recall/false negatives not tracked \u2014 left blank""}"
2026-07-14T15:06:53Z,v0.5,Phase 5,Pattern Quality,Pattern stability,,pattern_quality,trend_rider / PHARMA / Bearish,,,trend_rider,,PHARMA,Bearish,,,,,WEAK,13,13,,,,,,,15.4,-0.35,,,,,,15.4,,11,,,,trend_rider / PHARMA / Bearish,AGGREGATE,UNPROFITABLE,-1.4,0.38,,,,,,,,,,/pattern-quality,pq:trend_rider / PHARMA / Bearish,,,,"{""wins"":2,""losses"":11,""note"":""precision approximated by win rate (pattern hit rate); recall/false negatives not tracked \u2014 left blank""}"
2026-07-14T15:06:53Z,v0.5,Phase 5,Pattern Quality,Pattern stability,,pattern_quality,mean_reversion / IT / Strong Bearish,,,mean_reversion,,IT,Strong Bearish,,,,,WEAK,14,14,,,,,,,28.6,-0.42,,,,,,28.6,,10,,,,mean_reversion / IT / Strong Bearish,AGGREGATE,UNPROFITABLE,-1.57,0.43,,,,,,,,,,/pattern-quality,pq:mean_reversion / IT / Strong Bearish,,,,"{""wins"":4,""losses"":10,""note"":""precision approximated by win rate (pattern hit rate); recall/false negatives not tracked \u2014 left blank""}"
2026-07-14T15:06:53Z,v0.5,Phase 5,Pattern Quality,Pattern stability,,pattern_quality,trend_rider / METALS / Bullish,,,trend_rider,,METALS,Bullish,,,,,WEAK,15,15,,,,,,,40.0,-0.45,,,,,,40.0,,9,,,,trend_rider / METALS / Bullish,AGGREGATE,UNPROFITABLE,-1.64,0.36,,,,,,,,,,/pattern-quality,pq:trend_rider / METALS / Bullish,,,,"{""wins"":6,""losses"":9,""note"":""precision approximated by win rate (pattern hit rate); recall/false negatives not tracked \u2014 left blank""}"
2026-07-14T15:06:53Z,v0.5,Phase 5,Pattern Quality,Pattern stability,,pattern_quality,mean_reversion / FINANCE / Strong Bearish,,,mean_reversion,,FINANCE,Strong Bearish,,,,,WEAK,25,25,,,,,,,24.0,-0.43,,,,,,24.0,,19,,,,mean_reversion / FINANCE / Strong Bearish,AGGREGATE,UNPROFITABLE,-1.66,0.42,,,,,,,,,,/pattern-quality,pq:mean_reversion / FINANCE / Strong Bearish,,,,"{""wins"":6,""losses"":19,""note"":""precision approximated by win rate (pattern hit rate); recall/false negatives not tracked \u2014 left blank""}"
2026-07-14T15:06:53Z,v0.5,Phase 5,Pattern Quality,Pattern stability,,pattern_quality,supertrend_follow / INFRA / Bearish,,,supertrend_follow,,INFRA,Bearish,,,,,WEAK,14,14,,,,,,,35.7,-0.19,,,,,,35.7,,9,,,,supertrend_follow / INFRA / Bearish,AGGREGATE,UNPROFITABLE,-1.81,0.62,,,,,,,,,,/pattern-quality,pq:supertrend_follow / INFRA / Bearish,,,,"{""wins"":5,""losses"":9,""note"":""precision approximated by win rate (pattern hit rate); recall/false negatives not tracked \u2014 left blank""}"
2026-07-14T15:06:53Z,v0.5,Phase 5,Pattern Quality,Pattern stability,,pattern_quality,mean_reversion / ENERGY / Bearish,,,mean_reversion,,ENERGY,Bearish,,,,,WEAK,15,15,,,,,,,26.7,-0.57,,,,,,26.7,,11,,,,mean_reversion / ENERGY / Bearish,AGGREGATE,UNPROFITABLE,-1.89,0.32,,,,,,,,,,/pattern-quality,pq:mean_reversion / ENERGY / Bearish,,,,"{""wins"":4,""losses"":11,""note"":""precision approximated by win rate (pattern hit rate); recall/false negatives not tracked \u2014 left blank""}"
2026-07-14T15:06:53Z,v0.5,Phase 5,Pattern Quality,Pattern stability,,pattern_quality,macd_cross / FINANCE / Strong Bullish,,,macd_cross,,FINANCE,Strong Bullish,,,,,WEAK,14,14,,,,,,,14.3,-0.47,,,,,,14.3,,12,,,,macd_cross / FINANCE / Strong Bullish,AGGREGATE,UNPROFITABLE,-1.92,0.35,,,,,,,,,,/pattern-quality,pq:macd_cross / FINANCE / Strong Bullish,,,,"{""wins"":2,""losses"":12,""note"":""precision approximated by win rate (pattern hit rate); recall/false negatives not tracked \u2014 left blank""}"
2026-07-14T15:06:53Z,v0.5,Phase 5,Pattern Quality,Pattern stability,,pattern_quality,macd_cross / FINANCE / Bullish,,,macd_cross,,FINANCE,Bullish,,,,,WEAK,22,22,,,,,,,13.6,-0.55,,,,,,13.6,,19,,,,macd_cross / FINANCE / Bullish,AGGREGATE,UNPROFITABLE,-1.94,0.27,,,,,,,,,,/pattern-quality,pq:macd_cross / FINANCE / Bullish,,,,"{""wins"":3,""losses"":19,""note"":""precision approximated by win rate (pattern hit rate); recall/false negatives not tracked \u2014 left blank""}"
2026-07-14T15:06:53Z,v0.5,Phase 5,Pattern Quality,Pattern stability,,pattern_quality,trend_rider / BANKING / Strong Bullish,,,trend_rider,,BANKING,Strong Bullish,,,,,WEAK,16,16,,,,,,,18.8,-0.84,,,,,,18.8,,13,,,,trend_rider / BANKING / Strong Bullish,AGGREGATE,UNPROFITABLE,-1.99,0.17,,,,,,,,,,/pattern-quality,pq:trend_rider / BANKING / Strong Bullish,,,,"{""wins"":3,""losses"":13,""note"":""precision approximated by win rate (pattern hit rate); recall/false negatives not tracked \u2014 left blank""}"
2026-07-14T15:06:53Z,v0.5,Phase 5,Pattern Quality,Pattern stability,,pattern_quality,macd_cross / ENERGY / Strong Bullish,,,macd_cross,,ENERGY,Strong Bullish,,,,,WEAK,16,16,,,,,,,12.5,-1.33,,,,,,12.5,,14,,,,macd_cross / ENERGY / Strong Bullish,AGGREGATE,UNPROFITABLE,-2.47,0.01,,,,,,,,,,/pattern-quality,pq:macd_cross / ENERGY / Strong Bullish,,,,"{""wins"":2,""losses"":14,""note"":""precision approximated by win rate (pattern hit rate); recall/false negatives not tracked \u2014 left blank""}"
2026-07-14T15:06:53Z,v0.5,Phase 5,Pattern Quality,Pattern stability,,pattern_quality,macd_cross / IT / Strong Bearish,,,macd_cross,,IT,Strong Bearish,,,,,WEAK,10,10,,,,,,,20.0,-0.81,,,,,,20.0,,8,,,,macd_cross / IT / Strong Bearish,AGGREGATE,UNPROFITABLE,-2.59,0.16,,,,,,,,,,/pattern-quality,pq:macd_cross / IT / Strong Bearish,,,,"{""wins"":2,""losses"":8,""note"":""precision approximated by win rate (pattern hit rate); recall/false negatives not tracked \u2014 left blank""}"
2026-07-14T15:06:53Z,v0.5,Phase 5,Pattern Quality,Pattern stability,,pattern_quality,trend_rider / BANKING / Neutral,,,trend_rider,,BANKING,Neutral,,,,,WEAK,10,10,,,,,,,10.0,-1.91,,,,,,10.0,,9,,,,trend_rider / BANKING / Neutral,AGGREGATE,UNPROFITABLE,-2.75,0.01,,,,,,,,,,/pattern-quality,pq:trend_rider / BANKING / Neutral,,,,"{""wins"":1,""losses"":9,""note"":""precision approximated by win rate (pattern hit rate); recall/false negatives not tracked \u2014 left blank""}"
2026-07-14T15:06:53Z,v0.5,Phase 5,Pattern Quality,Pattern stability,,pattern_quality,supertrend_follow / IT / Bullish,,,supertrend_follow,,IT,Bullish,,,,,WEAK,12,12,,,,,,,8.3,-0.77,,,,,,8.3,,11,,,,supertrend_follow / IT / Bullish,AGGREGATE,UNPROFITABLE,-3.12,0.2,,,,,,,,,,/pattern-quality,pq:supertrend_follow / IT / Bullish,,,,"{""wins"":1,""losses"":11,""note"":""precision approximated by win rate (pattern hit rate); recall/false negatives not tracked \u2014 left blank""}"
2026-07-14T15:06:53Z,v0.5,Phase 5,Pattern Quality,Pattern stability,,pattern_quality,supertrend_follow / AUTO / Bearish,,,supertrend_follow,,AUTO,Bearish,,,,,WEAK,10,10,,,,,,,20.0,-0.7,,,,,,20.0,,8,,,,supertrend_follow / AUTO / Bearish,AGGREGATE,UNPROFITABLE,-4.13,0.23,,,,,,,,,,/pattern-quality,pq:supertrend_follow / AUTO / Bearish,,,,"{""wins"":2,""losses"":8,""note"":""precision approximated by win rate (pattern hit rate); recall/false negatives not tracked \u2014 left blank""}"
2026-07-14T15:06:53Z,v0.5,Phase 5,Feature Importance,Feature importance,,feature,Market regime,,,,,,,,STABLE,,0.944,STRONG,3355,,,,,,,,,,,,,,,,,,,regime,0.1009,,,,,,,,,,,,,,,/feature-importance,regime,,,,"{""rank"":1,""direction"":""HARMFUL"",""best_value"":""High Volatility market"",""best_value_lift"":5.4,""worst_value"":""Bullish market"",""worst_value_lift"":-6.3}"
2026-07-14T15:06:53Z,v0.5,Phase 5,Feature Importance,Feature importance,,feature,Strategy,,,,,,,,STABLE,,0.944,STRONG,3355,,,,,,,,,,,,,,,,,,,strategy,0.0916,,,,,,,,,,,,,,,/feature-importance,strategy,,,,"{""rank"":2,""direction"":""HELPFUL"",""best_value"":""Strategy: mean_reversion"",""best_value_lift"":9.2,""worst_value"":""Strategy: ema_cross"",""worst_value_lift"":-3.9}"
2026-07-14T15:06:53Z,v0.5,Phase 5,Feature Importance,Feature importance,,feature,RSI,,,,,,,,STABLE,,0.944,STRONG,3355,,,,,,,,,,,,,,,,,,,rsi,0.0881,,,,,,,,,,,,,,,/feature-importance,rsi,,,,"{""rank"":3,""direction"":""HELPFUL"",""best_value"":""Weak RSI (<40)"",""best_value_lift"":8.7,""worst_value"":""Neutral RSI (40-60)"",""worst_value_lift"":-6.9}"
2026-07-14T15:06:53Z,v0.5,Phase 5,Feature Importance,Feature importance,,feature,Volatility regime,,,,,,,,STABLE,,0.944,STRONG,3355,,,,,,,,,,,,,,,,,,,vol_regime,0.0835,,,,,,,,,,,,,,,/feature-importance,vol_regime,,,,"{""rank"":4,""direction"":""HARMFUL"",""best_value"":""High volatility"",""best_value_lift"":5.4,""worst_value"":""Normal volatility"",""worst_value_lift"":-8.8}"
2026-07-14T15:06:53Z,v0.5,Phase 5,Feature Importance,Feature importance,,feature,MACD state,,,,,,,,STABLE,,0.944,STRONG,3355,,,,,,,,,,,,,,,,,,,macd_state,0.0792,,,,,,,,,,,,,,,/feature-importance,macd_state,,,,"{""rank"":5,""direction"":""HELPFUL"",""best_value"":""Bearish MACD"",""best_value_lift"":8.4,""worst_value"":""Bullish MACD"",""worst_value_lift"":-8.4}"
2026-07-14T15:06:53Z,v0.5,Phase 5,Feature Importance,Feature importance,,feature,Momentum direction,,,,,,,,STABLE,,0.944,STRONG,3355,,,,,,,,,,,,,,,,,,,momentum,0.0792,,,,,,,,,,,,,,,/feature-importance,momentum,,,,"{""rank"":6,""direction"":""HELPFUL"",""best_value"":""Momentum down"",""best_value_lift"":8.4,""worst_value"":""Momentum up"",""worst_value_lift"":-8.4}"
2026-07-14T15:06:53Z,v0.5,Phase 5,Feature Importance,Feature importance,,feature,VWAP position,,,,,,,,STABLE,,0.944,STRONG,3355,,,,,,,,,,,,,,,,,,,vwap_state,0.0674,,,,,,,,,,,,,,,/feature-importance,vwap_state,,,,"{""rank"":7,""direction"":""HELPFUL"",""best_value"":""Below VWAP"",""best_value_lift"":7.1,""worst_value"":""Above VWAP"",""worst_value_lift"":-7.1}"
2026-07-14T15:06:53Z,v0.5,Phase 5,Feature Importance,Feature importance,,feature,Sector,,,,,,,,STABLE,,0.944,STRONG,3355,,,,,,,,,,,,,,,,,,,sector,0.0637,,,,,,,,,,,,,,,/feature-importance,sector,,,,"{""rank"":8,""direction"":""HARMFUL"",""best_value"":""Sector: METALS"",""best_value_lift"":2.6,""worst_value"":""Sector: FINANCE"",""worst_value_lift"":-3.2}"
2026-07-14T15:06:53Z,v0.5,Phase 5,Feature Importance,Feature importance,,feature,Supertrend position,,,,,,,,STABLE,,0.944,STRONG,3355,,,,,,,,,,,,,,,,,,,supertrend,0.0452,,,,,,,,,,,,,,,/feature-importance,supertrend,,,,"{""rank"":9,""direction"":""HELPFUL"",""best_value"":""Below Supertrend"",""best_value_lift"":4.8,""worst_value"":""Above Supertrend"",""worst_value_lift"":-4.8}"
2026-07-14T15:06:53Z,v0.5,Phase 5,Feature Importance,Feature importance,,feature,EMA alignment,,,,,,,,STABLE,,0.944,STRONG,3355,,,,,,,,,,,,,,,,,,,ema_align,0.0419,,,,,,,,,,,,,,,/feature-importance,ema_align,,,,"{""rank"":10,""direction"":""HARMFUL"",""best_value"":""Bearish EMA stack"",""best_value_lift"":4.2,""worst_value"":""Bullish EMA stack"",""worst_value_lift"":-4.4}"
2026-07-14T15:06:53Z,v0.5,Phase 5,Feature Importance,Feature importance,,feature,ATR volatility,,,,,,,,STABLE,,0.944,STRONG,3355,,,,,,,,,,,,,,,,,,,atr,0.0409,,,,,,,,,,,,,,,/feature-importance,atr,,,,"{""rank"":11,""direction"":""HARMFUL"",""best_value"":""High volatility"",""best_value_lift"":4.2,""worst_value"":""Normal volatility"",""worst_value_lift"":-4.3}"
2026-07-14T15:06:53Z,v0.5,Phase 5,Feature Importance,Feature importance,,feature,ADX trend strength,,,,,,,,STABLE,,0.944,STRONG,3355,,,,,,,,,,,,,,,,,,,adx,0.0384,,,,,,,,,,,,,,,/feature-importance,adx,,,,"{""rank"":12,""direction"":""HARMFUL"",""best_value"":""Moderate ADX (20-25)"",""best_value_lift"":2.6,""worst_value"":""Weak ADX (<20)"",""worst_value_lift"":-4.1}"
2026-07-14T15:06:53Z,v0.5,Phase 5,Feature Importance,Feature importance,,feature,Volume confirmation,,,,,,,,STABLE,,0.944,STRONG,3355,,,,,,,,,,,,,,,,,,,volume,0.0323,,,,,,,,,,,,,,,/feature-importance,volume,,,,"{""rank"":13,""direction"":""HARMFUL"",""best_value"":""Volume confirmation (>1.5x)"",""best_value_lift"":2.2,""worst_value"":""Weak volume (<0.8x avg)"",""worst_value_lift"":-3.4}"
2026-07-14T15:06:53Z,v0.5,Phase 5,Trade Replay,Paper trade replay,,paper_trade,SBIN 58152a3e,,,,SBIN,,BULLISH,,TARGET_HIT,STRONG_BUY,82.0,,,,,7.35,300.0,,,,,,,,,,,,,,,,,,,,,,Near target — partial exit,AI Decision: BUY — strong breakout with low volatility,,,,,,,,/trade-replay,58152a3e,,,,"{""rr_ratio"":3.2,""entry_price"":1020.0,""exit_price"":1095.0,""indicators_at_entry"":""not stored for paper trades \u2014 blank, not fabricated""}"
2026-07-14T15:06:53Z,v0.5,Phase 5,Trade Replay,Paper trade replay,,paper_trade,ICICIBANK c5ed96de,,,,ICICIBANK,,LOW_VOLATILITY,,STOP_HIT,WATCH,65.0,,,,,-1.43,-60.0,,,,,,,,,,,,,,,,,,,,,,Stop loss triggered,AI Decision: WATCH on RSI support,,,,,,,,/trade-replay,c5ed96de,,,,"{""rr_ratio"":2.1,""entry_price"":1400.0,""exit_price"":1380.0,""indicators_at_entry"":""not stored for paper trades \u2014 blank, not fabricated""}"
2026-07-14T15:06:53Z,v0.5,Phase 5,Trade Replay,Paper trade replay,,paper_trade,HDFCBANK e74d9c83,,,,HDFCBANK,,LOW_VOLATILITY,,TARGET_HIT,BUY,72.0,,,,,5.49,225.0,,,,,,,,,,,,,,,,,,,,,,Target approached — taking profit,AI Decision: WATCH → BUY on momentum,,,,,,,,/trade-replay,e74d9c83,,,,"{""rr_ratio"":2.5,""entry_price"":820.0,""exit_price"":865.0,""indicators_at_entry"":""not stored for paper trades \u2014 blank, not fabricated""}"
2026-07-14T15:06:53Z,v0.5,Phase 5,Trade Replay,Trade diagnosis,,trade_diagnosis,HCLTECH 2022-10-04,Bear Market (verify fix),0a655cee0ae9,Mean Reversion,HCLTECH,IT,Neutral-Bullish,,WIN,,80.6,,,,,1.96,15.88,,,,,,,,,,,,,,,,,,,,,,Exit: Signal Exit. Price moved up to +2.62% in the trade's favour (MFE). Held 1 day(s).,Mean Reversion issued a BUY signal on HCLTECH (IT) with 81% raw confidence (81% calibrated) in a Neutral-Bullish regime; opening gap +1.32%.,"[{""filter"":""Opening-gap check"",""value"":""+1.32%"",""respected"":true,""note"":null},{""filter"":""Full fill"",""value"":""full"",""respected"":true,""note"":null},{""filter"":""Confidence floor (55%)"",""value"":""81%"",""respected"":true,""note"":null}]",,,,,,,/research-intelligence (Trade Diagnostics),0a655cee0ae9:HCLTECH:2022-10-04,,,,"{""exit_reason"":""Signal Exit"",""holding_days"":1.0,""mae_pct"":0.0,""mfe_pct"":2.62,""indicators_at_entry"":""not stored \u2014 blank, not fabricated""}"
2026-07-14T15:06:53Z,v0.5,Phase 5,Trade Replay,Trade diagnosis,,trade_diagnosis,HCLTECH 2022-10-07,Bear Market (verify fix),0a655cee0ae9,Mean Reversion,HCLTECH,IT,Bullish,,LOSS,,80.6,,,,,-0.55,-4.58,,,,,,,,,,,,,,,,,,,,,,Exit: Signal Exit. Adverse move reached -2.44% (MAE) before exit. Held 1 day(s).,Mean Reversion issued a BUY signal on HCLTECH (IT) with 81% raw confidence (81% calibrated) in a Bullish regime; opening gap +0.05%.,"[{""filter"":""Opening-gap check"",""value"":""+0.05%"",""respected"":true,""note"":null},{""filter"":""Full fill"",""value"":""full"",""respected"":true,""note"":null},{""filter"":""Confidence floor (55%)"",""value"":""81%"",""respected"":true,""note"":null}]",,,,,,,/research-intelligence (Trade Diagnostics),0a655cee0ae9:HCLTECH:2022-10-07,,,,"{""exit_reason"":""Signal Exit"",""holding_days"":1.0,""mae_pct"":-2.44,""mfe_pct"":0.15,""indicators_at_entry"":""not stored \u2014 blank, not fabricated""}"
2026-07-14T15:06:53Z,v0.5,Phase 5,Trade Replay,Trade diagnosis,,trade_diagnosis,HCLTECH 2022-10-11,Bear Market (verify fix),0a655cee0ae9,Mean Reversion,HCLTECH,IT,Bullish,,LOSS,,80.6,,,,,-2.03,-16.89,,,,,,,,,,,,,,,,,,,,,,Exit: Signal Exit. Adverse move reached -2.63% (MAE) before exit. Held 1 day(s).,Mean Reversion issued a BUY signal on HCLTECH (IT) with 81% raw confidence (81% calibrated) in a Bullish regime; opening gap +0.50%.,"[{""filter"":""Opening-gap check"",""value"":""+0.50%"",""respected"":true,""note"":null},{""filter"":""Full fill"",""value"":""full"",""respected"":true,""note"":null},{""filter"":""Confidence floor (55%)"",""value"":""81%"",""respected"":true,""note"":null}]",,,,,,,/research-intelligence (Trade Diagnostics),0a655cee0ae9:HCLTECH:2022-10-11,,,,"{""exit_reason"":""Signal Exit"",""holding_days"":1.0,""mae_pct"":-2.63,""mfe_pct"":0.0,""indicators_at_entry"":""not stored \u2014 blank, not fabricated""}"
2026-07-14T15:06:53Z,v0.5,Phase 5,Trade Replay,Trade diagnosis,,trade_diagnosis,HCLTECH 2022-10-13,Bear Market (verify fix),0a655cee0ae9,Mean Reversion,HCLTECH,IT,Neutral-Bullish,,WIN,,80.6,,,,,3.01,25.13,,,,,,,,,,,,,,,,,,,,,,Exit: Target Hit. Price moved up to +5.16% in the trade's favour (MFE). Held 1 day(s).,Mean Reversion issued a BUY signal on HCLTECH (IT) with 81% raw confidence (81% calibrated) in a Neutral-Bullish regime; opening gap +2.11%.,"[{""filter"":""Opening-gap check"",""value"":""+2.11%"",""respected"":true,""note"":null},{""filter"":""Full fill"",""value"":""full"",""respected"":true,""note"":null},{""filter"":""Confidence floor (55%)"",""value"":""81%"",""respected"":true,""note"":null}]",,,,,,,/research-intelligence (Trade Diagnostics),0a655cee0ae9:HCLTECH:2022-10-13,,,,"{""exit_reason"":""Target Hit"",""holding_days"":1.0,""mae_pct"":0.0,""mfe_pct"":5.16,""indicators_at_entry"":""not stored \u2014 blank, not fabricated""}"
2026-07-14T15:06:53Z,v0.5,Phase 5,Trade Replay,Trade diagnosis,,trade_diagnosis,HCLTECH 2022-10-17,Bear Market (verify fix),0a655cee0ae9,Mean Reversion,HCLTECH,IT,Bearish,,LOSS,,80.6,,,,,-0.02,-0.21,,,,,,,,,,,,,,,,,,,,,,Exit: Signal Exit. Adverse move reached -0.73% (MAE) before exit. Held 1 day(s).,Mean Reversion issued a BUY signal on HCLTECH (IT) with 81% raw confidence (81% calibrated) in a Bearish regime; opening gap +0.31%.,"[{""filter"":""Opening-gap check"",""value"":""+0.31%"",""respected"":true,""note"":null},{""filter"":""Full fill"",""value"":""full"",""respected"":true,""note"":null},{""filter"":""Confidence floor (55%)"",""value"":""81%"",""respected"":true,""note"":null}]",,,,,,,/research-intelligence (Trade Diagnostics),0a655cee0ae9:HCLTECH:2022-10-17,,,,"{""exit_reason"":""Signal Exit"",""holding_days"":1.0,""mae_pct"":-0.73,""mfe_pct"":0.71,""indicators_at_entry"":""not stored \u2014 blank, not fabricated""}"
2026-07-14T15:06:53Z,v0.5,Phase 5,Trade Replay,Trade diagnosis,,trade_diagnosis,HCLTECH 2022-10-19,Bear Market (verify fix),0a655cee0ae9,Mean Reversion,HCLTECH,IT,Bullish,,WIN,,80.6,,,,,0.71,6.18,,,,,,,,,,,,,,,,,,,,,,Exit: Signal Exit. Price moved up to +1.20% in the trade's favour (MFE). Held 1 day(s).,Mean Reversion issued a BUY signal on HCLTECH (IT) with 81% raw confidence (81% calibrated) in a Bullish regime; opening gap +0.73%.,"[{""filter"":""Opening-gap check"",""value"":""+0.73%"",""respected"":true,""note"":null},{""filter"":""Full fill"",""value"":""full"",""respected"":true,""note"":null},{""filter"":""Confidence floor (55%)"",""value"":""81%"",""respected"":true,""note"":null}]",,,,,,,/research-intelligence (Trade Diagnostics),0a655cee0ae9:HCLTECH:2022-10-19,,,,"{""exit_reason"":""Signal Exit"",""holding_days"":1.0,""mae_pct"":-1.91,""mfe_pct"":1.2,""indicators_at_entry"":""not stored \u2014 blank, not fabricated""}"
2026-07-14T15:06:53Z,v0.5,Phase 5,Trade Replay,Trade diagnosis,,trade_diagnosis,HCLTECH 2022-10-21,Bear Market (verify fix),0a655cee0ae9,Mean Reversion,HCLTECH,IT,Bullish,,WIN,,80.6,,,,,0.52,4.58,,,,,,,,,,,,,,,,,,,,,,Exit: Signal Exit. Price moved up to +1.52% in the trade's favour (MFE). Held 1 day(s).,Mean Reversion issued a BUY signal on HCLTECH (IT) with 81% raw confidence (81% calibrated) in a Bullish regime; opening gap +0.50%.,"[{""filter"":""Opening-gap check"",""value"":""+0.50%"",""respected"":true,""note"":null},{""filter"":""Full fill"",""value"":""full"",""respected"":true,""note"":null},{""filter"":""Confidence floor (55%)"",""value"":""81%"",""respected"":true,""note"":null}]",,,,,,,/research-intelligence (Trade Diagnostics),0a655cee0ae9:HCLTECH:2022-10-21,,,,"{""exit_reason"":""Signal Exit"",""holding_days"":1.0,""mae_pct"":0.0,""mfe_pct"":1.52,""indicators_at_entry"":""not stored \u2014 blank, not fabricated""}"
2026-07-14T15:06:53Z,v0.5,Phase 5,Trade Replay,Trade diagnosis,,trade_diagnosis,HCLTECH 2022-10-25,Bear Market (verify fix),0a655cee0ae9,Mean Reversion,HCLTECH,IT,Bullish,,LOSS,,80.6,,,,,-0.75,-6.76,,,,,,,,,,,,,,,,,,,,,,Exit: Signal Exit. Adverse move reached -1.66% (MAE) before exit. Held 1 day(s).,Mean Reversion issued a BUY signal on HCLTECH (IT) with 81% raw confidence (81% calibrated) in a Bullish regime; opening gap +0.43%.,"[{""filter"":""Opening-gap check"",""value"":""+0.43%"",""respected"":true,""note"":null},{""filter"":""Full fill"",""value"":""full"",""respected"":true,""note"":null},{""filter"":""Confidence floor (55%)"",""value"":""81%"",""respected"":true,""note"":null}]",,,,,,,/research-intelligence (Trade Diagnostics),0a655cee0ae9:HCLTECH:2022-10-25,,,,"{""exit_reason"":""Signal Exit"",""holding_days"":1.0,""mae_pct"":-1.66,""mfe_pct"":0.06,""indicators_at_entry"":""not stored \u2014 blank, not fabricated""}"
2026-07-14T15:06:53Z,v0.5,Phase 5,Trade Replay,Trade diagnosis,,trade_diagnosis,HCLTECH 2022-10-28,Bear Market (verify fix),0a655cee0ae9,Mean Reversion,HCLTECH,IT,Bullish,,WIN,,80.6,,,,,0.52,4.63,,,,,,,,,,,,,,,,,,,,,,Exit: Signal Exit. Price moved up to +1.91% in the trade's favour (MFE). Held 1 day(s).,Mean Reversion issued a BUY signal on HCLTECH (IT) with 81% raw confidence (81% calibrated) in a Bullish regime; opening gap -0.01%.,"[{""filter"":""Opening-gap check"",""value"":""-0.01%"",""respected"":true,""note"":null},{""filter"":""Full fill"",""value"":""full"",""respected"":true,""note"":null},{""filter"":""Confidence floor (55%)"",""value"":""81%"",""respected"":true,""note"":null}]",,,,,,,/research-intelligence (Trade Diagnostics),0a655cee0ae9:HCLTECH:2022-10-28,,,,"{""exit_reason"":""Signal Exit"",""holding_days"":1.0,""mae_pct"":0.0,""mfe_pct"":1.91,""indicators_at_entry"":""not stored \u2014 blank, not fabricated""}"
2026-07-14T15:06:53Z,v0.5,Phase 5,Trade Replay,Trade diagnosis,,trade_diagnosis,NTPC 2022-10-04,Bear Market (verify fix),0a655cee0ae9,MACD Cross,NTPC,ENERGY,Neutral-Bullish,,WIN,,70.6,,,,,11.72,102.4,,,,,,,,,,,,,,,,,,,,,,Exit: Target Hit. Price moved up to +12.88% in the trade's favour (MFE). Held 18 day(s).,MACD Cross issued a BUY signal on NTPC (ENERGY) with 71% raw confidence (71% calibrated) in a Neutral-Bullish regime; opening gap +1.00%.,"[{""filter"":""Opening-gap check"",""value"":""+1.00%"",""respected"":true,""note"":null},{""filter"":""Full fill"",""value"":""full"",""respected"":true,""note"":null},{""filter"":""Confidence floor (55%)"",""value"":""71%"",""respected"":true,""note"":null}]",,,,,,,/research-intelligence (Trade Diagnostics),0a655cee0ae9:NTPC:2022-10-04,,,,"{""exit_reason"":""Target Hit"",""holding_days"":18.0,""mae_pct"":-1.09,""mfe_pct"":12.88,""indicators_at_entry"":""not stored \u2014 blank, not fabricated""}"
2026-07-14T15:06:53Z,v0.5,Phase 5,Trade Replay,Trade diagnosis,,trade_diagnosis,HCLTECH 2022-11-01,Bear Market (verify fix),0a655cee0ae9,Mean Reversion,HCLTECH,IT,Bullish,,LOSS,,80.6,,,,,-0.73,-6.67,,,,,,,,,,,,,,,,,,,,,,Exit: Signal Exit. Adverse move reached -0.69% (MAE) before exit. Held 1 day(s).,Mean Reversion issued a BUY signal on HCLTECH (IT) with 81% raw confidence (81% calibrated) in a Bullish regime; opening gap +0.75%.,"[{""filter"":""Opening-gap check"",""value"":""+0.75%"",""respected"":true,""note"":null},{""filter"":""Full fill"",""value"":""full"",""respected"":true,""note"":null},{""filter"":""Confidence floor (55%)"",""value"":""81%"",""respected"":true,""note"":null}]",,,,,,,/research-intelligence (Trade Diagnostics),0a655cee0ae9:HCLTECH:2022-11-01,,,,"{""exit_reason"":""Signal Exit"",""holding_days"":1.0,""mae_pct"":-0.69,""mfe_pct"":1.58,""indicators_at_entry"":""not stored \u2014 blank, not fabricated""}"
2026-07-14T15:06:53Z,v0.5,Phase 5,Trade Replay,Trade diagnosis,,trade_diagnosis,HCLTECH 2022-11-03,Bear Market (verify fix),0a655cee0ae9,Mean Reversion,HCLTECH,IT,Bullish,,WIN,,80.6,,,,,0.72,6.49,,,,,,,,,,,,,,,,,,,,,,Exit: Signal Exit. Price moved up to +1.37% in the trade's favour (MFE). Held 1 day(s).,Mean Reversion issued a BUY signal on HCLTECH (IT) with 81% raw confidence (81% calibrated) in a Bullish regime; opening gap -1.07%.,"[{""filter"":""Opening-gap check"",""value"":""-1.07%"",""respected"":true,""note"":null},{""filter"":""Full fill"",""value"":""full"",""respected"":true,""note"":null},{""filter"":""Confidence floor (55%)"",""value"":""81%"",""respected"":true,""note"":null}]",,,,,,,/research-intelligence (Trade Diagnostics),0a655cee0ae9:HCLTECH:2022-11-03,,,,"{""exit_reason"":""Signal Exit"",""holding_days"":1.0,""mae_pct"":-0.13,""mfe_pct"":1.37,""indicators_at_entry"":""not stored \u2014 blank, not fabricated""}"
2026-07-14T15:06:53Z,v0.5,Phase 5,Trade Replay,Trade diagnosis,,trade_diagnosis,NTPC 2022-11-02,Bear Market (verify fix),0a655cee0ae9,MACD Cross,NTPC,ENERGY,Bullish,,LOSS,,70.6,,,,,-5.41,-53.05,,,,,,,,,,,,,,,,,,,,,,Exit: Stop-Loss Hit. Adverse move reached -5.38% (MAE) before exit. The stop-loss rule ended the trade as designed. Held 4 day(s).,MACD Cross issued a BUY signal on NTPC (ENERGY) with 71% raw confidence (71% calibrated) in a Bullish regime; opening gap +0.05%.,"[{""filter"":""Opening-gap check"",""value"":""+0.05%"",""respected"":true,""note"":null},{""filter"":""Full fill"",""value"":""full"",""respected"":true,""note"":null},{""filter"":""Confidence floor (55%)"",""value"":""71%"",""respected"":true,""note"":null}]",,,,,,,/research-intelligence (Trade Diagnostics),0a655cee0ae9:NTPC:2022-11-02,,,,"{""exit_reason"":""Stop-Loss Hit"",""holding_days"":4.0,""mae_pct"":-5.38,""mfe_pct"":0.0,""indicators_at_entry"":""not stored \u2014 blank, not fabricated""}"
2026-07-14T15:06:53Z,v0.5,Phase 5,Trade Replay,Trade diagnosis,,trade_diagnosis,HCLTECH 2022-11-07,Bear Market (verify fix),0a655cee0ae9,Mean Reversion,HCLTECH,IT,Bullish,,WIN,,80.6,,,,,0.14,1.25,,,,,,,,,,,,,,,,,,,,,,Exit: Signal Exit. Price moved up to +1.20% in the trade's favour (MFE). Held 1 day(s).,Mean Reversion issued a BUY signal on HCLTECH (IT) with 81% raw confidence (81% calibrated) in a Bullish regime; opening gap +0.26%.,"[{""filter"":""Opening-gap check"",""value"":""+0.26%"",""respected"":true,""note"":null},{""filter"":""Full fill"",""value"":""full"",""respected"":true,""note"":null},{""filter"":""Confidence floor (55%)"",""value"":""81%"",""respected"":true,""note"":null}]",,,,,,,/research-intelligence (Trade Diagnostics),0a655cee0ae9:HCLTECH:2022-11-07,,,,"{""exit_reason"":""Signal Exit"",""holding_days"":1.0,""mae_pct"":0.0,""mfe_pct"":1.2,""indicators_at_entry"":""not stored \u2014 blank, not fabricated""}"
2026-07-14T15:06:53Z,v0.5,Phase 5,Trade Replay,Trade diagnosis,,trade_diagnosis,COALINDIA 2022-10-11,Bear Market (verify fix),0a655cee0ae9,Trend Rider,COALINDIA,ENERGY,Bullish,,WIN,,63.6,,,,,9.41,48.86,,,,,,,,,,,,,,,,,,,,,,Exit: Time Exit. Price moved up to +13.97% in the trade's favour (MFE). Held 20 day(s).,Trend Rider issued a BUY signal on COALINDIA (ENERGY) with 64% raw confidence (64% calibrated) in a Bullish regime; opening gap +0.48%.,"[{""filter"":""Opening-gap check"",""value"":""+0.48%"",""respected"":true,""note"":null},{""filter"":""Full fill"",""value"":""full"",""respected"":true,""note"":null},{""filter"":""Confidence floor (55%)"",""value"":""64%"",""respected"":true,""note"":null}]",,,,,,,/research-intelligence (Trade Diagnostics),0a655cee0ae9:COALINDIA:2022-10-11,,,,"{""exit_reason"":""Time Exit"",""holding_days"":20.0,""mae_pct"":-2.41,""mfe_pct"":13.97,""indicators_at_entry"":""not stored \u2014 blank, not fabricated""}"
2026-07-14T15:06:53Z,v0.5,Phase 5,Trade Replay,Trade diagnosis,,trade_diagnosis,HDFCBANK 2022-10-18,Bear Market (verify fix),0a655cee0ae9,MACD Cross,HDFCBANK,BANKING,Neutral-Bearish,,WIN,,71.5,,,,,9.05,62.51,,,,,,,,,,,,,,,,,,,,,,Exit: Target Hit. Price moved up to +12.19% in the trade's favour (MFE). Held 16 day(s).,MACD Cross issued a BUY signal on HDFCBANK (BANKING) with 72% raw confidence (72% calibrated) in a Neutral-Bearish regime; opening gap +0.79%.,"[{""filter"":""Opening-gap check"",""value"":""+0.79%"",""respected"":true,""note"":null},{""filter"":""Full fill"",""value"":""full"",""respected"":true,""note"":null},{""filter"":""Confidence floor (55%)"",""value"":""72%"",""respected"":true,""note"":null}]",,,,,,,/research-intelligence (Trade Diagnostics),0a655cee0ae9:HDFCBANK:2022-10-18,,,,"{""exit_reason"":""Target Hit"",""holding_days"":16.0,""mae_pct"":-1.72,""mfe_pct"":12.19,""indicators_at_entry"":""not stored \u2014 blank, not fabricated""}"
2026-07-14T15:06:53Z,v0.5,Phase 5,Trade Replay,Trade diagnosis,,trade_diagnosis,HCLTECH 2022-11-10,Bear Market (verify fix),0a655cee0ae9,Mean Reversion,HCLTECH,IT,Neutral-Bullish,,WIN,,80.6,,,,,4.14,37.69,,,,,,,,,,,,,,,,,,,,,,Exit: Target Hit. Price moved up to +4.56% in the trade's favour (MFE). Held 1 day(s).,Mean Reversion issued a BUY signal on HCLTECH (IT) with 81% raw confidence (81% calibrated) in a Neutral-Bullish regime; opening gap -0.33%.,"[{""filter"":""Opening-gap check"",""value"":""-0.33%"",""respected"":true,""note"":null},{""filter"":""Full fill"",""value"":""full"",""respected"":true,""note"":null},{""filter"":""Confidence floor (55%)"",""value"":""81%"",""respected"":true,""note"":null}]",,,,,,,/research-intelligence (Trade Diagnostics),0a655cee0ae9:HCLTECH:2022-11-10,,,,"{""exit_reason"":""Target Hit"",""holding_days"":1.0,""mae_pct"":0.0,""mfe_pct"":4.56,""indicators_at_entry"":""not stored \u2014 blank, not fabricated""}"
2026-07-14T15:06:53Z,v0.5,Phase 5,Trade Replay,Trade diagnosis,,trade_diagnosis,NTPC 2022-11-10,Bear Market (verify fix),0a655cee0ae9,MACD Cross,NTPC,ENERGY,Neutral-Bullish,,LOSS,,70.6,,,,,-1.55,-14.52,,,,,,,,,,,,,,,,,,,,,,Exit: Signal Exit. Adverse move reached -2.29% (MAE) before exit. Held 1 day(s).,MACD Cross issued a BUY signal on NTPC (ENERGY) with 71% raw confidence (71% calibrated) in a Neutral-Bullish regime; opening gap +0.06%.,"[{""filter"":""Opening-gap check"",""value"":""+0.06%"",""respected"":true,""note"":null},{""filter"":""Full fill"",""value"":""full"",""respected"":true,""note"":null},{""filter"":""Confidence floor (55%)"",""value"":""71%"",""respected"":true,""note"":null}]",,,,,,,/research-intelligence (Trade Diagnostics),0a655cee0ae9:NTPC:2022-11-10,,,,"{""exit_reason"":""Signal Exit"",""holding_days"":1.0,""mae_pct"":-2.29,""mfe_pct"":0.0,""indicators_at_entry"":""not stored \u2014 blank, not fabricated""}"
2026-07-14T15:06:53Z,v0.5,Phase 5,Trade Replay,Trade diagnosis,,trade_diagnosis,HCLTECH 2022-11-21,Bear Market (verify fix),0a655cee0ae9,Mean Reversion,HCLTECH,IT,Neutral-Bullish,,WIN,,80.6,,,,,0.04,0.35,,,,,,,,,,,,,,,,,,,,,,Exit: Signal Exit. Price moved up to +0.56% in the trade's favour (MFE). Held 1 day(s).,Mean Reversion issued a BUY signal on HCLTECH (IT) with 81% raw confidence (81% calibrated) in a Neutral-Bullish regime; opening gap -0.39%.,"[{""filter"":""Opening-gap check"",""value"":""-0.39%"",""respected"":true,""note"":null},{""filter"":""Full fill"",""value"":""full"",""respected"":true,""note"":null},{""filter"":""Confidence floor (55%)"",""value"":""81%"",""respected"":true,""note"":null}]",,,,,,,/research-intelligence (Trade Diagnostics),0a655cee0ae9:HCLTECH:2022-11-21,,,,"{""exit_reason"":""Signal Exit"",""holding_days"":1.0,""mae_pct"":-1.07,""mfe_pct"":0.56,""indicators_at_entry"":""not stored \u2014 blank, not fabricated""}"
2026-07-14T15:06:53Z,v0.5,Phase 5,Trade Replay,Trade diagnosis,,trade_diagnosis,HCLTECH 2022-11-23,Bear Market (verify fix),0a655cee0ae9,Mean Reversion,HCLTECH,IT,Neutral-Bullish,,WIN,,80.6,,,,,1.49,14.29,,,,,,,,,,,,,,,,,,,,,,Exit: Signal Exit. Price moved up to +2.27% in the trade's favour (MFE). Held 1 day(s).,Mean Reversion issued a BUY signal on HCLTECH (IT) with 81% raw confidence (81% calibrated) in a Neutral-Bullish regime; opening gap +0.50%.,"[{""filter"":""Opening-gap check"",""value"":""+0.50%"",""respected"":true,""note"":null},{""filter"":""Full fill"",""value"":""full"",""respected"":true,""note"":null},{""filter"":""Confidence floor (55%)"",""value"":""81%"",""respected"":true,""note"":null}]",,,,,,,/research-intelligence (Trade Diagnostics),0a655cee0ae9:HCLTECH:2022-11-23,,,,"{""exit_reason"":""Signal Exit"",""holding_days"":1.0,""mae_pct"":-0.57,""mfe_pct"":2.27,""indicators_at_entry"":""not stored \u2014 blank, not fabricated""}"
2026-07-14T15:06:53Z,v0.5,Phase 5,Trade Replay,Trade diagnosis,,trade_diagnosis,HCLTECH 2022-12-02,Bear Market (verify fix),0a655cee0ae9,Mean Reversion,HCLTECH,IT,Bullish,,LOSS,,80.6,,,,,-0.86,-8.47,,,,,,,,,,,,,,,,,,,,,,Exit: Signal Exit. Adverse move reached -0.88% (MAE) before exit. Held 1 day(s).,Mean Reversion issued a BUY signal on HCLTECH (IT) with 81% raw confidence (81% calibrated) in a Bullish regime; opening gap -0.00%.,"[{""filter"":""Opening-gap check"",""value"":""-0.00%"",""respected"":true,""note"":null},{""filter"":""Full fill"",""value"":""full"",""respected"":true,""note"":null},{""filter"":""Confidence floor (55%)"",""value"":""81%"",""respected"":true,""note"":null}]",,,,,,,/research-intelligence (Trade Diagnostics),0a655cee0ae9:HCLTECH:2022-12-02,,,,"{""exit_reason"":""Signal Exit"",""holding_days"":1.0,""mae_pct"":-0.88,""mfe_pct"":0.41,""indicators_at_entry"":""not stored \u2014 blank, not fabricated""}"
2026-07-14T15:06:53Z,v0.5,Phase 5,Trade Replay,Trade diagnosis,,trade_diagnosis,ADANIPORTS 2022-11-11,Bear Market (verify fix),0a655cee0ae9,Trend Rider,ADANIPORTS,INFRA,Neutral-Bullish,,LOSS,,60.2,,,,,-1.94,-17.24,,,,,,,,,,,,,,,,,,,,,,Exit: Time Exit. Adverse move reached -4.31% (MAE) before exit. Held 20 day(s).,Trend Rider issued a BUY signal on ADANIPORTS (INFRA) with 60% raw confidence (60% calibrated) in a Neutral-Bullish regime; opening gap +1.29%.,"[{""filter"":""Opening-gap check"",""value"":""+1.29%"",""respected"":true,""note"":null},{""filter"":""Full fill"",""value"":""full"",""respected"":true,""note"":null},{""filter"":""Confidence floor (55%)"",""value"":""60%"",""respected"":true,""note"":null}]",,,,,,,/research-intelligence (Trade Diagnostics),0a655cee0ae9:ADANIPORTS:2022-11-11,,,,"{""exit_reason"":""Time Exit"",""holding_days"":20.0,""mae_pct"":-4.31,""mfe_pct"":1.14,""indicators_at_entry"":""not stored \u2014 blank, not fabricated""}"
2026-07-14T15:06:53Z,v0.5,Phase 5,Trade Replay,Trade diagnosis,,trade_diagnosis,NTPC 2022-11-14,Bear Market (verify fix),0a655cee0ae9,MACD Cross,NTPC,ENERGY,Bullish,,LOSS,,70.6,,,,,-2.02,-18.8,,,,,,,,,,,,,,,,,,,,,,Exit: Signal Exit. Adverse move reached -4.83% (MAE) before exit. The trade was profitable at one point (MFE +2.04%) but gave the gain back. Held 19 day(s).,MACD Cross issued a BUY signal on NTPC (ENERGY) with 71% raw confidence (71% calibrated) in a Bullish regime; opening gap +0.52%.,"[{""filter"":""Opening-gap check"",""value"":""+0.52%"",""respected"":true,""note"":null},{""filter"":""Full fill"",""value"":""full"",""respected"":true,""note"":null},{""filter"":""Confidence floor (55%)"",""value"":""71%"",""respected"":true,""note"":null}]",,,,,,,/research-intelligence (Trade Diagnostics),0a655cee0ae9:NTPC:2022-11-14,,,,"{""exit_reason"":""Signal Exit"",""holding_days"":19.0,""mae_pct"":-4.83,""mfe_pct"":2.04,""indicators_at_entry"":""not stored \u2014 blank, not fabricated""}"
2026-07-14T15:06:53Z,v0.5,Phase 5,Trade Replay,Trade diagnosis,,trade_diagnosis,HCLTECH 2022-12-07,Bear Market (verify fix),0a655cee0ae9,Mean Reversion,HCLTECH,IT,Neutral-Bullish,,LOSS,,80.6,,,,,-3.86,-37.35,,,,,,,,,,,,,,,,,,,,,,Exit: Stop-Loss Hit. Adverse move reached -8.44% (MAE) before exit. The stop-loss rule ended the trade as designed. Held 2 day(s).,Mean Reversion issued a BUY signal on HCLTECH (IT) with 81% raw confidence (81% calibrated) in a Neutral-Bullish regime; opening gap -0.62%.,"[{""filter"":""Opening-gap check"",""value"":""-0.62%"",""respected"":true,""note"":null},{""filter"":""Full fill"",""value"":""full"",""respected"":true,""note"":null},{""filter"":""Confidence floor (55%)"",""value"":""81%"",""respected"":true,""note"":null}]",,,,,,,/research-intelligence (Trade Diagnostics),0a655cee0ae9:HCLTECH:2022-12-07,,,,"{""exit_reason"":""Stop-Loss Hit"",""holding_days"":2.0,""mae_pct"":-8.44,""mfe_pct"":0.0,""indicators_at_entry"":""not stored \u2014 blank, not fabricated""}"
2026-07-14T15:06:53Z,v0.5,Phase 5,Trade Replay,Trade diagnosis,,trade_diagnosis,ITC 2022-12-13,Bear Market (verify fix),0a655cee0ae9,MACD Cross,ITC,FMCG,Neutral-Bullish,,LOSS,,64.4,,,,,-3.7,-31.61,,,,,,,,,,,,,,,,,,,,,,Exit: Stop-Loss Hit. Adverse move reached -3.90% (MAE) before exit. The stop-loss rule ended the trade as designed. Held 3 day(s).,MACD Cross issued a BUY signal on ITC (FMCG) with 64% raw confidence (64% calibrated) in a Neutral-Bullish regime; opening gap +0.38%.,"[{""filter"":""Opening-gap check"",""value"":""+0.38%"",""respected"":true,""note"":null},{""filter"":""Full fill"",""value"":""full"",""respected"":true,""note"":null},{""filter"":""Confidence floor (55%)"",""value"":""64%"",""respected"":true,""note"":null}]",,,,,,,/research-intelligence (Trade Diagnostics),0a655cee0ae9:ITC:2022-12-13,,,,"{""exit_reason"":""Stop-Loss Hit"",""holding_days"":3.0,""mae_pct"":-3.9,""mfe_pct"":0.75,""indicators_at_entry"":""not stored \u2014 blank, not fabricated""}"
2026-07-14T15:06:53Z,v0.5,Phase 5,Trade Replay,Trade diagnosis,,trade_diagnosis,COALINDIA 2022-12-15,Bear Market (verify fix),0a655cee0ae9,Trend Rider,COALINDIA,ENERGY,Bullish,,LOSS,,63.6,,,,,-3.97,-22.05,,,,,,,,,,,,,,,,,,,,,,Exit: Stop-Loss Hit. Adverse move reached -3.78% (MAE) before exit. The stop-loss rule ended the trade as designed. Held 1 day(s).,Trend Rider issued a BUY signal on COALINDIA (ENERGY) with 64% raw confidence (64% calibrated) in a Bullish regime; opening gap -0.11%.,"[{""filter"":""Opening-gap check"",""value"":""-0.11%"",""respected"":true,""note"":null},{""filter"":""Full fill"",""value"":""full"",""respected"":true,""note"":null},{""filter"":""Confidence floor (55%)"",""value"":""64%"",""respected"":true,""note"":null}]",,,,,,,/research-intelligence (Trade Diagnostics),0a655cee0ae9:COALINDIA:2022-12-15,,,,"{""exit_reason"":""Stop-Loss Hit"",""holding_days"":1.0,""mae_pct"":-3.78,""mfe_pct"":0.0,""indicators_at_entry"":""not stored \u2014 blank, not fabricated""}"
2026-07-14T15:06:53Z,v0.5,Phase 5,Trade Replay,Trade diagnosis,,trade_diagnosis,NTPC 2022-12-12,Bear Market (verify fix),0a655cee0ae9,MACD Cross,NTPC,ENERGY,Neutral-Bullish,,LOSS,,70.6,,,,,-4.46,-40.93,,,,,,,,,,,,,,,,,,,,,,Exit: Stop-Loss Hit. Adverse move reached -4.57% (MAE) before exit. The trade was profitable at one point (MFE +2.31%) but gave the gain back. The stop-loss rule ended the trade as designed. Held 9 day(s).,MACD Cross issued a BUY signal on NTPC (ENERGY) with 71% raw confidence (71% calibrated) in a Neutral-Bullish regime; opening gap +0.29%.,"[{""filter"":""Opening-gap check"",""value"":""+0.29%"",""respected"":true,""note"":null},{""filter"":""Full fill"",""value"":""full"",""respected"":true,""note"":null},{""filter"":""Confidence floor (55%)"",""value"":""71%"",""respected"":true,""note"":null}]",,,,,,,/research-intelligence (Trade Diagnostics),0a655cee0ae9:NTPC:2022-12-12,,,,"{""exit_reason"":""Stop-Loss Hit"",""holding_days"":9.0,""mae_pct"":-4.57,""mfe_pct"":2.31,""indicators_at_entry"":""not stored \u2014 blank, not fabricated""}"
2026-07-14T15:06:53Z,v0.5,Phase 5,Trade Replay,Trade diagnosis,,trade_diagnosis,HCLTECH 2022-12-19,Bear Market (verify fix),0a655cee0ae9,Mean Reversion,HCLTECH,IT,Neutral-Bullish,,WIN,,80.6,,,,,0.56,5.03,,,,,,,,,,,,,,,,,,,,,,Exit: End-of-Test Forced Close. Price moved up to +2.41% in the trade's favour (MFE). Held 9 day(s).,Mean Reversion issued a BUY signal on HCLTECH (IT) with 81% raw confidence (81% calibrated) in a Neutral-Bullish regime; opening gap -0.00%.,"[{""filter"":""Opening-gap check"",""value"":""-0.00%"",""respected"":true,""note"":null},{""filter"":""Full fill"",""value"":""full"",""respected"":true,""note"":null},{""filter"":""Confidence floor (55%)"",""value"":""81%"",""respected"":true,""note"":null}]",,,,,,,/research-intelligence (Trade Diagnostics),0a655cee0ae9:HCLTECH:2022-12-19,,,,"{""exit_reason"":""End-of-Test Forced Close"",""holding_days"":9.0,""mae_pct"":-1.84,""mfe_pct"":2.41,""indicators_at_entry"":""not stored \u2014 blank, not fabricated""}"
2026-07-14T15:06:53Z,v0.5,Phase 5,Trade Replay,Trade diagnosis,,trade_diagnosis,NTPC 2022-12-26,Bear Market (verify fix),0a655cee0ae9,MACD Cross,NTPC,ENERGY,Neutral-Bullish,,WIN,,70.6,,,,,2.37,20.7,,,,,,,,,,,,,,,,,,,,,,Exit: End-of-Test Forced Close. Price moved up to +3.75% in the trade's favour (MFE). Held 4 day(s).,MACD Cross issued a BUY signal on NTPC (ENERGY) with 71% raw confidence (71% calibrated) in a Neutral-Bullish regime; opening gap -0.61%.,"[{""filter"":""Opening-gap check"",""value"":""-0.61%"",""respected"":true,""note"":null},{""filter"":""Full fill"",""value"":""full"",""respected"":true,""note"":null},{""filter"":""Confidence floor (55%)"",""value"":""71%"",""respected"":true,""note"":null}]",,,,,,,/research-intelligence (Trade Diagnostics),0a655cee0ae9:NTPC:2022-12-26,,,,"{""exit_reason"":""End-of-Test Forced Close"",""holding_days"":4.0,""mae_pct"":0.0,""mfe_pct"":3.75,""indicators_at_entry"":""not stored \u2014 blank, not fabricated""}"
2026-07-14T15:06:53Z,v0.5,Phase 5,Trade Replay,Trade diagnosis,,trade_diagnosis,HCLTECH 2023-01-03,Bear Market (verify fix),0a655cee0ae9,Mean Reversion,HCLTECH,IT,Bullish,,WIN,,83.1,,,,,0.12,1.06,,,,,,,,,,,,,,,,,,,,,,Exit: Signal Exit. Price moved up to +0.96% in the trade's favour (MFE). Held 2 day(s).,Mean Reversion issued a BUY signal on HCLTECH (IT) with 83% raw confidence (83% calibrated) in a Bullish regime; opening gap -0.04%.,"[{""filter"":""Opening-gap check"",""value"":""-0.04%"",""respected"":true,""note"":null},{""filter"":""Full fill"",""value"":""full"",""respected"":true,""note"":null},{""filter"":""Confidence floor (55%)"",""value"":""83%"",""respected"":true,""note"":null}]",,,,,,,/research-intelligence (Trade Diagnostics),0a655cee0ae9:HCLTECH:2023-01-03,,,,"{""exit_reason"":""Signal Exit"",""holding_days"":2.0,""mae_pct"":-0.8,""mfe_pct"":0.96,""indicators_at_entry"":""not stored \u2014 blank, not fabricated""}"
2026-07-14T15:06:53Z,v0.5,Phase 5,Trade Replay,Trade diagnosis,,trade_diagnosis,SBIN 2023-01-03,Bear Market (verify fix),0a655cee0ae9,MACD Cross,SBIN,BANKING,Bullish,,LOSS,,59.6,,,,,-2.62,-14.97,,,,,,,,,,,,,,,,,,,,,,Exit: Signal Exit. Adverse move reached -2.92% (MAE) before exit. Held 3 day(s).,MACD Cross issued a BUY signal on SBIN (BANKING) with 60% raw confidence (60% calibrated) in a Bullish regime; opening gap +0.38%.,"[{""filter"":""Opening-gap check"",""value"":""+0.38%"",""respected"":true,""note"":null},{""filter"":""Full fill"",""value"":""full"",""respected"":true,""note"":null},{""filter"":""Confidence floor (55%)"",""value"":""60%"",""respected"":true,""note"":null}]",,,,,,,/research-intelligence (Trade Diagnostics),0a655cee0ae9:SBIN:2023-01-03,,,,"{""exit_reason"":""Signal Exit"",""holding_days"":3.0,""mae_pct"":-2.92,""mfe_pct"":0.0,""indicators_at_entry"":""not stored \u2014 blank, not fabricated""}"
2026-07-14T15:06:53Z,v0.5,Phase 5,Trade Replay,Trade diagnosis,,trade_diagnosis,KOTAKBANK 2023-01-04,Bear Market (verify fix),0a655cee0ae9,MACD Cross,KOTAKBANK,BANKING,Bullish,,LOSS,,67.8,,,,,-3.18,-23.26,,,,,,,,,,,,,,,,,,,,,,Exit: Stop-Loss Hit. Adverse move reached -3.57% (MAE) before exit. The stop-loss rule ended the trade as designed. Held 2 day(s).,MACD Cross issued a BUY signal on KOTAKBANK (BANKING) with 68% raw confidence (68% calibrated) in a Bullish regime; opening gap +0.11%.,"[{""filter"":""Opening-gap check"",""value"":""+0.11%"",""respected"":true,""note"":null},{""filter"":""Full fill"",""value"":""full"",""respected"":true,""note"":null},{""filter"":""Confidence floor (55%)"",""value"":""68%"",""respected"":true,""note"":null}]",,,,,,,/research-intelligence (Trade Diagnostics),0a655cee0ae9:KOTAKBANK:2023-01-04,,,,"{""exit_reason"":""Stop-Loss Hit"",""holding_days"":2.0,""mae_pct"":-3.57,""mfe_pct"":0.0,""indicators_at_entry"":""not stored \u2014 blank, not fabricated""}"
2026-07-14T15:06:53Z,v0.5,Phase 5,Trade Replay,Trade diagnosis,,trade_diagnosis,HCLTECH 2023-01-06,Bear Market (verify fix),0a655cee0ae9,Mean Reversion,HCLTECH,IT,Neutral-Bullish,,WIN,,83.1,,,,,1.87,16.92,,,,,,,,,,,,,,,,,,,,,,Exit: Signal Exit. Price moved up to +2.51% in the trade's favour (MFE). Held 1 day(s).,Mean Reversion issued a BUY signal on HCLTECH (IT) with 83% raw confidence (83% calibrated) in a Neutral-Bullish regime; opening gap -0.01%.,"[{""filter"":""Opening-gap check"",""value"":""-0.01%"",""respected"":true,""note"":null},{""filter"":""Full fill"",""value"":""full"",""respected"":true,""note"":null},{""filter"":""Confidence floor (55%)"",""value"":""83%"",""respected"":true,""note"":null}]",,,,,,,/research-intelligence (Trade Diagnostics),0a655cee0ae9:HCLTECH:2023-01-06,,,,"{""exit_reason"":""Signal Exit"",""holding_days"":1.0,""mae_pct"":-0.45,""mfe_pct"":2.51,""indicators_at_entry"":""not stored \u2014 blank, not fabricated""}"
2026-07-14T15:06:53Z,v0.5,Phase 5,Trade Replay,Trade diagnosis,,trade_diagnosis,HCLTECH 2023-01-10,Bear Market (verify fix),0a655cee0ae9,Mean Reversion,HCLTECH,IT,Neutral-Bullish,,LOSS,,83.1,,,,,-0.95,-8.79,,,,,,,,,,,,,,,,,,,,,,Exit: Signal Exit. Adverse move reached -1.06% (MAE) before exit. Held 1 day(s).,Mean Reversion issued a BUY signal on HCLTECH (IT) with 83% raw confidence (83% calibrated) in a Neutral-Bullish regime; opening gap -0.60%.,"[{""filter"":""Opening-gap check"",""value"":""-0.60%"",""respected"":true,""note"":null},{""filter"":""Full fill"",""value"":""full"",""respected"":true,""note"":null},{""filter"":""Confidence floor (55%)"",""value"":""83%"",""respected"":true,""note"":null}]",,,,,,,/research-intelligence (Trade Diagnostics),0a655cee0ae9:HCLTECH:2023-01-10,,,,"{""exit_reason"":""Signal Exit"",""holding_days"":1.0,""mae_pct"":-1.06,""mfe_pct"":1.68,""indicators_at_entry"":""not stored \u2014 blank, not fabricated""}"
2026-07-14T15:06:53Z,v0.5,Phase 5,Trade Replay,Trade diagnosis,,trade_diagnosis,HCLTECH 2023-01-12,Bear Market (verify fix),0a655cee0ae9,Mean Reversion,HCLTECH,IT,Bearish,,WIN,,83.1,,,,,1.21,11.12,,,,,,,,,,,,,,,,,,,,,,Exit: Signal Exit. Price moved up to +2.09% in the trade's favour (MFE). Held 1 day(s).,Mean Reversion issued a BUY signal on HCLTECH (IT) with 83% raw confidence (83% calibrated) in a Bearish regime; opening gap +0.59%.,"[{""filter"":""Opening-gap check"",""value"":""+0.59%"",""respected"":true,""note"":null},{""filter"":""Full fill"",""value"":""full"",""respected"":true,""note"":null},{""filter"":""Confidence floor (55%)"",""value"":""83%"",""respected"":true,""note"":null}]",,,,,,,/research-intelligence (Trade Diagnostics),0a655cee0ae9:HCLTECH:2023-01-12,,,,"{""exit_reason"":""Signal Exit"",""holding_days"":1.0,""mae_pct"":-1.96,""mfe_pct"":2.09,""indicators_at_entry"":""not stored \u2014 blank, not fabricated""}"
2026-07-14T15:06:53Z,v0.5,Phase 5,Trade Replay,Trade diagnosis,,trade_diagnosis,HCLTECH 2023-01-16,Bear Market (verify fix),0a655cee0ae9,Mean Reversion,HCLTECH,IT,Neutral-Bearish,,WIN,,83.1,,,,,1.83,17.31,,,,,,,,,,,,,,,,,,,,,,Exit: Signal Exit. Price moved up to +2.40% in the trade's favour (MFE). Held 1 day(s).,Mean Reversion issued a BUY signal on HCLTECH (IT) with 83% raw confidence (83% calibrated) in a Neutral-Bearish regime; opening gap +0.85%.,"[{""filter"":""Opening-gap check"",""value"":""+0.85%"",""respected"":true,""note"":null},{""filter"":""Full fill"",""value"":""full"",""respected"":true,""note"":null},{""filter"":""Confidence floor (55%)"",""value"":""83%"",""respected"":true,""note"":null}]",,,,,,,/research-intelligence (Trade Diagnostics),0a655cee0ae9:HCLTECH:2023-01-16,,,,"{""exit_reason"":""Signal Exit"",""holding_days"":1.0,""mae_pct"":0.0,""mfe_pct"":2.4,""indicators_at_entry"":""not stored \u2014 blank, not fabricated""}"
2026-07-14T15:06:53Z,v0.5,Phase 5,Trade Replay,Trade diagnosis,,trade_diagnosis,COALINDIA 2023-01-09,Bear Market (verify fix),0a655cee0ae9,Mean Reversion,COALINDIA,ENERGY,Neutral-Bullish,,WIN,,64.4,,,,,3.61,31.03,,,,,,,,,,,,,,,,,,,,,,Exit: Signal Exit. Price moved up to +4.31% in the trade's favour (MFE). Held 8 day(s).,Mean Reversion issued a BUY signal on COALINDIA (ENERGY) with 64% raw confidence (64% calibrated) in a Neutral-Bullish regime; opening gap +0.51%.,"[{""filter"":""Opening-gap check"",""value"":""+0.51%"",""respected"":true,""note"":null},{""filter"":""Full fill"",""value"":""full"",""respected"":true,""note"":null},{""filter"":""Confidence floor (55%)"",""value"":""64%"",""respected"":true,""note"":null}]",,,,,,,/research-intelligence (Trade Diagnostics),0a655cee0ae9:COALINDIA:2023-01-09,,,,"{""exit_reason"":""Signal Exit"",""holding_days"":8.0,""mae_pct"":-2.05,""mfe_pct"":4.31,""indicators_at_entry"":""not stored \u2014 blank, not fabricated""}"
2026-07-14T15:06:53Z,v0.5,Phase 5,Trade Replay,Trade diagnosis,,trade_diagnosis,HCLTECH 2023-01-18,Bear Market (verify fix),0a655cee0ae9,Mean Reversion,HCLTECH,IT,Neutral-Bearish,,LOSS,,83.1,,,,,-0.15,-1.44,,,,,,,,,,,,,,,,,,,,,,Exit: Signal Exit. Adverse move reached -0.99% (MAE) before exit. Held 1 day(s).,Mean Reversion issued a BUY signal on HCLTECH (IT) with 83% raw confidence (83% calibrated) in a Neutral-Bearish regime; opening gap +0.71%.,"[{""filter"":""Opening-gap check"",""value"":""+0.71%"",""respected"":true,""note"":null},{""filter"":""Full fill"",""value"":""full"",""respected"":true,""note"":null},{""filter"":""Confidence floor (55%)"",""value"":""83%"",""respected"":true,""note"":null}]",,,,,,,/research-intelligence (Trade Diagnostics),0a655cee0ae9:HCLTECH:2023-01-18,,,,"{""exit_reason"":""Signal Exit"",""holding_days"":1.0,""mae_pct"":-0.99,""mfe_pct"":0.32,""indicators_at_entry"":""not stored \u2014 blank, not fabricated""}"
2026-07-14T15:06:53Z,v0.5,Phase 5,Trade Replay,Trade diagnosis,,trade_diagnosis,KOTAKBANK 2023-01-18,Bear Market (verify fix),0a655cee0ae9,MACD Cross,KOTAKBANK,BANKING,Neutral-Bearish,,LOSS,,67.8,,,,,-2.59,-18.62,,,,,,,,,,,,,,,,,,,,,,Exit: Signal Exit. Adverse move reached -2.62% (MAE) before exit. Held 2 day(s).,MACD Cross issued a BUY signal on KOTAKBANK (BANKING) with 68% raw confidence (68% calibrated) in a Neutral-Bearish regime; opening gap +0.29%.,"[{""filter"":""Opening-gap check"",""value"":""+0.29%"",""respected"":true,""note"":null},{""filter"":""Full fill"",""value"":""full"",""respected"":true,""note"":null},{""filter"":""Confidence floor (55%)"",""value"":""68%"",""respected"":true,""note"":null}]",,,,,,,/research-intelligence (Trade Diagnostics),0a655cee0ae9:KOTAKBANK:2023-01-18,,,,"{""exit_reason"":""Signal Exit"",""holding_days"":2.0,""mae_pct"":-2.62,""mfe_pct"":0.0,""indicators_at_entry"":""not stored \u2014 blank, not fabricated""}"
2026-07-14T15:06:53Z,v0.5,Phase 5,Trade Replay,Trade diagnosis,,trade_diagnosis,HCLTECH 2023-01-20,Bear Market (verify fix),0a655cee0ae9,Mean Reversion,HCLTECH,IT,Neutral-Bearish,,WIN,,83.1,,,,,0.54,5.25,,,,,,,,,,,,,,,,,,,,,,Exit: Signal Exit. Price moved up to +0.99% in the trade's favour (MFE). Held 1 day(s).,Mean Reversion issued a BUY signal on HCLTECH (IT) with 83% raw confidence (83% calibrated) in a Neutral-Bearish regime; opening gap -0.03%.,"[{""filter"":""Opening-gap check"",""value"":""-0.03%"",""respected"":true,""note"":null},{""filter"":""Full fill"",""value"":""full"",""respected"":true,""note"":null},{""filter"":""Confidence floor (55%)"",""value"":""83%"",""respected"":true,""note"":null}]",,,,,,,/research-intelligence (Trade Diagnostics),0a655cee0ae9:HCLTECH:2023-01-20,,,,"{""exit_reason"":""Signal Exit"",""holding_days"":1.0,""mae_pct"":-0.34,""mfe_pct"":0.99,""indicators_at_entry"":""not stored \u2014 blank, not fabricated""}"
2026-07-14T15:06:53Z,v0.5,Phase 5,Trade Replay,Trade diagnosis,,trade_diagnosis,HCLTECH 2023-01-24,Bear Market (verify fix),0a655cee0ae9,Mean Reversion,HCLTECH,IT,Neutral-Bearish,,LOSS,,83.1,,,,,-0.65,-6.42,,,,,,,,,,,,,,,,,,,,,,Exit: Signal Exit. Adverse move reached -0.89% (MAE) before exit. Held 1 day(s).,Mean Reversion issued a BUY signal on HCLTECH (IT) with 83% raw confidence (83% calibrated) in a Neutral-Bearish regime; opening gap +0.42%.,"[{""filter"":""Opening-gap check"",""value"":""+0.42%"",""respected"":true,""note"":null},{""filter"":""Full fill"",""value"":""full"",""respected"":true,""note"":null},{""filter"":""Confidence floor (55%)"",""value"":""83%"",""respected"":true,""note"":null}]",,,,,,,/research-intelligence (Trade Diagnostics),0a655cee0ae9:HCLTECH:2023-01-24,,,,"{""exit_reason"":""Signal Exit"",""holding_days"":1.0,""mae_pct"":-0.89,""mfe_pct"":0.72,""indicators_at_entry"":""not stored \u2014 blank, not fabricated""}"
2026-07-14T15:06:53Z,v0.5,Phase 5,Trade Replay,Trade diagnosis,,trade_diagnosis,KOTAKBANK 2023-01-24,Bear Market (verify fix),0a655cee0ae9,MACD Cross,KOTAKBANK,BANKING,Neutral-Bearish,,LOSS,,67.8,,,,,-3.98,-14.23,,,,,,,,,,,,,,,,,,,,,,Exit: Stop-Loss Hit. Adverse move reached -5.02% (MAE) before exit. The stop-loss rule ended the trade as designed. Held 2 day(s).,MACD Cross issued a BUY signal on KOTAKBANK (BANKING) with 68% raw confidence (68% calibrated) in a Neutral-Bearish regime; opening gap +0.50%.,"[{""filter"":""Opening-gap check"",""value"":""+0.50%"",""respected"":true,""note"":null},{""filter"":""Full fill"",""value"":""full"",""respected"":true,""note"":null},{""filter"":""Confidence floor (55%)"",""value"":""68%"",""respected"":true,""note"":null}]",,,,,,,/research-intelligence (Trade Diagnostics),0a655cee0ae9:KOTAKBANK:2023-01-24,,,,"{""exit_reason"":""Stop-Loss Hit"",""holding_days"":2.0,""mae_pct"":-5.02,""mfe_pct"":0.0,""indicators_at_entry"":""not stored \u2014 blank, not fabricated""}"
2026-07-14T15:06:53Z,v0.5,Phase 5,Trade Replay,Trade diagnosis,,trade_diagnosis,HDFCBANK 2023-01-20,Bear Market (verify fix),0a655cee0ae9,MACD Cross,HDFCBANK,BANKING,Neutral-Bearish,,LOSS,,64.1,,,,,-3.8,-29.59,,,,,,,,,,,,,,,,,,,,,,Exit: Stop-Loss Hit. Adverse move reached -3.85% (MAE) before exit. The trade was profitable at one point (MFE +3.47%) but gave the gain back. The stop-loss rule ended the trade as designed. Held 5 day(s).,MACD Cross issued a BUY signal on HDFCBANK (BANKING) with 64% raw confidence (64% calibrated) in a Neutral-Bearish regime; opening gap +0.00%.,"[{""filter"":""Opening-gap check"",""value"":""+0.00%"",""respected"":true,""note"":null},{""filter"":""Full fill"",""value"":""full"",""respected"":true,""note"":null},{""filter"":""Confidence floor (55%)"",""value"":""64%"",""respected"":true,""note"":null}]",,,,,,,/research-intelligence (Trade Diagnostics),0a655cee0ae9:HDFCBANK:2023-01-20,,,,"{""exit_reason"":""Stop-Loss Hit"",""holding_days"":5.0,""mae_pct"":-3.85,""mfe_pct"":3.47,""indicators_at_entry"":""not stored \u2014 blank, not fabricated""}"
2026-07-14T15:06:53Z,v0.5,Phase 5,Trade Replay,Trade diagnosis,,trade_diagnosis,HCLTECH 2023-01-27,Bear Market (verify fix),0a655cee0ae9,Mean Reversion,HCLTECH,IT,Bearish,,WIN,,83.1,,,,,0.69,6.82,,,,,,,,,,,,,,,,,,,,,,Exit: Signal Exit. Price moved up to +1.46% in the trade's favour (MFE). Held 1 day(s).,Mean Reversion issued a BUY signal on HCLTECH (IT) with 83% raw confidence (83% calibrated) in a Bearish regime; opening gap -0.00%.,"[{""filter"":""Opening-gap check"",""value"":""-0.00%"",""respected"":true,""note"":null},{""filter"":""Full fill"",""value"":""full"",""respected"":true,""note"":null},{""filter"":""Confidence floor (55%)"",""value"":""83%"",""respected"":true,""note"":null}]",,,,,,,/research-intelligence (Trade Diagnostics),0a655cee0ae9:HCLTECH:2023-01-27,,,,"{""exit_reason"":""Signal Exit"",""holding_days"":1.0,""mae_pct"":-1.58,""mfe_pct"":1.46,""indicators_at_entry"":""not stored \u2014 blank, not fabricated""}"
2026-07-14T15:06:53Z,v0.5,Phase 5,Trade Replay,Trade diagnosis,,trade_diagnosis,HCLTECH 2023-02-08,Bear Market (verify fix),0a655cee0ae9,Mean Reversion,HCLTECH,IT,Neutral-Bearish,,WIN,,83.1,,,,,0.72,7.18,,,,,,,,,,,,,,,,,,,,,,Exit: Signal Exit. Price moved up to +1.52% in the trade's favour (MFE). Held 1 day(s).,Mean Reversion issued a BUY signal on HCLTECH (IT) with 83% raw confidence (83% calibrated) in a Neutral-Bearish regime; opening gap +0.50%.,"[{""filter"":""Opening-gap check"",""value"":""+0.50%"",""respected"":true,""note"":null},{""filter"":""Full fill"",""value"":""full"",""respected"":true,""note"":null},{""filter"":""Confidence floor (55%)"",""value"":""83%"",""respected"":true,""note"":null}]",,,,,,,/research-intelligence (Trade Diagnostics),0a655cee0ae9:HCLTECH:2023-02-08,,,,"{""exit_reason"":""Signal Exit"",""holding_days"":1.0,""mae_pct"":0.0,""mfe_pct"":1.52,""indicators_at_entry"":""not stored \u2014 blank, not fabricated""}"
2026-07-14T15:06:53Z,v0.5,Phase 5,Trade Replay,Trade diagnosis,,trade_diagnosis,HCLTECH 2023-02-10,Bear Market (verify fix),0a655cee0ae9,Mean Reversion,HCLTECH,IT,Neutral-Bearish,,LOSS,,83.1,,,,,-1.4,-13.81,,,,,,,,,,,,,,,,,,,,,,Exit: Stop-Loss Hit. Adverse move reached -1.92% (MAE) before exit. The stop-loss rule ended the trade as designed. Held 1 day(s).,Mean Reversion issued a BUY signal on HCLTECH (IT) with 83% raw confidence (83% calibrated) in a Neutral-Bearish regime; opening gap -1.79%.,"[{""filter"":""Opening-gap check"",""value"":""-1.79%"",""respected"":true,""note"":null},{""filter"":""Full fill"",""value"":""full"",""respected"":true,""note"":null},{""filter"":""Confidence floor (55%)"",""value"":""83%"",""respected"":true,""note"":null}]",,,,,,,/research-intelligence (Trade Diagnostics),0a655cee0ae9:HCLTECH:2023-02-10,,,,"{""exit_reason"":""Stop-Loss Hit"",""holding_days"":1.0,""mae_pct"":-1.92,""mfe_pct"":0.0,""indicators_at_entry"":""not stored \u2014 blank, not fabricated""}"
2026-07-14T15:06:53Z,v0.5,Phase 5,Trade Replay,Trade diagnosis,,trade_diagnosis,HCLTECH 2023-02-14,Bear Market (verify fix),0a655cee0ae9,Mean Reversion,HCLTECH,IT,Neutral-Bearish,,WIN,,83.1,,,,,0.69,6.74,,,,,,,,,,,,,,,,,,,,,,Exit: Signal Exit. Price moved up to +1.14% in the trade's favour (MFE). Held 1 day(s).,Mean Reversion issued a BUY signal on HCLTECH (IT) with 83% raw confidence (83% calibrated) in a Neutral-Bearish regime; opening gap +0.72%.,"[{""filter"":""Opening-gap check"",""value"":""+0.72%"",""respected"":true,""note"":null},{""filter"":""Full fill"",""value"":""full"",""respected"":true,""note"":null},{""filter"":""Confidence floor (55%)"",""value"":""83%"",""respected"":true,""note"":null}]",,,,,,,/research-intelligence (Trade Diagnostics),0a655cee0ae9:HCLTECH:2023-02-14,,,,"{""exit_reason"":""Signal Exit"",""holding_days"":1.0,""mae_pct"":-0.2,""mfe_pct"":1.14,""indicators_at_entry"":""not stored \u2014 blank, not fabricated""}"
2026-07-14T15:06:53Z,v0.5,Phase 5,Trade Replay,Trade diagnosis,,trade_diagnosis,SHRIRAMFIN 2023-02-06,Bear Market (verify fix),0a655cee0ae9,MACD Cross,SHRIRAMFIN,FINANCE,Neutral-Bearish,,LOSS,,66.0,,,,,-0.47,-3.38,,,,,,,,,,,,,,,,,,,,,,Exit: Signal Exit. Adverse move reached -1.16% (MAE) before exit. The trade was profitable at one point (MFE +4.68%) but gave the gain back. Held 8 day(s).,MACD Cross issued a BUY signal on SHRIRAMFIN (FINANCE) with 66% raw confidence (66% calibrated) in a Neutral-Bearish regime; opening gap -1.49%.,"[{""filter"":""Opening-gap check"",""value"":""-1.49%"",""respected"":true,""note"":null},{""filter"":""Full fill"",""value"":""full"",""respected"":true,""note"":null},{""filter"":""Confidence floor (55%)"",""value"":""66%"",""respected"":true,""note"":null}]",,,,,,,/research-intelligence (Trade Diagnostics),0a655cee0ae9:SHRIRAMFIN:2023-02-06,,,,"{""exit_reason"":""Signal Exit"",""holding_days"":8.0,""mae_pct"":-1.16,""mfe_pct"":4.68,""indicators_at_entry"":""not stored \u2014 blank, not fabricated""}"
2026-07-14T15:06:53Z,v0.5,Phase 5,Trade Replay,Trade diagnosis,,trade_diagnosis,HDFCBANK 2023-02-07,Bear Market (verify fix),0a655cee0ae9,MACD Cross,HDFCBANK,BANKING,Neutral-Bearish,,LOSS,,64.1,,,,,-1.52,-11.92,,,,,,,,,,,,,,,,,,,,,,Exit: Signal Exit. Adverse move reached -1.56% (MAE) before exit. Held 9 day(s).,MACD Cross issued a BUY signal on HDFCBANK (BANKING) with 64% raw confidence (64% calibrated) in a Neutral-Bearish regime; opening gap +0.46%.,"[{""filter"":""Opening-gap check"",""value"":""+0.46%"",""respected"":true,""note"":null},{""filter"":""Full fill"",""value"":""full"",""respected"":true,""note"":null},{""filter"":""Confidence floor (55%)"",""value"":""64%"",""respected"":true,""note"":null}]",,,,,,,/research-intelligence (Trade Diagnostics),0a655cee0ae9:HDFCBANK:2023-02-07,,,,"{""exit_reason"":""Signal Exit"",""holding_days"":9.0,""mae_pct"":-1.56,""mfe_pct"":1.28,""indicators_at_entry"":""not stored \u2014 blank, not fabricated""}"
2026-07-14T15:06:53Z,v0.5,Phase 5,Trade Replay,Trade diagnosis,,trade_diagnosis,KOTAKBANK 2023-02-03,Bear Market (verify fix),0a655cee0ae9,MACD Cross,KOTAKBANK,BANKING,Bearish,,LOSS,,67.8,,,,,-4.32,-30.51,,,,,,,,,,,,,,,,,,,,,,Exit: Signal Exit. Adverse move reached -4.17% (MAE) before exit. Held 13 day(s).,MACD Cross issued a BUY signal on KOTAKBANK (BANKING) with 68% raw confidence (68% calibrated) in a Bearish regime; opening gap +0.50%.,"[{""filter"":""Opening-gap check"",""value"":""+0.50%"",""respected"":true,""note"":null},{""filter"":""Full fill"",""value"":""full"",""respected"":true,""note"":null},{""filter"":""Confidence floor (55%)"",""value"":""68%"",""respected"":true,""note"":null}]",,,,,,,/research-intelligence (Trade Diagnostics),0a655cee0ae9:KOTAKBANK:2023-02-03,,,,"{""exit_reason"":""Signal Exit"",""holding_days"":13.0,""mae_pct"":-4.17,""mfe_pct"":1.8,""indicators_at_entry"":""not stored \u2014 blank, not fabricated""}"
2026-07-14T15:06:53Z,v0.5,Phase 5,Trade Replay,Trade diagnosis,,trade_diagnosis,HCLTECH 2023-02-17,Bear Market (verify fix),0a655cee0ae9,Mean Reversion,HCLTECH,IT,Neutral-Bearish,,LOSS,,83.1,,,,,-2.87,-28.16,,,,,,,,,,,,,,,,,,,,,,Exit: Stop-Loss Hit. Adverse move reached -2.89% (MAE) before exit. The stop-loss rule ended the trade as designed. Held 3 day(s).,Mean Reversion issued a BUY signal on HCLTECH (IT) with 83% raw confidence (83% calibrated) in a Neutral-Bearish regime; opening gap -0.57%.,"[{""filter"":""Opening-gap check"",""value"":""-0.57%"",""respected"":true,""note"":null},{""filter"":""Full fill"",""value"":""full"",""respected"":true,""note"":null},{""filter"":""Confidence floor (55%)"",""value"":""83%"",""respected"":true,""note"":null}]",,,,,,,/research-intelligence (Trade Diagnostics),0a655cee0ae9:HCLTECH:2023-02-17,,,,"{""exit_reason"":""Stop-Loss Hit"",""holding_days"":3.0,""mae_pct"":-2.89,""mfe_pct"":1.08,""indicators_at_entry"":""not stored \u2014 blank, not fabricated""}"
2026-07-14T15:06:53Z,v0.5,Phase 5,Trade Replay,Trade diagnosis,,trade_diagnosis,HCLTECH 2023-02-23,Bear Market (verify fix),0a655cee0ae9,Mean Reversion,HCLTECH,IT,Bearish,,WIN,,83.1,,,,,0.91,8.8,,,,,,,,,,,,,,,,,,,,,,Exit: Signal Exit. Price moved up to +2.18% in the trade's favour (MFE). But it first drew down -3.39% (MAE) — the entry timing was early. Held 6 day(s).,Mean Reversion issued a BUY signal on HCLTECH (IT) with 83% raw confidence (83% calibrated) in a Bearish regime; opening gap +1.12%.,"[{""filter"":""Opening-gap check"",""value"":""+1.12%"",""respected"":true,""note"":null},{""filter"":""Full fill"",""value"":""full"",""respected"":true,""note"":null},{""filter"":""Confidence floor (55%)"",""value"":""83%"",""respected"":true,""note"":null}]",,,,,,,/research-intelligence (Trade Diagnostics),0a655cee0ae9:HCLTECH:2023-02-23,,,,"{""exit_reason"":""Signal Exit"",""holding_days"":6.0,""mae_pct"":-3.39,""mfe_pct"":2.18,""indicators_at_entry"":""not stored \u2014 blank, not fabricated""}"
2026-07-14T15:06:53Z,v0.5,Phase 5,Trade Replay,Trade diagnosis,,trade_diagnosis,HCLTECH 2023-03-06,Bear Market (verify fix),0a655cee0ae9,Mean Reversion,HCLTECH,IT,Neutral-Bearish,,LOSS,,83.1,,,,,-1.11,-10.97,,,,,,,,,,,,,,,,,,,,,,Exit: Signal Exit. Adverse move reached -2.00% (MAE) before exit. Held 1 day(s).,Mean Reversion issued a BUY signal on HCLTECH (IT) with 83% raw confidence (83% calibrated) in a Neutral-Bearish regime; opening gap +0.89%.,"[{""filter"":""Opening-gap check"",""value"":""+0.89%"",""respected"":true,""note"":null},{""filter"":""Full fill"",""value"":""full"",""respected"":true,""note"":null},{""filter"":""Confidence floor (55%)"",""value"":""83%"",""respected"":true,""note"":null}]",,,,,,,/research-intelligence (Trade Diagnostics),0a655cee0ae9:HCLTECH:2023-03-06,,,,"{""exit_reason"":""Signal Exit"",""holding_days"":1.0,""mae_pct"":-2.0,""mfe_pct"":0.0,""indicators_at_entry"":""not stored \u2014 blank, not fabricated""}"
2026-07-14T15:06:53Z,v0.5,Phase 5,Trade Replay,Trade diagnosis,,trade_diagnosis,HCLTECH 2023-03-09,Bear Market (verify fix),0a655cee0ae9,Mean Reversion,HCLTECH,IT,Neutral-Bearish,,LOSS,,83.1,,,,,-0.87,-8.59,,,,,,,,,,,,,,,,,,,,,,Exit: Signal Exit. Adverse move reached -1.58% (MAE) before exit. Held 1 day(s).,Mean Reversion issued a BUY signal on HCLTECH (IT) with 83% raw confidence (83% calibrated) in a Neutral-Bearish regime; opening gap +0.12%.,"[{""filter"":""Opening-gap check"",""value"":""+0.12%"",""respected"":true,""note"":null},{""filter"":""Full fill"",""value"":""full"",""respected"":true,""note"":null},{""filter"":""Confidence floor (55%)"",""value"":""83%"",""respected"":true,""note"":null}]",,,,,,,/research-intelligence (Trade Diagnostics),0a655cee0ae9:HCLTECH:2023-03-09,,,,"{""exit_reason"":""Signal Exit"",""holding_days"":1.0,""mae_pct"":-1.58,""mfe_pct"":0.0,""indicators_at_entry"":""not stored \u2014 blank, not fabricated""}"
2026-07-14T15:06:53Z,v0.5,Phase 5,Trade Replay,Trade diagnosis,,trade_diagnosis,ICICIBANK 2023-02-28,Bear Market (verify fix),0a655cee0ae9,MACD Cross,ICICIBANK,BANKING,Bearish,,LOSS,,64.0,,,,,-3.46,-28.92,,,,,,,,,,,,,,,,,,,,,,Exit: Signal Exit. Adverse move reached -3.69% (MAE) before exit. The trade was profitable at one point (MFE +2.49%) but gave the gain back. Held 8 day(s).,MACD Cross issued a BUY signal on ICICIBANK (BANKING) with 64% raw confidence (64% calibrated) in a Bearish regime; opening gap -0.18%.,"[{""filter"":""Opening-gap check"",""value"":""-0.18%"",""respected"":true,""note"":null},{""filter"":""Full fill"",""value"":""full"",""respected"":true,""note"":null},{""filter"":""Confidence floor (55%)"",""value"":""64%"",""respected"":true,""note"":null}]",,,,,,,/research-intelligence (Trade Diagnostics),0a655cee0ae9:ICICIBANK:2023-02-28,,,,"{""exit_reason"":""Signal Exit"",""holding_days"":8.0,""mae_pct"":-3.69,""mfe_pct"":2.49,""indicators_at_entry"":""not stored \u2014 blank, not fabricated""}"
2026-07-14T15:06:53Z,v0.5,Phase 5,Trade Replay,Trade diagnosis,,trade_diagnosis,SBIN 2023-02-28,Bear Market (verify fix),0a655cee0ae9,MACD Cross,SBIN,BANKING,Bearish,,LOSS,,59.6,,,,,-2.21,-10.82,,,,,,,,,,,,,,,,,,,,,,Exit: Signal Exit. Adverse move reached -2.29% (MAE) before exit. The trade was profitable at one point (MFE +7.63%) but gave the gain back. Held 10 day(s).,MACD Cross issued a BUY signal on SBIN (BANKING) with 60% raw confidence (60% calibrated) in a Bearish regime; opening gap -0.09%.,"[{""filter"":""Opening-gap check"",""value"":""-0.09%"",""respected"":true,""note"":null},{""filter"":""Full fill"",""value"":""full"",""respected"":true,""note"":null},{""filter"":""Confidence floor (55%)"",""value"":""60%"",""respected"":true,""note"":null}]",,,,,,,/research-intelligence (Trade Diagnostics),0a655cee0ae9:SBIN:2023-02-28,,,,"{""exit_reason"":""Signal Exit"",""holding_days"":10.0,""mae_pct"":-2.29,""mfe_pct"":7.63,""indicators_at_entry"":""not stored \u2014 blank, not fabricated""}"
2026-07-14T15:06:53Z,v0.5,Phase 5,Trade Replay,Trade diagnosis,,trade_diagnosis,HCLTECH 2023-03-14,Bear Market (verify fix),0a655cee0ae9,Mean Reversion,HCLTECH,IT,Bearish,,WIN,,83.1,,,,,0.53,5.07,,,,,,,,,,,,,,,,,,,,,,Exit: Signal Exit. Price moved up to +1.61% in the trade's favour (MFE). Held 3 day(s).,Mean Reversion issued a BUY signal on HCLTECH (IT) with 83% raw confidence (83% calibrated) in a Bearish regime; opening gap -0.00%.,"[{""filter"":""Opening-gap check"",""value"":""-0.00%"",""respected"":true,""note"":null},{""filter"":""Full fill"",""value"":""full"",""respected"":true,""note"":null},{""filter"":""Confidence floor (55%)"",""value"":""83%"",""respected"":true,""note"":null}]",,,,,,,/research-intelligence (Trade Diagnostics),0a655cee0ae9:HCLTECH:2023-03-14,,,,"{""exit_reason"":""Signal Exit"",""holding_days"":3.0,""mae_pct"":-2.7,""mfe_pct"":1.61,""indicators_at_entry"":""not stored \u2014 blank, not fabricated""}"
2026-07-14T15:06:53Z,v0.5,Phase 5,Trade Replay,Trade diagnosis,,trade_diagnosis,HCLTECH 2023-03-20,Bear Market (verify fix),0a655cee0ae9,Mean Reversion,HCLTECH,IT,Bearish,,LOSS,,83.1,,,,,-3.44,-33.3,,,,,,,,,,,,,,,,,,,,,,Exit: Stop-Loss Hit. Adverse move reached -4.05% (MAE) before exit. The stop-loss rule ended the trade as designed. Held 3 day(s).,Mean Reversion issued a BUY signal on HCLTECH (IT) with 83% raw confidence (83% calibrated) in a Bearish regime; opening gap -0.31%.,"[{""filter"":""Opening-gap check"",""value"":""-0.31%"",""respected"":true,""note"":null},{""filter"":""Full fill"",""value"":""full"",""respected"":true,""note"":null},{""filter"":""Confidence floor (55%)"",""value"":""83%"",""respected"":true,""note"":null}]",,,,,,,/research-intelligence (Trade Diagnostics),0a655cee0ae9:HCLTECH:2023-03-20,,,,"{""exit_reason"":""Stop-Loss Hit"",""holding_days"":3.0,""mae_pct"":-4.05,""mfe_pct"":0.0,""indicators_at_entry"":""not stored \u2014 blank, not fabricated""}"
2026-07-14T15:06:53Z,v0.5,Phase 5,Trade Replay,Trade diagnosis,,trade_diagnosis,SHRIRAMFIN 2023-03-08,Bear Market (verify fix),0a655cee0ae9,MACD Cross,SHRIRAMFIN,FINANCE,Neutral-Bearish,,LOSS,,66.0,,,,,-3.22,-22.66,,,,,,,,,,,,,,,,,,,,,,Exit: Signal Exit. Adverse move reached -3.40% (MAE) before exit. The trade was profitable at one point (MFE +5.52%) but gave the gain back. Held 13 day(s).,MACD Cross issued a BUY signal on SHRIRAMFIN (FINANCE) with 66% raw confidence (66% calibrated) in a Neutral-Bearish regime; opening gap -0.15%.,"[{""filter"":""Opening-gap check"",""value"":""-0.15%"",""respected"":true,""note"":null},{""filter"":""Full fill"",""value"":""full"",""respected"":true,""note"":null},{""filter"":""Confidence floor (55%)"",""value"":""66%"",""respected"":true,""note"":null}]",,,,,,,/research-intelligence (Trade Diagnostics),0a655cee0ae9:SHRIRAMFIN:2023-03-08,,,,"{""exit_reason"":""Signal Exit"",""holding_days"":13.0,""mae_pct"":-3.4,""mfe_pct"":5.52,""indicators_at_entry"":""not stored \u2014 blank, not fabricated""}"
2026-07-14T15:06:53Z,v0.5,Phase 5,Trade Replay,Trade diagnosis,,trade_diagnosis,KOTAKBANK 2023-03-22,Bear Market (verify fix),0a655cee0ae9,MACD Cross,KOTAKBANK,BANKING,Neutral-Bearish,,WIN,,67.8,,,,,0.96,6.56,,,,,,,,,,,,,,,,,,,,,,Exit: End-of-Test Forced Close. Price moved up to +1.72% in the trade's favour (MFE). Held 6 day(s).,MACD Cross issued a BUY signal on KOTAKBANK (BANKING) with 68% raw confidence (68% calibrated) in a Neutral-Bearish regime; opening gap +0.18%.,"[{""filter"":""Opening-gap check"",""value"":""+0.18%"",""respected"":true,""note"":null},{""filter"":""Full fill"",""value"":""full"",""respected"":true,""note"":null},{""filter"":""Confidence floor (55%)"",""value"":""68%"",""respected"":true,""note"":null}]",,,,,,,/research-intelligence (Trade Diagnostics),0a655cee0ae9:KOTAKBANK:2023-03-22,,,,"{""exit_reason"":""End-of-Test Forced Close"",""holding_days"":6.0,""mae_pct"":-2.12,""mfe_pct"":1.72,""indicators_at_entry"":""not stored \u2014 blank, not fabricated""}"
2026-07-14T15:06:53Z,v0.5,Phase 5,Trade Replay,Trade diagnosis,,trade_diagnosis,HCLTECH 2023-03-24,Bear Market (verify fix),0a655cee0ae9,Mean Reversion,HCLTECH,IT,Neutral-Bearish,,WIN,,83.1,,,,,0.77,7.2,,,,,,,,,,,,,,,,,,,,,,Exit: End-of-Test Forced Close. Price moved up to +2.15% in the trade's favour (MFE). But it first drew down -3.21% (MAE) — the entry timing was early. Held 4 day(s).,Mean Reversion issued a BUY signal on HCLTECH (IT) with 83% raw confidence (83% calibrated) in a Neutral-Bearish regime; opening gap +0.67%.,"[{""filter"":""Opening-gap check"",""value"":""+0.67%"",""respected"":true,""note"":null},{""filter"":""Full fill"",""value"":""full"",""respected"":true,""note"":null},{""filter"":""Confidence floor (55%)"",""value"":""83%"",""respected"":true,""note"":null}]",,,,,,,/research-intelligence (Trade Diagnostics),0a655cee0ae9:HCLTECH:2023-03-24,,,,"{""exit_reason"":""End-of-Test Forced Close"",""holding_days"":4.0,""mae_pct"":-3.21,""mfe_pct"":2.15,""indicators_at_entry"":""not stored \u2014 blank, not fabricated""}"
2026-07-14T15:06:53Z,v0.5,Phase 5,Trade Replay,Trade diagnosis,,trade_diagnosis,COALINDIA 2023-03-27,Bear Market (verify fix),0a655cee0ae9,Mean Reversion,COALINDIA,ENERGY,Bearish,,WIN,,64.4,,,,,2.09,17.82,,,,,,,,,,,,,,,,,,,,,,Exit: End-of-Test Forced Close. Price moved up to +2.99% in the trade's favour (MFE). Held 3 day(s).,Mean Reversion issued a BUY signal on COALINDIA (ENERGY) with 64% raw confidence (64% calibrated) in a Bearish regime; opening gap +0.02%.,"[{""filter"":""Opening-gap check"",""value"":""+0.02%"",""respected"":true,""note"":null},{""filter"":""Full fill"",""value"":""full"",""respected"":true,""note"":null},{""filter"":""Confidence floor (55%)"",""value"":""64%"",""respected"":true,""note"":null}]",,,,,,,/research-intelligence (Trade Diagnostics),0a655cee0ae9:COALINDIA:2023-03-27,,,,"{""exit_reason"":""End-of-Test Forced Close"",""holding_days"":3.0,""mae_pct"":-0.12,""mfe_pct"":2.99,""indicators_at_entry"":""not stored \u2014 blank, not fabricated""}"
2026-07-14T15:06:53Z,v0.5,Phase 5,Trade Replay,Trade diagnosis,,trade_diagnosis,HDFCBANK 2023-03-29,Bear Market (verify fix),0a655cee0ae9,MACD Cross,HDFCBANK,BANKING,Bearish,,WIN,,64.1,,,,,1.24,9.28,,,,,,,,,,,,,,,,,,,,,,Exit: End-of-Test Forced Close. Price moved up to +1.75% in the trade's favour (MFE). Held 1 day(s).,MACD Cross issued a BUY signal on HDFCBANK (BANKING) with 64% raw confidence (64% calibrated) in a Bearish regime; opening gap +0.24%.,"[{""filter"":""Opening-gap check"",""value"":""+0.24%"",""respected"":true,""note"":null},{""filter"":""Full fill"",""value"":""full"",""respected"":true,""note"":null},{""filter"":""Confidence floor (55%)"",""value"":""64%"",""respected"":true,""note"":null}]",,,,,,,/research-intelligence (Trade Diagnostics),0a655cee0ae9:HDFCBANK:2023-03-29,,,,"{""exit_reason"":""End-of-Test Forced Close"",""holding_days"":1.0,""mae_pct"":0.0,""mfe_pct"":1.75,""indicators_at_entry"":""not stored \u2014 blank, not fabricated""}"
2026-07-14T15:06:53Z,v0.5,Phase 5,Trade Replay,Trade diagnosis,,trade_diagnosis,HINDALCO 2026-01-19,Submission Pipeline Test,1e3806416eb2,Trend Rider,HINDALCO,METALS,Neutral-Bullish,,LOSS,,89.0,,,,,-5.09,-47.6,,,,,,,,,,,,,,,,,,,,,,Exit: Stop-Loss Hit. Adverse move reached -5.29% (MAE) before exit. The trade was profitable at one point (MFE +9.65%) but gave the gain back. The stop-loss rule ended the trade as designed. Held 19 day(s).,Trend Rider issued a BUY signal on HINDALCO (METALS) with 89% raw confidence (66% calibrated) in a Neutral-Bullish regime; opening gap +0.41%.,"[{""filter"":""Opening-gap check"",""value"":""+0.41%"",""respected"":true,""note"":null},{""filter"":""Full fill"",""value"":""full"",""respected"":true,""note"":null},{""filter"":""Confidence floor (55%)"",""value"":""89%"",""respected"":true,""note"":null}]",,,,,,,/research-intelligence (Trade Diagnostics),1e3806416eb2:HINDALCO:2026-01-19,,,,"{""exit_reason"":""Stop-Loss Hit"",""holding_days"":19.0,""mae_pct"":-5.29,""mfe_pct"":9.65,""indicators_at_entry"":""not stored \u2014 blank, not fabricated""}"
2026-07-14T15:06:53Z,v0.5,Phase 5,Trade Replay,Trade diagnosis,,trade_diagnosis,HINDALCO 2026-02-24,Submission Pipeline Test,1e3806416eb2,Trend Rider,HINDALCO,METALS,Neutral-Bearish,,WIN,,80.5,,,,,0.99,9.05,,,,,,,,,,,,,,,,,,,,,,Exit: Signal Exit. Price moved up to +6.76% in the trade's favour (MFE). Held 15 day(s).,Trend Rider issued a BUY signal on HINDALCO (METALS) with 80% raw confidence (57% calibrated) in a Neutral-Bearish regime; opening gap +0.47%.,"[{""filter"":""Opening-gap check"",""value"":""+0.47%"",""respected"":true,""note"":null},{""filter"":""Full fill"",""value"":""full"",""respected"":true,""note"":null},{""filter"":""Confidence floor (55%)"",""value"":""80%"",""respected"":true,""note"":null}]",,,,,,,/research-intelligence (Trade Diagnostics),1e3806416eb2:HINDALCO:2026-02-24,,,,"{""exit_reason"":""Signal Exit"",""holding_days"":15.0,""mae_pct"":-2.72,""mfe_pct"":6.76,""indicators_at_entry"":""not stored \u2014 blank, not fabricated""}"
2026-07-14T15:06:53Z,v0.5,Phase 5,Trade Replay,Trade diagnosis,,trade_diagnosis,HINDALCO 2026-03-19,Submission Pipeline Test,1e3806416eb2,Trend Rider,HINDALCO,METALS,Bearish,,LOSS,,80.2,,,,,-6.61,-59.98,,,,,,,,,,,,,,,,,,,,,,Exit: Stop-Loss Hit. Adverse move reached -8.41% (MAE) before exit. The stop-loss rule ended the trade as designed. Held 2 day(s).,Trend Rider issued a BUY signal on HINDALCO (METALS) with 80% raw confidence (57% calibrated) in a Bearish regime; opening gap -2.26%.,"[{""filter"":""Opening-gap check"",""value"":""-2.26%"",""respected"":true,""note"":null},{""filter"":""Full fill"",""value"":""full"",""respected"":true,""note"":null},{""filter"":""Confidence floor (55%)"",""value"":""80%"",""respected"":true,""note"":null}]",,,,,,,/research-intelligence (Trade Diagnostics),1e3806416eb2:HINDALCO:2026-03-19,,,,"{""exit_reason"":""Stop-Loss Hit"",""holding_days"":2.0,""mae_pct"":-8.41,""mfe_pct"":0.0,""indicators_at_entry"":""not stored \u2014 blank, not fabricated""}"
2026-07-14T15:06:53Z,v0.5,Phase 5,Trade Replay,Trade diagnosis,,trade_diagnosis,HINDALCO 2026-03-25,Submission Pipeline Test,1e3806416eb2,Trend Rider,HINDALCO,METALS,Bearish,,WIN,,81.7,,,,,14.15,122.01,,,,,,,,,,,,,,,,,,,,,,Exit: End-of-Test Forced Close. Price moved up to +14.87% in the trade's favour (MFE). Held 9 day(s).,Trend Rider issued a BUY signal on HINDALCO (METALS) with 82% raw confidence (59% calibrated) in a Bearish regime; opening gap +1.33%.,"[{""filter"":""Opening-gap check"",""value"":""+1.33%"",""respected"":true,""note"":null},{""filter"":""Full fill"",""value"":""full"",""respected"":true,""note"":null},{""filter"":""Confidence floor (55%)"",""value"":""82%"",""respected"":true,""note"":null}]",,,,,,,/research-intelligence (Trade Diagnostics),1e3806416eb2:HINDALCO:2026-03-25,,,,"{""exit_reason"":""End-of-Test Forced Close"",""holding_days"":9.0,""mae_pct"":-1.37,""mfe_pct"":14.87,""indicators_at_entry"":""not stored \u2014 blank, not fabricated""}"
2026-07-14T15:06:53Z,v0.5,Phase 5,Trade Replay,Trade diagnosis,,trade_diagnosis,TATASTEEL 2026-04-09,Submission Pipeline Test,1e3806416eb2,EMA Cross,TATASTEEL,METALS,Neutral-Bearish,,WIN,,81.1,,,,,0.65,2.62,,,,,,,,,,,,,,,,,,,,,,Exit: End-of-Test Forced Close. Price moved up to +2.12% in the trade's favour (MFE). Held 1 day(s).,EMA Cross issued a BUY signal on TATASTEEL (METALS) with 81% raw confidence (58% calibrated) in a Neutral-Bearish regime; opening gap +0.16%.,"[{""filter"":""Opening-gap check"",""value"":""+0.16%"",""respected"":true,""note"":null},{""filter"":""Full fill"",""value"":""full"",""respected"":true,""note"":null},{""filter"":""Confidence floor (55%)"",""value"":""81%"",""respected"":true,""note"":null}]",,,,,,,/research-intelligence (Trade Diagnostics),1e3806416eb2:TATASTEEL:2026-04-09,,,,"{""exit_reason"":""End-of-Test Forced Close"",""holding_days"":1.0,""mae_pct"":0.0,""mfe_pct"":2.12,""indicators_at_entry"":""not stored \u2014 blank, not fabricated""}"
2026-07-14T15:06:53Z,v0.5,Phase 5,Trade Replay,Trade diagnosis,,trade_diagnosis,ONGC 2026-04-27,Submission Pipeline Test,1e3806416eb2,Trend Rider,ONGC,ENERGY,Bearish,,LOSS,,64.6,,,,,-2.12,-12.11,,,,,,,,,,,,,,,,,,,,,,Exit: Signal Exit. Adverse move reached -2.99% (MAE) before exit. The trade was profitable at one point (MFE +7.44%) but gave the gain back. Held 9 day(s).,Trend Rider issued a BUY signal on ONGC (ENERGY) with 65% raw confidence (35% calibrated) in a Bearish regime; opening gap +0.42%.,"[{""filter"":""Opening-gap check"",""value"":""+0.42%"",""respected"":true,""note"":null},{""filter"":""Full fill"",""value"":""full"",""respected"":true,""note"":null},{""filter"":""Confidence floor (55%)"",""value"":""65%"",""respected"":true,""note"":null}]",,,,,,,/research-intelligence (Trade Diagnostics),1e3806416eb2:ONGC:2026-04-27,,,,"{""exit_reason"":""Signal Exit"",""holding_days"":9.0,""mae_pct"":-2.99,""mfe_pct"":7.44,""indicators_at_entry"":""not stored \u2014 blank, not fabricated""}"
2026-07-14T15:06:53Z,v0.5,Phase 5,Trade Replay,Trade diagnosis,,trade_diagnosis,ONGC 2026-05-12,Submission Pipeline Test,1e3806416eb2,Trend Rider,ONGC,ENERGY,Bearish,,LOSS,,75.7,,,,,-4.84,-27.79,,,,,,,,,,,,,,,,,,,,,,Exit: Signal Exit. Adverse move reached -5.11% (MAE) before exit. The trade was profitable at one point (MFE +6.21%) but gave the gain back. Held 11 day(s).,Trend Rider issued a BUY signal on ONGC (ENERGY) with 76% raw confidence (48% calibrated) in a Bearish regime; opening gap +2.10%.,"[{""filter"":""Opening-gap check"",""value"":""+2.10%"",""respected"":true,""note"":null},{""filter"":""Full fill"",""value"":""full"",""respected"":true,""note"":null},{""filter"":""Confidence floor (55%)"",""value"":""76%"",""respected"":true,""note"":null}]",,,,,,,/research-intelligence (Trade Diagnostics),1e3806416eb2:ONGC:2026-05-12,,,,"{""exit_reason"":""Signal Exit"",""holding_days"":11.0,""mae_pct"":-5.11,""mfe_pct"":6.21,""indicators_at_entry"":""not stored \u2014 blank, not fabricated""}"
2026-07-14T15:06:53Z,v0.5,Phase 5,Trade Replay,Trade diagnosis,,trade_diagnosis,ONGC 2026-06-02,Submission Pipeline Test,1e3806416eb2,Trend Rider,ONGC,ENERGY,Bearish,,LOSS,,60.7,,,,,-5.44,-28.65,,,,,,,,,,,,,,,,,,,,,,Exit: Stop-Loss Hit. Adverse move reached -7.59% (MAE) before exit. The trade was profitable at one point (MFE +2.96%) but gave the gain back. The stop-loss rule ended the trade as designed. Held 8 day(s).,Trend Rider issued a BUY signal on ONGC (ENERGY) with 61% raw confidence (32% calibrated) in a Bearish regime; opening gap -0.44%.,"[{""filter"":""Opening-gap check"",""value"":""-0.44%"",""respected"":true,""note"":null},{""filter"":""Full fill"",""value"":""full"",""respected"":true,""note"":null},{""filter"":""Confidence floor (55%)"",""value"":""61%"",""respected"":true,""note"":null}]",,,,,,,/research-intelligence (Trade Diagnostics),1e3806416eb2:ONGC:2026-06-02,,,,"{""exit_reason"":""Stop-Loss Hit"",""holding_days"":8.0,""mae_pct"":-7.59,""mfe_pct"":2.96,""indicators_at_entry"":""not stored \u2014 blank, not fabricated""}"
2026-07-14T15:06:53Z,v0.5,Phase 5,Trade Replay,Trade diagnosis,,trade_diagnosis,NTPC 2026-06-08,Submission Pipeline Test,1e3806416eb2,Mean Reversion,NTPC,ENERGY,Bearish,,LOSS,,58.5,,,,,-3.27,-11.75,,,,,,,,,,,,,,,,,,,,,,Exit: Stop-Loss Hit. Adverse move reached -3.42% (MAE) before exit. The stop-loss rule ended the trade as designed. Held 5 day(s).,Mean Reversion issued a BUY signal on NTPC (ENERGY) with 58% raw confidence (32% calibrated) in a Bearish regime; opening gap -0.75%.,"[{""filter"":""Opening-gap check"",""value"":""-0.75%"",""respected"":true,""note"":null},{""filter"":""Full fill"",""value"":""full"",""respected"":true,""note"":null},{""filter"":""Confidence floor (55%)"",""value"":""58%"",""respected"":true,""note"":null}]",,,,,,,/research-intelligence (Trade Diagnostics),1e3806416eb2:NTPC:2026-06-08,,,,"{""exit_reason"":""Stop-Loss Hit"",""holding_days"":5.0,""mae_pct"":-3.42,""mfe_pct"":1.25,""indicators_at_entry"":""not stored \u2014 blank, not fabricated""}"
2026-07-14T15:06:53Z,v0.5,Phase 5,Trade Replay,Trade diagnosis,,trade_diagnosis,ONGC 2026-07-08,Submission Pipeline Test,1e3806416eb2,Trend Rider,ONGC,ENERGY,Bullish,,LOSS,,64.3,,,,,-1.12,-5.55,,,,,,,,,,,,,,,,,,,,,,Exit: End-of-Test Forced Close. Adverse move reached -1.66% (MAE) before exit. Held 2 day(s).,Trend Rider issued a BUY signal on ONGC (ENERGY) with 64% raw confidence (35% calibrated) in a Bullish regime; opening gap +1.08%.,"[{""filter"":""Opening-gap check"",""value"":""+1.08%"",""respected"":true,""note"":null},{""filter"":""Full fill"",""value"":""full"",""respected"":true,""note"":null},{""filter"":""Confidence floor (55%)"",""value"":""64%"",""respected"":true,""note"":null}]",,,,,,,/research-intelligence (Trade Diagnostics),1e3806416eb2:ONGC:2026-07-08,,,,"{""exit_reason"":""End-of-Test Forced Close"",""holding_days"":2.0,""mae_pct"":-1.66,""mfe_pct"":1.05,""indicators_at_entry"":""not stored \u2014 blank, not fabricated""}"
2026-07-14T15:06:53Z,v0.5,Phase 5,Trade Replay,Trade diagnosis,,trade_diagnosis,ONGC 2024-07-02,Bull Market — Jul 2026,95a7ff31918c,Trend Rider,ONGC,ENERGY,Bullish,,WIN,,81.8,,,,,16.88,83.14,,,,,,,,,,,,,,,,,,,,,,Exit: Target Hit. Price moved up to +18.38% in the trade's favour (MFE). Held 9 day(s).,Trend Rider issued a BUY signal on ONGC (ENERGY) with 82% raw confidence (64% calibrated) in a Bullish regime; opening gap +0.09%.,"[{""filter"":""Opening-gap check"",""value"":""+0.09%"",""respected"":true,""note"":null},{""filter"":""Full fill"",""value"":""full"",""respected"":true,""note"":null},{""filter"":""Confidence floor (55%)"",""value"":""82%"",""respected"":true,""note"":null}]",,,,,,,/research-intelligence (Trade Diagnostics),95a7ff31918c:ONGC:2024-07-02,,,,"{""exit_reason"":""Target Hit"",""holding_days"":9.0,""mae_pct"":-0.13,""mfe_pct"":18.38,""indicators_at_entry"":""not stored \u2014 blank, not fabricated""}"
2026-07-14T15:06:53Z,v0.5,Phase 5,Trade Replay,Trade diagnosis,,trade_diagnosis,ONGC 2024-07-16,Bull Market — Jul 2026,95a7ff31918c,Trend Rider,ONGC,ENERGY,Bullish,,LOSS,,83.4,,,,,-6.46,-18.86,,,,,,,,,,,,,,,,,,,,,,Exit: Stop-Loss Hit. Adverse move reached -8.17% (MAE) before exit. The trade was profitable at one point (MFE +2.92%) but gave the gain back. The stop-loss rule ended the trade as designed. Held 4 day(s).,Trend Rider issued a BUY signal on ONGC (ENERGY) with 83% raw confidence (65% calibrated) in a Bullish regime; opening gap +0.34%.,"[{""filter"":""Opening-gap check"",""value"":""+0.34%"",""respected"":true,""note"":null},{""filter"":""Full fill"",""value"":""full"",""respected"":true,""note"":null},{""filter"":""Confidence floor (55%)"",""value"":""83%"",""respected"":true,""note"":null}]",,,,,,,/research-intelligence (Trade Diagnostics),95a7ff31918c:ONGC:2024-07-16,,,,"{""exit_reason"":""Stop-Loss Hit"",""holding_days"":4.0,""mae_pct"":-8.17,""mfe_pct"":2.92,""indicators_at_entry"":""not stored \u2014 blank, not fabricated""}"
2026-07-14T15:06:53Z,v0.5,Phase 5,Trade Replay,Trade diagnosis,,trade_diagnosis,SHRIRAMFIN 2024-07-03,Bull Market — Jul 2026,95a7ff31918c,Trend Rider,SHRIRAMFIN,FINANCE,Bullish,,LOSS,,59.3,,,,,-5.52,-30.38,,,,,,,,,,,,,,,,,,,,,,Exit: Signal Exit. Adverse move reached -6.78% (MAE) before exit. The trade was profitable at one point (MFE +2.04%) but gave the gain back. Held 15 day(s).,Trend Rider issued a BUY signal on SHRIRAMFIN (FINANCE) with 59% raw confidence (40% calibrated) in a Bullish regime; opening gap +0.53%.,"[{""filter"":""Opening-gap check"",""value"":""+0.53%"",""respected"":true,""note"":null},{""filter"":""Full fill"",""value"":""full"",""respected"":true,""note"":null},{""filter"":""Confidence floor (55%)"",""value"":""59%"",""respected"":true,""note"":null}]",,,,,,,/research-intelligence (Trade Diagnostics),95a7ff31918c:SHRIRAMFIN:2024-07-03,,,,"{""exit_reason"":""Signal Exit"",""holding_days"":15.0,""mae_pct"":-6.78,""mfe_pct"":2.04,""indicators_at_entry"":""not stored \u2014 blank, not fabricated""}"
2026-07-14T15:06:53Z,v0.5,Phase 5,Trade Replay,Trade diagnosis,,trade_diagnosis,POWERGRID 2024-07-02,Bull Market — Jul 2026,95a7ff31918c,Trend Rider,POWERGRID,ENERGY,Bullish,,WIN,,89.2,,,,,5.11,47.42,,,,,,,,,,,,,,,,,,,,,,Exit: Time Exit. Price moved up to +8.07% in the trade's favour (MFE). Held 20 day(s).,Trend Rider issued a BUY signal on POWERGRID (ENERGY) with 89% raw confidence (72% calibrated) in a Bullish regime; opening gap +0.14%.,"[{""filter"":""Opening-gap check"",""value"":""+0.14%"",""respected"":true,""note"":null},{""filter"":""Full fill"",""value"":""full"",""respected"":true,""note"":null},{""filter"":""Confidence floor (55%)"",""value"":""89%"",""respected"":true,""note"":null}]",,,,,,,/research-intelligence (Trade Diagnostics),95a7ff31918c:POWERGRID:2024-07-02,,,,"{""exit_reason"":""Time Exit"",""holding_days"":20.0,""mae_pct"":-2.78,""mfe_pct"":8.07,""indicators_at_entry"":""not stored \u2014 blank, not fabricated""}"
2026-07-14T15:06:53Z,v0.5,Phase 5,Trade Replay,Trade diagnosis,,trade_diagnosis,POWERGRID 2024-08-01,Bull Market — Jul 2026,95a7ff31918c,Trend Rider,POWERGRID,ENERGY,Bullish,,LOSS,,89.8,,,,,-5.39,-53.13,,,,,,,,,,,,,,,,,,,,,,Exit: Signal Exit. Adverse move reached -5.38% (MAE) before exit. The trade was profitable at one point (MFE +2.74%) but gave the gain back. Held 9 day(s).,Trend Rider issued a BUY signal on POWERGRID (ENERGY) with 90% raw confidence (72% calibrated) in a Bullish regime; opening gap +0.85%.,"[{""filter"":""Opening-gap check"",""value"":""+0.85%"",""respected"":true,""note"":null},{""filter"":""Full fill"",""value"":""full"",""respected"":true,""note"":null},{""filter"":""Confidence floor (55%)"",""value"":""90%"",""respected"":true,""note"":null}]",,,,,,,/research-intelligence (Trade Diagnostics),95a7ff31918c:POWERGRID:2024-08-01,,,,"{""exit_reason"":""Signal Exit"",""holding_days"":9.0,""mae_pct"":-5.38,""mfe_pct"":2.74,""indicators_at_entry"":""not stored \u2014 blank, not fabricated""}"
2026-07-14T15:06:53Z,v0.5,Phase 5,Trade Replay,Trade diagnosis,,trade_diagnosis,ONGC 2024-07-24,Bull Market — Jul 2026,95a7ff31918c,Trend Rider,ONGC,ENERGY,Neutral-Bullish,,WIN,,95.0,,,,,3.23,9.11,,,,,,,,,,,,,,,,,,,,,,Exit: Time Exit. Price moved up to +10.12% in the trade's favour (MFE). Held 20 day(s).,Trend Rider issued a BUY signal on ONGC (ENERGY) with 95% raw confidence (81% calibrated) in a Neutral-Bullish regime; opening gap -0.35%.,"[{""filter"":""Opening-gap check"",""value"":""-0.35%"",""respected"":true,""note"":null},{""filter"":""Full fill"",""value"":""full"",""respected"":true,""note"":null},{""filter"":""Confidence floor (55%)"",""value"":""95%"",""respected"":true,""note"":null}]",,,,,,,/research-intelligence (Trade Diagnostics),95a7ff31918c:ONGC:2024-07-24,,,,"{""exit_reason"":""Time Exit"",""holding_days"":20.0,""mae_pct"":-2.6,""mfe_pct"":10.12,""indicators_at_entry"":""not stored \u2014 blank, not fabricated""}"
2026-07-14T15:06:53Z,v0.5,Phase 5,Trade Replay,Trade diagnosis,,trade_diagnosis,SHRIRAMFIN 2024-07-31,Bull Market — Jul 2026,95a7ff31918c,Trend Rider,SHRIRAMFIN,FINANCE,Bullish,,WIN,,81.4,,,,,8.69,49.64,,,,,,,,,,,,,,,,,,,,,,Exit: Time Exit. Price moved up to +11.33% in the trade's favour (MFE). But it first drew down -4.36% (MAE) — the entry timing was early. Held 20 day(s).,Trend Rider issued a BUY signal on SHRIRAMFIN (FINANCE) with 81% raw confidence (63% calibrated) in a Bullish regime; opening gap +0.75%.,"[{""filter"":""Opening-gap check"",""value"":""+0.75%"",""respected"":true,""note"":null},{""filter"":""Full fill"",""value"":""full"",""respected"":true,""note"":null},{""filter"":""Confidence floor (55%)"",""value"":""81%"",""respected"":true,""note"":null}]",,,,,,,/research-intelligence (Trade Diagnostics),95a7ff31918c:SHRIRAMFIN:2024-07-31,,,,"{""exit_reason"":""Time Exit"",""holding_days"":20.0,""mae_pct"":-4.36,""mfe_pct"":11.33,""indicators_at_entry"":""not stored \u2014 blank, not fabricated""}"
2026-07-14T15:06:53Z,v0.5,Phase 5,Trade Replay,Trade diagnosis,,trade_diagnosis,ONGC 2024-08-23,Bull Market — Jul 2026,95a7ff31918c,Trend Rider,ONGC,ENERGY,Bullish,,LOSS,,73.8,,,,,-3.45,-20.32,,,,,,,,,,,,,,,,,,,,,,Exit: Signal Exit. Adverse move reached -5.00% (MAE) before exit. The trade was profitable at one point (MFE +3.01%) but gave the gain back. Held 8 day(s).,Trend Rider issued a BUY signal on ONGC (ENERGY) with 74% raw confidence (55% calibrated) in a Bullish regime; opening gap +0.79%.,"[{""filter"":""Opening-gap check"",""value"":""+0.79%"",""respected"":true,""note"":null},{""filter"":""Full fill"",""value"":""full"",""respected"":true,""note"":null},{""filter"":""Confidence floor (55%)"",""value"":""74%"",""respected"":true,""note"":null}]",,,,,,,/research-intelligence (Trade Diagnostics),95a7ff31918c:ONGC:2024-08-23,,,,"{""exit_reason"":""Signal Exit"",""holding_days"":8.0,""mae_pct"":-5.0,""mfe_pct"":3.01,""indicators_at_entry"":""not stored \u2014 blank, not fabricated""}"
2026-07-14T15:06:53Z,v0.5,Phase 5,Trade Replay,Trade diagnosis,,trade_diagnosis,TATASTEEL 2024-08-21,Bull Market — Jul 2026,95a7ff31918c,MACD Cross,TATASTEEL,METALS,Bullish,,LOSS,,61.5,,,,,-3.52,-15.49,,,,,,,,,,,,,,,,,,,,,,Exit: Signal Exit. Adverse move reached -3.59% (MAE) before exit. The trade was profitable at one point (MFE +2.21%) but gave the gain back. Held 15 day(s).,MACD Cross issued a BUY signal on TATASTEEL (METALS) with 62% raw confidence (42% calibrated) in a Bullish regime; opening gap -0.60%.,"[{""filter"":""Opening-gap check"",""value"":""-0.60%"",""respected"":true,""note"":null},{""filter"":""Full fill"",""value"":""full"",""respected"":true,""note"":null},{""filter"":""Confidence floor (55%)"",""value"":""62%"",""respected"":true,""note"":null}]",,,,,,,/research-intelligence (Trade Diagnostics),95a7ff31918c:TATASTEEL:2024-08-21,,,,"{""exit_reason"":""Signal Exit"",""holding_days"":15.0,""mae_pct"":-3.59,""mfe_pct"":2.21,""indicators_at_entry"":""not stored \u2014 blank, not fabricated""}"
2026-07-14T15:06:53Z,v0.5,Phase 5,Trade Replay,Trade diagnosis,,trade_diagnosis,POWERGRID 2024-08-16,Bull Market — Jul 2026,95a7ff31918c,Trend Rider,POWERGRID,ENERGY,Neutral-Bullish,,WIN,,65.2,,,,,0.9,5.67,,,,,,,,,,,,,,,,,,,,,,Exit: Time Exit. Price moved up to +3.02% in the trade's favour (MFE). Held 20 day(s).,Trend Rider issued a BUY signal on POWERGRID (ENERGY) with 65% raw confidence (46% calibrated) in a Neutral-Bullish regime; opening gap +0.68%.,"[{""filter"":""Opening-gap check"",""value"":""+0.68%"",""respected"":true,""note"":null},{""filter"":""Full fill"",""value"":""full"",""respected"":true,""note"":null},{""filter"":""Confidence floor (55%)"",""value"":""65%"",""respected"":true,""note"":null}]",,,,,,,/research-intelligence (Trade Diagnostics),95a7ff31918c:POWERGRID:2024-08-16,,,,"{""exit_reason"":""Time Exit"",""holding_days"":20.0,""mae_pct"":-2.91,""mfe_pct"":3.02,""indicators_at_entry"":""not stored \u2014 blank, not fabricated""}"
2026-07-14T15:06:53Z,v0.5,Phase 5,Trade Replay,Trade diagnosis,,trade_diagnosis,WIPRO 2024-08-22,Bull Market — Jul 2026,95a7ff31918c,Trend Rider,WIPRO,IT,Bullish,,WIN,,80.2,,,,,0.68,6.7,,,,,,,,,,,,,,,,,,,,,,Exit: Time Exit. Price moved up to +5.42% in the trade's favour (MFE). But it first drew down -3.19% (MAE) — the entry timing was early. Held 20 day(s).,Trend Rider issued a BUY signal on WIPRO (IT) with 80% raw confidence (62% calibrated) in a Bullish regime; opening gap +0.28%.,"[{""filter"":""Opening-gap check"",""value"":""+0.28%"",""respected"":true,""note"":null},{""filter"":""Full fill"",""value"":""full"",""respected"":true,""note"":null},{""filter"":""Confidence floor (55%)"",""value"":""80%"",""respected"":true,""note"":null}]",,,,,,,/research-intelligence (Trade Diagnostics),95a7ff31918c:WIPRO:2024-08-22,,,,"{""exit_reason"":""Time Exit"",""holding_days"":20.0,""mae_pct"":-3.19,""mfe_pct"":5.42,""indicators_at_entry"":""not stored \u2014 blank, not fabricated""}"
2026-07-14T15:06:53Z,v0.5,Phase 5,Trade Replay,Trade diagnosis,,trade_diagnosis,SHRIRAMFIN 2024-10-03,Bull Market — Jul 2026,95a7ff31918c,Trend Rider,SHRIRAMFIN,FINANCE,Neutral-Bullish,,LOSS,,82.2,,,,,-5.09,-35.4,,,,,,,,,,,,,,,,,,,,,,Exit: Stop-Loss Hit. Adverse move reached -7.20% (MAE) before exit. The stop-loss rule ended the trade as designed. Held 1 day(s).,Trend Rider issued a BUY signal on SHRIRAMFIN (FINANCE) with 82% raw confidence (66% calibrated) in a Neutral-Bullish regime; opening gap -0.01%.,"[{""filter"":""Opening-gap check"",""value"":""-0.01%"",""respected"":true,""note"":null},{""filter"":""Full fill"",""value"":""full"",""respected"":true,""note"":null},{""filter"":""Confidence floor (55%)"",""value"":""82%"",""respected"":true,""note"":null}]",,,,,,,/research-intelligence (Trade Diagnostics),95a7ff31918c:SHRIRAMFIN:2024-10-03,,,,"{""exit_reason"":""Stop-Loss Hit"",""holding_days"":1.0,""mae_pct"":-7.2,""mfe_pct"":0.0,""indicators_at_entry"":""not stored \u2014 blank, not fabricated""}"
2026-07-14T15:06:53Z,v0.5,Phase 5,Trade Replay,Trade diagnosis,,trade_diagnosis,POWERGRID 2024-10-03,Bull Market — Jul 2026,95a7ff31918c,Trend Rider,POWERGRID,ENERGY,Neutral-Bullish,,LOSS,,93.3,,,,,-2.44,-23.71,,,,,,,,,,,,,,,,,,,,,,Exit: Stop-Loss Hit. Adverse move reached -5.32% (MAE) before exit. The stop-loss rule ended the trade as designed. Held 2 day(s).,Trend Rider issued a BUY signal on POWERGRID (ENERGY) with 93% raw confidence (78% calibrated) in a Neutral-Bullish regime; opening gap -2.22%.,"[{""filter"":""Opening-gap check"",""value"":""-2.22%"",""respected"":true,""note"":null},{""filter"":""Full fill"",""value"":""full"",""respected"":true,""note"":null},{""filter"":""Confidence floor (55%)"",""value"":""93%"",""respected"":true,""note"":null}]",,,,,,,/research-intelligence (Trade Diagnostics),95a7ff31918c:POWERGRID:2024-10-03,,,,"{""exit_reason"":""Stop-Loss Hit"",""holding_days"":2.0,""mae_pct"":-5.32,""mfe_pct"":1.22,""indicators_at_entry"":""not stored \u2014 blank, not fabricated""}"
2026-07-14T15:06:53Z,v0.5,Phase 5,Trade Replay,Trade diagnosis,,trade_diagnosis,COALINDIA 2024-10-03,Bull Market — Jul 2026,95a7ff31918c,Trend Rider,COALINDIA,ENERGY,Neutral-Bullish,,LOSS,,89.6,,,,,-3.15,-13.97,,,,,,,,,,,,,,,,,,,,,,Exit: Stop-Loss Hit. Adverse move reached -4.91% (MAE) before exit. The stop-loss rule ended the trade as designed. Held 2 day(s).,Trend Rider issued a BUY signal on COALINDIA (ENERGY) with 90% raw confidence (74% calibrated) in a Neutral-Bullish regime; opening gap -1.77%.,"[{""filter"":""Opening-gap check"",""value"":""-1.77%"",""respected"":true,""note"":null},{""filter"":""Full fill"",""value"":""full"",""respected"":true,""note"":null},{""filter"":""Confidence floor (55%)"",""value"":""90%"",""respected"":true,""note"":null}]",,,,,,,/research-intelligence (Trade Diagnostics),95a7ff31918c:COALINDIA:2024-10-03,,,,"{""exit_reason"":""Stop-Loss Hit"",""holding_days"":2.0,""mae_pct"":-4.91,""mfe_pct"":0.96,""indicators_at_entry"":""not stored \u2014 blank, not fabricated""}"
2026-07-14T15:06:53Z,v0.5,Phase 5,Trade Replay,Trade diagnosis,,trade_diagnosis,SHRIRAMFIN 2024-10-07,Bull Market — Jul 2026,95a7ff31918c,Trend Rider,SHRIRAMFIN,FINANCE,Neutral-Bullish,,LOSS,,67.2,,,,,-1.32,-8.68,,,,,,,,,,,,,,,,,,,,,,Exit: Signal Exit. Adverse move reached -2.80% (MAE) before exit. The trade was profitable at one point (MFE +3.19%) but gave the gain back. Held 3 day(s).,Trend Rider issued a BUY signal on SHRIRAMFIN (FINANCE) with 67% raw confidence (50% calibrated) in a Neutral-Bullish regime; opening gap +1.00%.,"[{""filter"":""Opening-gap check"",""value"":""+1.00%"",""respected"":true,""note"":null},{""filter"":""Full fill"",""value"":""full"",""respected"":true,""note"":null},{""filter"":""Confidence floor (55%)"",""value"":""67%"",""respected"":true,""note"":null}]",,,,,,,/research-intelligence (Trade Diagnostics),95a7ff31918c:SHRIRAMFIN:2024-10-07,,,,"{""exit_reason"":""Signal Exit"",""holding_days"":3.0,""mae_pct"":-2.8,""mfe_pct"":3.19,""indicators_at_entry"":""not stored \u2014 blank, not fabricated""}"
2026-07-14T15:06:53Z,v0.5,Phase 5,Trade Replay,Trade diagnosis,,trade_diagnosis,ONGC 2024-10-07,Bull Market — Jul 2026,95a7ff31918c,Trend Rider,ONGC,ENERGY,Neutral-Bullish,,LOSS,,79.3,,,,,-6.01,-48.49,,,,,,,,,,,,,,,,,,,,,,Exit: Stop-Loss Hit. Adverse move reached -5.75% (MAE) before exit. The stop-loss rule ended the trade as designed. Held 9 day(s).,Trend Rider issued a BUY signal on ONGC (ENERGY) with 79% raw confidence (63% calibrated) in a Neutral-Bullish regime; opening gap +0.25%.,"[{""filter"":""Opening-gap check"",""value"":""+0.25%"",""respected"":true,""note"":null},{""filter"":""Full fill"",""value"":""full"",""respected"":true,""note"":null},{""filter"":""Confidence floor (55%)"",""value"":""79%"",""respected"":true,""note"":null}]",,,,,,,/research-intelligence (Trade Diagnostics),95a7ff31918c:ONGC:2024-10-07,,,,"{""exit_reason"":""Stop-Loss Hit"",""holding_days"":9.0,""mae_pct"":-5.75,""mfe_pct"":0.0,""indicators_at_entry"":""not stored \u2014 blank, not fabricated""}"
2026-07-14T15:06:53Z,v0.5,Phase 5,Trade Replay,Trade diagnosis,,trade_diagnosis,ONGC 2024-10-21,Bull Market — Jul 2026,95a7ff31918c,Trend Rider,ONGC,ENERGY,Neutral-Bullish,,LOSS,,79.3,,,,,-4.98,-12.73,,,,,,,,,,,,,,,,,,,,,,Exit: Stop-Loss Hit. Adverse move reached -5.80% (MAE) before exit. The stop-loss rule ended the trade as designed. Held 2 day(s).,Trend Rider issued a BUY signal on ONGC (ENERGY) with 79% raw confidence (63% calibrated) in a Neutral-Bullish regime; opening gap -0.76%.,"[{""filter"":""Opening-gap check"",""value"":""-0.76%"",""respected"":true,""note"":null},{""filter"":""Full fill"",""value"":""full"",""respected"":true,""note"":null},{""filter"":""Confidence floor (55%)"",""value"":""79%"",""respected"":true,""note"":null}]",,,,,,,/research-intelligence (Trade Diagnostics),95a7ff31918c:ONGC:2024-10-21,,,,"{""exit_reason"":""Stop-Loss Hit"",""holding_days"":2.0,""mae_pct"":-5.8,""mfe_pct"":0.0,""indicators_at_entry"":""not stored \u2014 blank, not fabricated""}"
2026-07-14T15:06:53Z,v0.5,Phase 5,Trade Replay,Trade diagnosis,,trade_diagnosis,SHRIRAMFIN 2024-10-11,Bull Market — Jul 2026,95a7ff31918c,Trend Rider,SHRIRAMFIN,FINANCE,Neutral-Bullish,,LOSS,,67.2,,,,,-6.66,-43.44,,,,,,,,,,,,,,,,,,,,,,Exit: Stop-Loss Hit. Adverse move reached -9.68% (MAE) before exit. The trade was profitable at one point (MFE +2.57%) but gave the gain back. The stop-loss rule ended the trade as designed. Held 10 day(s).,Trend Rider issued a BUY signal on SHRIRAMFIN (FINANCE) with 67% raw confidence (50% calibrated) in a Neutral-Bullish regime; opening gap +0.37%.,"[{""filter"":""Opening-gap check"",""value"":""+0.37%"",""respected"":true,""note"":null},{""filter"":""Full fill"",""value"":""full"",""respected"":true,""note"":null},{""filter"":""Confidence floor (55%)"",""value"":""67%"",""respected"":true,""note"":null}]",,,,,,,/research-intelligence (Trade Diagnostics),95a7ff31918c:SHRIRAMFIN:2024-10-11,,,,"{""exit_reason"":""Stop-Loss Hit"",""holding_days"":10.0,""mae_pct"":-9.68,""mfe_pct"":2.57,""indicators_at_entry"":""not stored \u2014 blank, not fabricated""}"
2026-07-14T15:06:53Z,v0.5,Phase 5,Trade Replay,Trade diagnosis,,trade_diagnosis,POWERGRID 2024-10-08,Bull Market — Jul 2026,95a7ff31918c,Trend Rider,POWERGRID,ENERGY,Neutral-Bullish,,LOSS,,60.3,,,,,-4.86,-30.04,,,,,,,,,,,,,,,,,,,,,,Exit: Stop-Loss Hit. Adverse move reached -5.13% (MAE) before exit. The trade was profitable at one point (MFE +3.22%) but gave the gain back. The stop-loss rule ended the trade as designed. Held 14 day(s).,Trend Rider issued a BUY signal on POWERGRID (ENERGY) with 60% raw confidence (42% calibrated) in a Neutral-Bullish regime; opening gap -0.50%.,"[{""filter"":""Opening-gap check"",""value"":""-0.50%"",""respected"":true,""note"":null},{""filter"":""Full fill"",""value"":""full"",""respected"":true,""note"":null},{""filter"":""Confidence floor (55%)"",""value"":""60%"",""respected"":true,""note"":null}]",,,,,,,/research-intelligence (Trade Diagnostics),95a7ff31918c:POWERGRID:2024-10-08,,,,"{""exit_reason"":""Stop-Loss Hit"",""holding_days"":14.0,""mae_pct"":-5.13,""mfe_pct"":3.22,""indicators_at_entry"":""not stored \u2014 blank, not fabricated""}"
2026-07-14T15:06:53Z,v0.5,Phase 5,Trade Replay,Trade diagnosis,,trade_diagnosis,BAJFINANCE 2024-11-06,Bull Market — Jul 2026,95a7ff31918c,MACD Cross,BAJFINANCE,FINANCE,Bearish,,LOSS,,91.2,,,,,-4.64,-31.82,,,,,,,,,,,,,,,,,,,,,,Exit: Signal Exit. Adverse move reached -4.69% (MAE) before exit. Held 4 day(s).,MACD Cross issued a BUY signal on BAJFINANCE (FINANCE) with 91% raw confidence (75% calibrated) in a Bearish regime; opening gap +0.07%.,"[{""filter"":""Opening-gap check"",""value"":""+0.07%"",""respected"":true,""note"":null},{""filter"":""Full fill"",""value"":""full"",""respected"":true,""note"":null},{""filter"":""Confidence floor (55%)"",""value"":""91%"",""respected"":true,""note"":null}]",,,,,,,/research-intelligence (Trade Diagnostics),95a7ff31918c:BAJFINANCE:2024-11-06,,,,"{""exit_reason"":""Signal Exit"",""holding_days"":4.0,""mae_pct"":-4.69,""mfe_pct"":1.42,""indicators_at_entry"":""not stored \u2014 blank, not fabricated""}"
2026-07-14T15:06:53Z,v0.5,Phase 5,Trade Replay,Trade diagnosis,,trade_diagnosis,ONGC 2024-10-24,Bull Market — Jul 2026,95a7ff31918c,Trend Rider,ONGC,ENERGY,Neutral-Bullish,,LOSS,,79.3,,,,,-6.52,-48.31,,,,,,,,,,,,,,,,,,,,,,Exit: Stop-Loss Hit. Adverse move reached -8.49% (MAE) before exit. The stop-loss rule ended the trade as designed. Held 14 day(s).,Trend Rider issued a BUY signal on ONGC (ENERGY) with 79% raw confidence (63% calibrated) in a Neutral-Bullish regime; opening gap +0.39%.,"[{""filter"":""Opening-gap check"",""value"":""+0.39%"",""respected"":true,""note"":null},{""filter"":""Full fill"",""value"":""full"",""respected"":true,""note"":null},{""filter"":""Confidence floor (55%)"",""value"":""79%"",""respected"":true,""note"":null}]",,,,,,,/research-intelligence (Trade Diagnostics),95a7ff31918c:ONGC:2024-10-24,,,,"{""exit_reason"":""Stop-Loss Hit"",""holding_days"":14.0,""mae_pct"":-8.49,""mfe_pct"":0.83,""indicators_at_entry"":""not stored \u2014 blank, not fabricated""}"
2026-07-14T15:06:53Z,v0.5,Phase 5,Trade Replay,Trade diagnosis,,trade_diagnosis,SHRIRAMFIN 2024-10-28,Bull Market — Jul 2026,95a7ff31918c,Trend Rider,SHRIRAMFIN,FINANCE,Bearish,,LOSS,,67.2,,,,,-9.78,-60.24,,,,,,,,,,,,,,,,,,,,,,Exit: Stop-Loss Hit. Adverse move reached -9.71% (MAE) before exit. The trade was profitable at one point (MFE +3.77%) but gave the gain back. The stop-loss rule ended the trade as designed. Held 12 day(s).,Trend Rider issued a BUY signal on SHRIRAMFIN (FINANCE) with 67% raw confidence (50% calibrated) in a Bearish regime; opening gap +2.31%.,"[{""filter"":""Opening-gap check"",""value"":""+2.31%"",""respected"":true,""note"":null},{""filter"":""Full fill"",""value"":""full"",""respected"":true,""note"":null},{""filter"":""Confidence floor (55%)"",""value"":""67%"",""respected"":true,""note"":null}]",,,,,,,/research-intelligence (Trade Diagnostics),95a7ff31918c:SHRIRAMFIN:2024-10-28,,,,"{""exit_reason"":""Stop-Loss Hit"",""holding_days"":12.0,""mae_pct"":-9.71,""mfe_pct"":3.77,""indicators_at_entry"":""not stored \u2014 blank, not fabricated""}"
2026-07-14T15:06:53Z,v0.5,Phase 5,Trade Replay,Trade diagnosis,,trade_diagnosis,POWERGRID 2024-10-29,Bull Market — Jul 2026,95a7ff31918c,Trend Rider,POWERGRID,ENERGY,Bearish,,WIN,,60.3,,,,,6.68,39.86,,,,,,,,,,,,,,,,,,,,,,Exit: Time Exit. Price moved up to +10.75% in the trade's favour (MFE). Held 20 day(s).,Trend Rider issued a BUY signal on POWERGRID (ENERGY) with 60% raw confidence (42% calibrated) in a Bearish regime; opening gap -0.69%.,"[{""filter"":""Opening-gap check"",""value"":""-0.69%"",""respected"":true,""note"":null},{""filter"":""Full fill"",""value"":""full"",""respected"":true,""note"":null},{""filter"":""Confidence floor (55%)"",""value"":""60%"",""respected"":true,""note"":null}]",,,,,,,/research-intelligence (Trade Diagnostics),95a7ff31918c:POWERGRID:2024-10-29,,,,"{""exit_reason"":""Time Exit"",""holding_days"":20.0,""mae_pct"":-2.41,""mfe_pct"":10.75,""indicators_at_entry"":""not stored \u2014 blank, not fabricated""}"
2026-07-14T15:06:53Z,v0.5,Phase 5,Trade Replay,Trade diagnosis,,trade_diagnosis,ONGC 2024-11-14,Bull Market — Jul 2026,95a7ff31918c,Trend Rider,ONGC,ENERGY,Bearish,,WIN,,79.3,,,,,2.76,19.01,,,,,,,,,,,,,,,,,,,,,,Exit: Signal Exit. Price moved up to +7.30% in the trade's favour (MFE). Held 19 day(s).,Trend Rider issued a BUY signal on ONGC (ENERGY) with 79% raw confidence (63% calibrated) in a Bearish regime; opening gap +0.00%.,"[{""filter"":""Opening-gap check"",""value"":""+0.00%"",""respected"":true,""note"":null},{""filter"":""Full fill"",""value"":""full"",""respected"":true,""note"":null},{""filter"":""Confidence floor (55%)"",""value"":""79%"",""respected"":true,""note"":null}]",,,,,,,/research-intelligence (Trade Diagnostics),95a7ff31918c:ONGC:2024-11-14,,,,"{""exit_reason"":""Signal Exit"",""holding_days"":19.0,""mae_pct"":-2.39,""mfe_pct"":7.3,""indicators_at_entry"":""not stored \u2014 blank, not fabricated""}"
2026-07-14T15:06:53Z,v0.5,Phase 5,Trade Replay,Trade diagnosis,,trade_diagnosis,SHRIRAMFIN 2024-11-14,Bull Market — Jul 2026,95a7ff31918c,Trend Rider,SHRIRAMFIN,FINANCE,Bearish,,WIN,,67.2,,,,,9.58,53.58,,,,,,,,,,,,,,,,,,,,,,Exit: Time Exit. Price moved up to +14.45% in the trade's favour (MFE). But it first drew down -3.83% (MAE) — the entry timing was early. Held 20 day(s).,Trend Rider issued a BUY signal on SHRIRAMFIN (FINANCE) with 67% raw confidence (50% calibrated) in a Bearish regime; opening gap -0.04%.,"[{""filter"":""Opening-gap check"",""value"":""-0.04%"",""respected"":true,""note"":null},{""filter"":""Full fill"",""value"":""full"",""respected"":true,""note"":null},{""filter"":""Confidence floor (55%)"",""value"":""67%"",""respected"":true,""note"":null}]",,,,,,,/research-intelligence (Trade Diagnostics),95a7ff31918c:SHRIRAMFIN:2024-11-14,,,,"{""exit_reason"":""Time Exit"",""holding_days"":20.0,""mae_pct"":-3.83,""mfe_pct"":14.45,""indicators_at_entry"":""not stored \u2014 blank, not fabricated""}"
2026-07-14T15:06:53Z,v0.5,Phase 5,Trade Replay,Trade diagnosis,,trade_diagnosis,HINDALCO 2024-11-26,Bull Market — Jul 2026,95a7ff31918c,MACD Cross,HINDALCO,METALS,Neutral-Bearish,,LOSS,,84.5,,,,,-3.9,-25.55,,,,,,,,,,,,,,,,,,,,,,Exit: Signal Exit. Adverse move reached -3.96% (MAE) before exit. The trade was profitable at one point (MFE +2.47%) but gave the gain back. Held 15 day(s).,MACD Cross issued a BUY signal on HINDALCO (METALS) with 84% raw confidence (68% calibrated) in a Neutral-Bearish regime; opening gap +0.46%.,"[{""filter"":""Opening-gap check"",""value"":""+0.46%"",""respected"":true,""note"":null},{""filter"":""Full fill"",""value"":""full"",""respected"":true,""note"":null},{""filter"":""Confidence floor (55%)"",""value"":""84%"",""respected"":true,""note"":null}]",,,,,,,/research-intelligence (Trade Diagnostics),95a7ff31918c:HINDALCO:2024-11-26,,,,"{""exit_reason"":""Signal Exit"",""holding_days"":15.0,""mae_pct"":-3.96,""mfe_pct"":2.47,""indicators_at_entry"":""not stored \u2014 blank, not fabricated""}"
2026-07-14T15:06:53Z,v0.5,Phase 5,Trade Replay,Trade diagnosis,,trade_diagnosis,SHRIRAMFIN 2024-12-17,Bull Market — Jul 2026,95a7ff31918c,Trend Rider,SHRIRAMFIN,FINANCE,Neutral-Bearish,,LOSS,,82.2,,,,,-5.99,-36.79,,,,,,,,,,,,,,,,,,,,,,Exit: Stop-Loss Hit. Adverse move reached -7.28% (MAE) before exit. The stop-loss rule ended the trade as designed. Held 1 day(s).,Trend Rider issued a BUY signal on SHRIRAMFIN (FINANCE) with 82% raw confidence (66% calibrated) in a Neutral-Bearish regime; opening gap -0.08%.,"[{""filter"":""Opening-gap check"",""value"":""-0.08%"",""respected"":true,""note"":null},{""filter"":""Full fill"",""value"":""full"",""respected"":true,""note"":null},{""filter"":""Confidence floor (55%)"",""value"":""82%"",""respected"":true,""note"":null}]",,,,,,,/research-intelligence (Trade Diagnostics),95a7ff31918c:SHRIRAMFIN:2024-12-17,,,,"{""exit_reason"":""Stop-Loss Hit"",""holding_days"":1.0,""mae_pct"":-7.28,""mfe_pct"":0.0,""indicators_at_entry"":""not stored \u2014 blank, not fabricated""}"
2026-07-14T15:06:53Z,v0.5,Phase 5,Trade Replay,Trade diagnosis,,trade_diagnosis,POWERGRID 2024-11-29,Bull Market — Jul 2026,95a7ff31918c,Trend Rider,POWERGRID,ENERGY,Neutral-Bearish,,LOSS,,93.2,,,,,-3.29,-20.9,,,,,,,,,,,,,,,,,,,,,,Exit: Signal Exit. Adverse move reached -4.45% (MAE) before exit. Held 14 day(s).,Trend Rider issued a BUY signal on POWERGRID (ENERGY) with 93% raw confidence (77% calibrated) in a Neutral-Bearish regime; opening gap -0.69%.,"[{""filter"":""Opening-gap check"",""value"":""-0.69%"",""respected"":true,""note"":null},{""filter"":""Full fill"",""value"":""full"",""respected"":true,""note"":null},{""filter"":""Confidence floor (55%)"",""value"":""93%"",""respected"":true,""note"":null}]",,,,,,,/research-intelligence (Trade Diagnostics),95a7ff31918c:POWERGRID:2024-11-29,,,,"{""exit_reason"":""Signal Exit"",""holding_days"":14.0,""mae_pct"":-4.45,""mfe_pct"":1.4,""indicators_at_entry"":""not stored \u2014 blank, not fabricated""}"
2026-07-14T15:06:53Z,v0.5,Phase 5,Trade Replay,Trade diagnosis,,trade_diagnosis,ONGC 2024-12-16,Bull Market — Jul 2026,95a7ff31918c,Trend Rider,ONGC,ENERGY,Neutral-Bearish,,LOSS,,79.3,,,,,-5.87,-41.63,,,,,,,,,,,,,,,,,,,,,,Exit: Stop-Loss Hit. Adverse move reached -6.15% (MAE) before exit. The stop-loss rule ended the trade as designed. Held 3 day(s).,Trend Rider issued a BUY signal on ONGC (ENERGY) with 79% raw confidence (63% calibrated) in a Neutral-Bearish regime; opening gap -0.10%.,"[{""filter"":""Opening-gap check"",""value"":""-0.10%"",""respected"":true,""note"":null},{""filter"":""Full fill"",""value"":""full"",""respected"":true,""note"":null},{""filter"":""Confidence floor (55%)"",""value"":""79%"",""respected"":true,""note"":null}]",,,,,,,/research-intelligence (Trade Diagnostics),95a7ff31918c:ONGC:2024-12-16,,,,"{""exit_reason"":""Stop-Loss Hit"",""holding_days"":3.0,""mae_pct"":-6.15,""mfe_pct"":0.0,""indicators_at_entry"":""not stored \u2014 blank, not fabricated""}"
2026-07-14T15:06:53Z,v0.5,Phase 5,Trade Replay,Trade diagnosis,,trade_diagnosis,BAJFINANCE 2024-11-27,Bull Market — Jul 2026,95a7ff31918c,MACD Cross,BAJFINANCE,FINANCE,Neutral-Bearish,,WIN,,80.1,,,,,2.88,18.92,,,,,,,,,,,,,,,,,,,,,,Exit: Signal Exit. Price moved up to +9.05% in the trade's favour (MFE). Held 18 day(s).,MACD Cross issued a BUY signal on BAJFINANCE (FINANCE) with 80% raw confidence (64% calibrated) in a Neutral-Bearish regime; opening gap +0.48%.,"[{""filter"":""Opening-gap check"",""value"":""+0.48%"",""respected"":true,""note"":null},{""filter"":""Full fill"",""value"":""full"",""respected"":true,""note"":null},{""filter"":""Confidence floor (55%)"",""value"":""80%"",""respected"":true,""note"":null}]",,,,,,,/research-intelligence (Trade Diagnostics),95a7ff31918c:BAJFINANCE:2024-11-27,,,,"{""exit_reason"":""Signal Exit"",""holding_days"":18.0,""mae_pct"":-2.46,""mfe_pct"":9.05,""indicators_at_entry"":""not stored \u2014 blank, not fabricated""}"
2026-07-14T15:06:53Z,v0.5,Phase 5,Trade Replay,Trade diagnosis,,trade_diagnosis,POWERGRID 2024-12-20,Bull Market — Jul 2026,95a7ff31918c,Trend Rider,POWERGRID,ENERGY,Bearish,,LOSS,,60.3,,,,,-4.8,-14.77,,,,,,,,,,,,,,,,,,,,,,Exit: Stop-Loss Hit. Adverse move reached -4.74% (MAE) before exit. The stop-loss rule ended the trade as designed. Held 5 day(s).,Trend Rider issued a BUY signal on POWERGRID (ENERGY) with 60% raw confidence (42% calibrated) in a Bearish regime; opening gap -0.11%.,"[{""filter"":""Opening-gap check"",""value"":""-0.11%"",""respected"":true,""note"":null},{""filter"":""Full fill"",""value"":""full"",""respected"":true,""note"":null},{""filter"":""Confidence floor (55%)"",""value"":""60%"",""respected"":true,""note"":null}]",,,,,,,/research-intelligence (Trade Diagnostics),95a7ff31918c:POWERGRID:2024-12-20,,,,"{""exit_reason"":""Stop-Loss Hit"",""holding_days"":5.0,""mae_pct"":-4.74,""mfe_pct"":0.0,""indicators_at_entry"":""not stored \u2014 blank, not fabricated""}"
2026-07-14T15:06:53Z,v0.5,Phase 5,Trade Replay,Trade diagnosis,,trade_diagnosis,SHRIRAMFIN 2024-12-19,Bull Market — Jul 2026,95a7ff31918c,Trend Rider,SHRIRAMFIN,FINANCE,Bearish,,WIN,,67.2,,,,,0.29,1.65,,,,,,,,,,,,,,,,,,,,,,Exit: End-of-Test Forced Close. Price moved up to +3.37% in the trade's favour (MFE). Held 7 day(s).,Trend Rider issued a BUY signal on SHRIRAMFIN (FINANCE) with 67% raw confidence (50% calibrated) in a Bearish regime; opening gap -2.09%.,"[{""filter"":""Opening-gap check"",""value"":""-2.09%"",""respected"":true,""note"":null},{""filter"":""Full fill"",""value"":""full"",""respected"":true,""note"":null},{""filter"":""Confidence floor (55%)"",""value"":""67%"",""respected"":true,""note"":null}]",,,,,,,/research-intelligence (Trade Diagnostics),95a7ff31918c:SHRIRAMFIN:2024-12-19,,,,"{""exit_reason"":""End-of-Test Forced Close"",""holding_days"":7.0,""mae_pct"":-0.99,""mfe_pct"":3.37,""indicators_at_entry"":""not stored \u2014 blank, not fabricated""}"
2026-07-14T15:06:53Z,v0.5,Phase 5,Trade Replay,Trade diagnosis,,trade_diagnosis,ONGC 2024-12-20,Bull Market — Jul 2026,95a7ff31918c,Trend Rider,ONGC,ENERGY,Bearish,,LOSS,,79.3,,,,,-1.3,-2.93,,,,,,,,,,,,,,,,,,,,,,Exit: End-of-Test Forced Close. Adverse move reached -4.36% (MAE) before exit. Held 6 day(s).,Trend Rider issued a BUY signal on ONGC (ENERGY) with 79% raw confidence (63% calibrated) in a Bearish regime; opening gap -0.14%.,"[{""filter"":""Opening-gap check"",""value"":""-0.14%"",""respected"":true,""note"":null},{""filter"":""Full fill"",""value"":""full"",""respected"":true,""note"":null},{""filter"":""Confidence floor (55%)"",""value"":""79%"",""respected"":true,""note"":null}]",,,,,,,/research-intelligence (Trade Diagnostics),95a7ff31918c:ONGC:2024-12-20,,,,"{""exit_reason"":""End-of-Test Forced Close"",""holding_days"":6.0,""mae_pct"":-4.36,""mfe_pct"":0.65,""indicators_at_entry"":""not stored \u2014 blank, not fabricated""}"
2026-07-14T15:06:53Z,v0.5,Phase 5,Trade Replay,Trade diagnosis,,trade_diagnosis,WIPRO 2025-08-19,Bull Market — Jul 2026,95a7ff31918c,MACD Cross,WIPRO,IT,Neutral-Bearish,,LOSS,,72.2,,,,,-1.1,-5.27,,,,,,,,,,,,,,,,,,,,,,Exit: Signal Exit. Adverse move reached -1.78% (MAE) before exit. The trade was profitable at one point (MFE +4.74%) but gave the gain back. Held 12 day(s).,MACD Cross issued a BUY signal on WIPRO (IT) with 72% raw confidence (50% calibrated) in a Neutral-Bearish regime; opening gap +0.10%.,"[{""filter"":""Opening-gap check"",""value"":""+0.10%"",""respected"":true,""note"":null},{""filter"":""Full fill"",""value"":""full"",""respected"":true,""note"":null},{""filter"":""Confidence floor (55%)"",""value"":""72%"",""respected"":true,""note"":null}]",,,,,,,/research-intelligence (Trade Diagnostics),95a7ff31918c:WIPRO:2025-08-19,,,,"{""exit_reason"":""Signal Exit"",""holding_days"":12.0,""mae_pct"":-1.78,""mfe_pct"":4.74,""indicators_at_entry"":""not stored \u2014 blank, not fabricated""}"
2026-07-14T15:06:53Z,v0.5,Phase 5,Trade Replay,Trade diagnosis,,trade_diagnosis,WIPRO 2025-09-11,Bull Market — Jul 2026,95a7ff31918c,MACD Cross,WIPRO,IT,Neutral-Bearish,,LOSS,,70.2,,,,,-4.43,-22.11,,,,,,,,,,,,,,,,,,,,,,Exit: Stop-Loss Hit. Adverse move reached -4.55% (MAE) before exit. The stop-loss rule ended the trade as designed. Held 9 day(s).,MACD Cross issued a BUY signal on WIPRO (IT) with 70% raw confidence (47% calibrated) in a Neutral-Bearish regime; opening gap -0.02%.,"[{""filter"":""Opening-gap check"",""value"":""-0.02%"",""respected"":true,""note"":null},{""filter"":""Full fill"",""value"":""full"",""respected"":true,""note"":null},{""filter"":""Confidence floor (55%)"",""value"":""70%"",""respected"":true,""note"":null}]",,,,,,,/research-intelligence (Trade Diagnostics),95a7ff31918c:WIPRO:2025-09-11,,,,"{""exit_reason"":""Stop-Loss Hit"",""holding_days"":9.0,""mae_pct"":-4.55,""mfe_pct"":1.53,""indicators_at_entry"":""not stored \u2014 blank, not fabricated""}"
2026-07-14T15:06:53Z,v0.5,Phase 5,Trade Replay,Trade diagnosis,,trade_diagnosis,ONGC 2025-12-16,Bull Market — Jul 2026,95a7ff31918c,Mean Reversion,ONGC,ENERGY,Neutral-Bullish,,LOSS,,81.4,,,,,-2.39,-16.41,,,,,,,,,,,,,,,,,,,,,,Exit: Stop-Loss Hit. Adverse move reached -2.45% (MAE) before exit. The stop-loss rule ended the trade as designed. Held 1 day(s).,Mean Reversion issued a BUY signal on ONGC (ENERGY) with 81% raw confidence (58% calibrated) in a Neutral-Bullish regime; opening gap -0.50%.,"[{""filter"":""Opening-gap check"",""value"":""-0.50%"",""respected"":true,""note"":null},{""filter"":""Full fill"",""value"":""full"",""respected"":true,""note"":null},{""filter"":""Confidence floor (55%)"",""value"":""81%"",""respected"":true,""note"":null}]",,,,,,,/research-intelligence (Trade Diagnostics),95a7ff31918c:ONGC:2025-12-16,,,,"{""exit_reason"":""Stop-Loss Hit"",""holding_days"":1.0,""mae_pct"":-2.45,""mfe_pct"":0.0,""indicators_at_entry"":""not stored \u2014 blank, not fabricated""}"
2026-07-14T15:06:53Z,v0.5,Phase 5,Trade Replay,Trade diagnosis,,trade_diagnosis,ONGC 2025-12-18,Bull Market — Jul 2026,95a7ff31918c,Mean Reversion,ONGC,ENERGY,Neutral-Bullish,,WIN,,69.8,,,,,2.79,19.05,,,,,,,,,,,,,,,,,,,,,,Exit: Signal Exit. Price moved up to +3.36% in the trade's favour (MFE). Held 8 day(s).,Mean Reversion issued a BUY signal on ONGC (ENERGY) with 70% raw confidence (46% calibrated) in a Neutral-Bullish regime; opening gap +0.04%.,"[{""filter"":""Opening-gap check"",""value"":""+0.04%"",""respected"":true,""note"":null},{""filter"":""Full fill"",""value"":""full"",""respected"":true,""note"":null},{""filter"":""Confidence floor (55%)"",""value"":""70%"",""respected"":true,""note"":null}]",,,,,,,/research-intelligence (Trade Diagnostics),95a7ff31918c:ONGC:2025-12-18,,,,"{""exit_reason"":""Signal Exit"",""holding_days"":8.0,""mae_pct"":-0.72,""mfe_pct"":3.36,""indicators_at_entry"":""not stored \u2014 blank, not fabricated""}"
2026-07-14T15:06:53Z,v0.5,Phase 5,Trade Replay,Trade diagnosis,,trade_diagnosis,HCLTECH 2022-10-04,Bear market test,c3a16676dc3b,Mean Reversion,HCLTECH,IT,Neutral-Bullish,,WIN,,80.6,,,,,1.96,15.88,,,,,,,,,,,,,,,,,,,,,,Exit: Signal Exit. Price moved up to +2.62% in the trade's favour (MFE). Held 1 day(s).,Mean Reversion issued a BUY signal on HCLTECH (IT) with 81% raw confidence (81% calibrated) in a Neutral-Bullish regime; opening gap +1.32%.,"[{""filter"":""Opening-gap check"",""value"":""+1.32%"",""respected"":true,""note"":null},{""filter"":""Full fill"",""value"":""full"",""respected"":true,""note"":null},{""filter"":""Confidence floor (55%)"",""value"":""81%"",""respected"":true,""note"":null}]",,,,,,,/research-intelligence (Trade Diagnostics),c3a16676dc3b:HCLTECH:2022-10-04,,,,"{""exit_reason"":""Signal Exit"",""holding_days"":1.0,""mae_pct"":0.0,""mfe_pct"":2.62,""indicators_at_entry"":""not stored \u2014 blank, not fabricated""}"
2026-07-14T15:06:53Z,v0.5,Phase 5,Trade Replay,Trade diagnosis,,trade_diagnosis,HCLTECH 2022-10-07,Bear market test,c3a16676dc3b,Mean Reversion,HCLTECH,IT,Bullish,,LOSS,,80.6,,,,,-0.55,-4.58,,,,,,,,,,,,,,,,,,,,,,Exit: Signal Exit. Adverse move reached -2.44% (MAE) before exit. Held 1 day(s).,Mean Reversion issued a BUY signal on HCLTECH (IT) with 81% raw confidence (81% calibrated) in a Bullish regime; opening gap +0.05%.,"[{""filter"":""Opening-gap check"",""value"":""+0.05%"",""respected"":true,""note"":null},{""filter"":""Full fill"",""value"":""full"",""respected"":true,""note"":null},{""filter"":""Confidence floor (55%)"",""value"":""81%"",""respected"":true,""note"":null}]",,,,,,,/research-intelligence (Trade Diagnostics),c3a16676dc3b:HCLTECH:2022-10-07,,,,"{""exit_reason"":""Signal Exit"",""holding_days"":1.0,""mae_pct"":-2.44,""mfe_pct"":0.15,""indicators_at_entry"":""not stored \u2014 blank, not fabricated""}"
2026-07-14T15:06:53Z,v0.5,Phase 5,Trade Replay,Trade diagnosis,,trade_diagnosis,HCLTECH 2022-10-11,Bear market test,c3a16676dc3b,Mean Reversion,HCLTECH,IT,Bullish,,LOSS,,80.6,,,,,-2.03,-16.89,,,,,,,,,,,,,,,,,,,,,,Exit: Signal Exit. Adverse move reached -2.63% (MAE) before exit. Held 1 day(s).,Mean Reversion issued a BUY signal on HCLTECH (IT) with 81% raw confidence (81% calibrated) in a Bullish regime; opening gap +0.50%.,"[{""filter"":""Opening-gap check"",""value"":""+0.50%"",""respected"":true,""note"":null},{""filter"":""Full fill"",""value"":""full"",""respected"":true,""note"":null},{""filter"":""Confidence floor (55%)"",""value"":""81%"",""respected"":true,""note"":null}]",,,,,,,/research-intelligence (Trade Diagnostics),c3a16676dc3b:HCLTECH:2022-10-11,,,,"{""exit_reason"":""Signal Exit"",""holding_days"":1.0,""mae_pct"":-2.63,""mfe_pct"":0.0,""indicators_at_entry"":""not stored \u2014 blank, not fabricated""}"
2026-07-14T15:06:53Z,v0.5,Phase 5,Trade Replay,Trade diagnosis,,trade_diagnosis,HCLTECH 2022-10-13,Bear market test,c3a16676dc3b,Mean Reversion,HCLTECH,IT,Neutral-Bullish,,WIN,,80.6,,,,,3.01,25.13,,,,,,,,,,,,,,,,,,,,,,Exit: Target Hit. Price moved up to +5.16% in the trade's favour (MFE). Held 1 day(s).,Mean Reversion issued a BUY signal on HCLTECH (IT) with 81% raw confidence (81% calibrated) in a Neutral-Bullish regime; opening gap +2.11%.,"[{""filter"":""Opening-gap check"",""value"":""+2.11%"",""respected"":true,""note"":null},{""filter"":""Full fill"",""value"":""full"",""respected"":true,""note"":null},{""filter"":""Confidence floor (55%)"",""value"":""81%"",""respected"":true,""note"":null}]",,,,,,,/research-intelligence (Trade Diagnostics),c3a16676dc3b:HCLTECH:2022-10-13,,,,"{""exit_reason"":""Target Hit"",""holding_days"":1.0,""mae_pct"":0.0,""mfe_pct"":5.16,""indicators_at_entry"":""not stored \u2014 blank, not fabricated""}"
2026-07-14T15:06:53Z,v0.5,Phase 5,Trade Replay,Trade diagnosis,,trade_diagnosis,HCLTECH 2022-10-17,Bear market test,c3a16676dc3b,Mean Reversion,HCLTECH,IT,Bearish,,LOSS,,80.6,,,,,-0.02,-0.21,,,,,,,,,,,,,,,,,,,,,,Exit: Signal Exit. Adverse move reached -0.73% (MAE) before exit. Held 1 day(s).,Mean Reversion issued a BUY signal on HCLTECH (IT) with 81% raw confidence (81% calibrated) in a Bearish regime; opening gap +0.31%.,"[{""filter"":""Opening-gap check"",""value"":""+0.31%"",""respected"":true,""note"":null},{""filter"":""Full fill"",""value"":""full"",""respected"":true,""note"":null},{""filter"":""Confidence floor (55%)"",""value"":""81%"",""respected"":true,""note"":null}]",,,,,,,/research-intelligence (Trade Diagnostics),c3a16676dc3b:HCLTECH:2022-10-17,,,,"{""exit_reason"":""Signal Exit"",""holding_days"":1.0,""mae_pct"":-0.73,""mfe_pct"":0.71,""indicators_at_entry"":""not stored \u2014 blank, not fabricated""}"
2026-07-14T15:06:53Z,v0.5,Phase 5,Trade Replay,Trade diagnosis,,trade_diagnosis,HCLTECH 2022-10-19,Bear market test,c3a16676dc3b,Mean Reversion,HCLTECH,IT,Bullish,,WIN,,80.6,,,,,0.71,6.18,,,,,,,,,,,,,,,,,,,,,,Exit: Signal Exit. Price moved up to +1.20% in the trade's favour (MFE). Held 1 day(s).,Mean Reversion issued a BUY signal on HCLTECH (IT) with 81% raw confidence (81% calibrated) in a Bullish regime; opening gap +0.73%.,"[{""filter"":""Opening-gap check"",""value"":""+0.73%"",""respected"":true,""note"":null},{""filter"":""Full fill"",""value"":""full"",""respected"":true,""note"":null},{""filter"":""Confidence floor (55%)"",""value"":""81%"",""respected"":true,""note"":null}]",,,,,,,/research-intelligence (Trade Diagnostics),c3a16676dc3b:HCLTECH:2022-10-19,,,,"{""exit_reason"":""Signal Exit"",""holding_days"":1.0,""mae_pct"":-1.91,""mfe_pct"":1.2,""indicators_at_entry"":""not stored \u2014 blank, not fabricated""}"
2026-07-14T15:06:53Z,v0.5,Phase 5,Trade Replay,Trade diagnosis,,trade_diagnosis,HCLTECH 2022-10-21,Bear market test,c3a16676dc3b,Mean Reversion,HCLTECH,IT,Bullish,,WIN,,80.6,,,,,0.52,4.58,,,,,,,,,,,,,,,,,,,,,,Exit: Signal Exit. Price moved up to +1.52% in the trade's favour (MFE). Held 1 day(s).,Mean Reversion issued a BUY signal on HCLTECH (IT) with 81% raw confidence (81% calibrated) in a Bullish regime; opening gap +0.50%.,"[{""filter"":""Opening-gap check"",""value"":""+0.50%"",""respected"":true,""note"":null},{""filter"":""Full fill"",""value"":""full"",""respected"":true,""note"":null},{""filter"":""Confidence floor (55%)"",""value"":""81%"",""respected"":true,""note"":null}]",,,,,,,/research-intelligence (Trade Diagnostics),c3a16676dc3b:HCLTECH:2022-10-21,,,,"{""exit_reason"":""Signal Exit"",""holding_days"":1.0,""mae_pct"":0.0,""mfe_pct"":1.52,""indicators_at_entry"":""not stored \u2014 blank, not fabricated""}"
2026-07-14T15:06:53Z,v0.5,Phase 5,Trade Replay,Trade diagnosis,,trade_diagnosis,HCLTECH 2022-10-25,Bear market test,c3a16676dc3b,Mean Reversion,HCLTECH,IT,Bullish,,LOSS,,80.6,,,,,-0.75,-6.76,,,,,,,,,,,,,,,,,,,,,,Exit: Signal Exit. Adverse move reached -1.66% (MAE) before exit. Held 1 day(s).,Mean Reversion issued a BUY signal on HCLTECH (IT) with 81% raw confidence (81% calibrated) in a Bullish regime; opening gap +0.43%.,"[{""filter"":""Opening-gap check"",""value"":""+0.43%"",""respected"":true,""note"":null},{""filter"":""Full fill"",""value"":""full"",""respected"":true,""note"":null},{""filter"":""Confidence floor (55%)"",""value"":""81%"",""respected"":true,""note"":null}]",,,,,,,/research-intelligence (Trade Diagnostics),c3a16676dc3b:HCLTECH:2022-10-25,,,,"{""exit_reason"":""Signal Exit"",""holding_days"":1.0,""mae_pct"":-1.66,""mfe_pct"":0.06,""indicators_at_entry"":""not stored \u2014 blank, not fabricated""}"
2026-07-14T15:06:53Z,v0.5,Phase 5,Trade Replay,Trade diagnosis,,trade_diagnosis,HCLTECH 2022-10-28,Bear market test,c3a16676dc3b,Mean Reversion,HCLTECH,IT,Bullish,,WIN,,80.6,,,,,0.52,4.63,,,,,,,,,,,,,,,,,,,,,,Exit: Signal Exit. Price moved up to +1.91% in the trade's favour (MFE). Held 1 day(s).,Mean Reversion issued a BUY signal on HCLTECH (IT) with 81% raw confidence (81% calibrated) in a Bullish regime; opening gap -0.01%.,"[{""filter"":""Opening-gap check"",""value"":""-0.01%"",""respected"":true,""note"":null},{""filter"":""Full fill"",""value"":""full"",""respected"":true,""note"":null},{""filter"":""Confidence floor (55%)"",""value"":""81%"",""respected"":true,""note"":null}]",,,,,,,/research-intelligence (Trade Diagnostics),c3a16676dc3b:HCLTECH:2022-10-28,,,,"{""exit_reason"":""Signal Exit"",""holding_days"":1.0,""mae_pct"":0.0,""mfe_pct"":1.91,""indicators_at_entry"":""not stored \u2014 blank, not fabricated""}"
2026-07-14T15:06:53Z,v0.5,Phase 5,Trade Replay,Trade diagnosis,,trade_diagnosis,NTPC 2022-10-04,Bear market test,c3a16676dc3b,MACD Cross,NTPC,ENERGY,Neutral-Bullish,,WIN,,70.6,,,,,11.72,102.4,,,,,,,,,,,,,,,,,,,,,,Exit: Target Hit. Price moved up to +12.88% in the trade's favour (MFE). Held 18 day(s).,MACD Cross issued a BUY signal on NTPC (ENERGY) with 71% raw confidence (71% calibrated) in a Neutral-Bullish regime; opening gap +1.00%.,"[{""filter"":""Opening-gap check"",""value"":""+1.00%"",""respected"":true,""note"":null},{""filter"":""Full fill"",""value"":""full"",""respected"":true,""note"":null},{""filter"":""Confidence floor (55%)"",""value"":""71%"",""respected"":true,""note"":null}]",,,,,,,/research-intelligence (Trade Diagnostics),c3a16676dc3b:NTPC:2022-10-04,,,,"{""exit_reason"":""Target Hit"",""holding_days"":18.0,""mae_pct"":-1.09,""mfe_pct"":12.88,""indicators_at_entry"":""not stored \u2014 blank, not fabricated""}"
2026-07-14T15:06:53Z,v0.5,Phase 5,Trade Replay,Trade diagnosis,,trade_diagnosis,HCLTECH 2022-11-01,Bear market test,c3a16676dc3b,Mean Reversion,HCLTECH,IT,Bullish,,LOSS,,80.6,,,,,-0.73,-6.67,,,,,,,,,,,,,,,,,,,,,,Exit: Signal Exit. Adverse move reached -0.69% (MAE) before exit. Held 1 day(s).,Mean Reversion issued a BUY signal on HCLTECH (IT) with 81% raw confidence (81% calibrated) in a Bullish regime; opening gap +0.75%.,"[{""filter"":""Opening-gap check"",""value"":""+0.75%"",""respected"":true,""note"":null},{""filter"":""Full fill"",""value"":""full"",""respected"":true,""note"":null},{""filter"":""Confidence floor (55%)"",""value"":""81%"",""respected"":true,""note"":null}]",,,,,,,/research-intelligence (Trade Diagnostics),c3a16676dc3b:HCLTECH:2022-11-01,,,,"{""exit_reason"":""Signal Exit"",""holding_days"":1.0,""mae_pct"":-0.69,""mfe_pct"":1.58,""indicators_at_entry"":""not stored \u2014 blank, not fabricated""}"
2026-07-14T15:06:53Z,v0.5,Phase 5,Trade Replay,Trade diagnosis,,trade_diagnosis,HCLTECH 2022-11-03,Bear market test,c3a16676dc3b,Mean Reversion,HCLTECH,IT,Bullish,,WIN,,80.6,,,,,0.72,6.49,,,,,,,,,,,,,,,,,,,,,,Exit: Signal Exit. Price moved up to +1.37% in the trade's favour (MFE). Held 1 day(s).,Mean Reversion issued a BUY signal on HCLTECH (IT) with 81% raw confidence (81% calibrated) in a Bullish regime; opening gap -1.07%.,"[{""filter"":""Opening-gap check"",""value"":""-1.07%"",""respected"":true,""note"":null},{""filter"":""Full fill"",""value"":""full"",""respected"":true,""note"":null},{""filter"":""Confidence floor (55%)"",""value"":""81%"",""respected"":true,""note"":null}]",,,,,,,/research-intelligence (Trade Diagnostics),c3a16676dc3b:HCLTECH:2022-11-03,,,,"{""exit_reason"":""Signal Exit"",""holding_days"":1.0,""mae_pct"":-0.13,""mfe_pct"":1.37,""indicators_at_entry"":""not stored \u2014 blank, not fabricated""}"
2026-07-14T15:06:53Z,v0.5,Phase 5,Trade Replay,Trade diagnosis,,trade_diagnosis,NTPC 2022-11-02,Bear market test,c3a16676dc3b,MACD Cross,NTPC,ENERGY,Bullish,,LOSS,,70.6,,,,,-5.41,-53.05,,,,,,,,,,,,,,,,,,,,,,Exit: Stop-Loss Hit. Adverse move reached -5.38% (MAE) before exit. The stop-loss rule ended the trade as designed. Held 4 day(s).,MACD Cross issued a BUY signal on NTPC (ENERGY) with 71% raw confidence (71% calibrated) in a Bullish regime; opening gap +0.05%.,"[{""filter"":""Opening-gap check"",""value"":""+0.05%"",""respected"":true,""note"":null},{""filter"":""Full fill"",""value"":""full"",""respected"":true,""note"":null},{""filter"":""Confidence floor (55%)"",""value"":""71%"",""respected"":true,""note"":null}]",,,,,,,/research-intelligence (Trade Diagnostics),c3a16676dc3b:NTPC:2022-11-02,,,,"{""exit_reason"":""Stop-Loss Hit"",""holding_days"":4.0,""mae_pct"":-5.38,""mfe_pct"":0.0,""indicators_at_entry"":""not stored \u2014 blank, not fabricated""}"
2026-07-14T15:06:53Z,v0.5,Phase 5,Trade Replay,Trade diagnosis,,trade_diagnosis,HCLTECH 2022-11-07,Bear market test,c3a16676dc3b,Mean Reversion,HCLTECH,IT,Bullish,,WIN,,80.6,,,,,0.14,1.25,,,,,,,,,,,,,,,,,,,,,,Exit: Signal Exit. Price moved up to +1.20% in the trade's favour (MFE). Held 1 day(s).,Mean Reversion issued a BUY signal on HCLTECH (IT) with 81% raw confidence (81% calibrated) in a Bullish regime; opening gap +0.26%.,"[{""filter"":""Opening-gap check"",""value"":""+0.26%"",""respected"":true,""note"":null},{""filter"":""Full fill"",""value"":""full"",""respected"":true,""note"":null},{""filter"":""Confidence floor (55%)"",""value"":""81%"",""respected"":true,""note"":null}]",,,,,,,/research-intelligence (Trade Diagnostics),c3a16676dc3b:HCLTECH:2022-11-07,,,,"{""exit_reason"":""Signal Exit"",""holding_days"":1.0,""mae_pct"":0.0,""mfe_pct"":1.2,""indicators_at_entry"":""not stored \u2014 blank, not fabricated""}"
2026-07-14T15:06:53Z,v0.5,Phase 5,Trade Replay,Trade diagnosis,,trade_diagnosis,COALINDIA 2022-10-11,Bear market test,c3a16676dc3b,Trend Rider,COALINDIA,ENERGY,Bullish,,WIN,,63.6,,,,,9.41,48.86,,,,,,,,,,,,,,,,,,,,,,Exit: Time Exit. Price moved up to +13.97% in the trade's favour (MFE). Held 20 day(s).,Trend Rider issued a BUY signal on COALINDIA (ENERGY) with 64% raw confidence (64% calibrated) in a Bullish regime; opening gap +0.48%.,"[{""filter"":""Opening-gap check"",""value"":""+0.48%"",""respected"":true,""note"":null},{""filter"":""Full fill"",""value"":""full"",""respected"":true,""note"":null},{""filter"":""Confidence floor (55%)"",""value"":""64%"",""respected"":true,""note"":null}]",,,,,,,/research-intelligence (Trade Diagnostics),c3a16676dc3b:COALINDIA:2022-10-11,,,,"{""exit_reason"":""Time Exit"",""holding_days"":20.0,""mae_pct"":-2.41,""mfe_pct"":13.97,""indicators_at_entry"":""not stored \u2014 blank, not fabricated""}"
2026-07-14T15:06:53Z,v0.5,Phase 5,Trade Replay,Trade diagnosis,,trade_diagnosis,HDFCBANK 2022-10-18,Bear market test,c3a16676dc3b,MACD Cross,HDFCBANK,BANKING,Neutral-Bearish,,WIN,,71.5,,,,,9.05,62.51,,,,,,,,,,,,,,,,,,,,,,Exit: Target Hit. Price moved up to +12.19% in the trade's favour (MFE). Held 16 day(s).,MACD Cross issued a BUY signal on HDFCBANK (BANKING) with 72% raw confidence (72% calibrated) in a Neutral-Bearish regime; opening gap +0.80%.,"[{""filter"":""Opening-gap check"",""value"":""+0.80%"",""respected"":true,""note"":null},{""filter"":""Full fill"",""value"":""full"",""respected"":true,""note"":null},{""filter"":""Confidence floor (55%)"",""value"":""72%"",""respected"":true,""note"":null}]",,,,,,,/research-intelligence (Trade Diagnostics),c3a16676dc3b:HDFCBANK:2022-10-18,,,,"{""exit_reason"":""Target Hit"",""holding_days"":16.0,""mae_pct"":-1.72,""mfe_pct"":12.19,""indicators_at_entry"":""not stored \u2014 blank, not fabricated""}"
2026-07-14T15:06:53Z,v0.5,Phase 5,Trade Replay,Trade diagnosis,,trade_diagnosis,HCLTECH 2022-11-10,Bear market test,c3a16676dc3b,Mean Reversion,HCLTECH,IT,Neutral-Bullish,,WIN,,80.6,,,,,4.14,37.69,,,,,,,,,,,,,,,,,,,,,,Exit: Target Hit. Price moved up to +4.56% in the trade's favour (MFE). Held 1 day(s).,Mean Reversion issued a BUY signal on HCLTECH (IT) with 81% raw confidence (81% calibrated) in a Neutral-Bullish regime; opening gap -0.33%.,"[{""filter"":""Opening-gap check"",""value"":""-0.33%"",""respected"":true,""note"":null},{""filter"":""Full fill"",""value"":""full"",""respected"":true,""note"":null},{""filter"":""Confidence floor (55%)"",""value"":""81%"",""respected"":true,""note"":null}]",,,,,,,/research-intelligence (Trade Diagnostics),c3a16676dc3b:HCLTECH:2022-11-10,,,,"{""exit_reason"":""Target Hit"",""holding_days"":1.0,""mae_pct"":0.0,""mfe_pct"":4.56,""indicators_at_entry"":""not stored \u2014 blank, not fabricated""}"
2026-07-14T15:06:53Z,v0.5,Phase 5,Trade Replay,Trade diagnosis,,trade_diagnosis,NTPC 2022-11-10,Bear market test,c3a16676dc3b,MACD Cross,NTPC,ENERGY,Neutral-Bullish,,LOSS,,70.6,,,,,-1.55,-14.52,,,,,,,,,,,,,,,,,,,,,,Exit: Signal Exit. Adverse move reached -2.29% (MAE) before exit. Held 1 day(s).,MACD Cross issued a BUY signal on NTPC (ENERGY) with 71% raw confidence (71% calibrated) in a Neutral-Bullish regime; opening gap +0.06%.,"[{""filter"":""Opening-gap check"",""value"":""+0.06%"",""respected"":true,""note"":null},{""filter"":""Full fill"",""value"":""full"",""respected"":true,""note"":null},{""filter"":""Confidence floor (55%)"",""value"":""71%"",""respected"":true,""note"":null}]",,,,,,,/research-intelligence (Trade Diagnostics),c3a16676dc3b:NTPC:2022-11-10,,,,"{""exit_reason"":""Signal Exit"",""holding_days"":1.0,""mae_pct"":-2.29,""mfe_pct"":0.0,""indicators_at_entry"":""not stored \u2014 blank, not fabricated""}"
2026-07-14T15:06:53Z,v0.5,Phase 5,Trade Replay,Trade diagnosis,,trade_diagnosis,HCLTECH 2022-11-21,Bear market test,c3a16676dc3b,Mean Reversion,HCLTECH,IT,Neutral-Bullish,,WIN,,80.6,,,,,0.04,0.35,,,,,,,,,,,,,,,,,,,,,,Exit: Signal Exit. Price moved up to +0.56% in the trade's favour (MFE). Held 1 day(s).,Mean Reversion issued a BUY signal on HCLTECH (IT) with 81% raw confidence (81% calibrated) in a Neutral-Bullish regime; opening gap -0.39%.,"[{""filter"":""Opening-gap check"",""value"":""-0.39%"",""respected"":true,""note"":null},{""filter"":""Full fill"",""value"":""full"",""respected"":true,""note"":null},{""filter"":""Confidence floor (55%)"",""value"":""81%"",""respected"":true,""note"":null}]",,,,,,,/research-intelligence (Trade Diagnostics),c3a16676dc3b:HCLTECH:2022-11-21,,,,"{""exit_reason"":""Signal Exit"",""holding_days"":1.0,""mae_pct"":-1.07,""mfe_pct"":0.56,""indicators_at_entry"":""not stored \u2014 blank, not fabricated""}"
2026-07-14T15:06:53Z,v0.5,Phase 5,Trade Replay,Trade diagnosis,,trade_diagnosis,HCLTECH 2022-11-23,Bear market test,c3a16676dc3b,Mean Reversion,HCLTECH,IT,Neutral-Bullish,,WIN,,80.6,,,,,1.49,14.29,,,,,,,,,,,,,,,,,,,,,,Exit: Signal Exit. Price moved up to +2.27% in the trade's favour (MFE). Held 1 day(s).,Mean Reversion issued a BUY signal on HCLTECH (IT) with 81% raw confidence (81% calibrated) in a Neutral-Bullish regime; opening gap +0.50%.,"[{""filter"":""Opening-gap check"",""value"":""+0.50%"",""respected"":true,""note"":null},{""filter"":""Full fill"",""value"":""full"",""respected"":true,""note"":null},{""filter"":""Confidence floor (55%)"",""value"":""81%"",""respected"":true,""note"":null}]",,,,,,,/research-intelligence (Trade Diagnostics),c3a16676dc3b:HCLTECH:2022-11-23,,,,"{""exit_reason"":""Signal Exit"",""holding_days"":1.0,""mae_pct"":-0.57,""mfe_pct"":2.27,""indicators_at_entry"":""not stored \u2014 blank, not fabricated""}"
2026-07-14T15:06:53Z,v0.5,Phase 5,Trade Replay,Trade diagnosis,,trade_diagnosis,HCLTECH 2022-12-02,Bear market test,c3a16676dc3b,Mean Reversion,HCLTECH,IT,Bullish,,LOSS,,80.6,,,,,-0.86,-8.47,,,,,,,,,,,,,,,,,,,,,,Exit: Signal Exit. Adverse move reached -0.88% (MAE) before exit. Held 1 day(s).,Mean Reversion issued a BUY signal on HCLTECH (IT) with 81% raw confidence (81% calibrated) in a Bullish regime; opening gap +0.00%.,"[{""filter"":""Opening-gap check"",""value"":""+0.00%"",""respected"":true,""note"":null},{""filter"":""Full fill"",""value"":""full"",""respected"":true,""note"":null},{""filter"":""Confidence floor (55%)"",""value"":""81%"",""respected"":true,""note"":null}]",,,,,,,/research-intelligence (Trade Diagnostics),c3a16676dc3b:HCLTECH:2022-12-02,,,,"{""exit_reason"":""Signal Exit"",""holding_days"":1.0,""mae_pct"":-0.88,""mfe_pct"":0.41,""indicators_at_entry"":""not stored \u2014 blank, not fabricated""}"
2026-07-14T15:06:53Z,v0.5,Phase 5,Trade Replay,Trade diagnosis,,trade_diagnosis,ADANIPORTS 2022-11-11,Bear market test,c3a16676dc3b,Trend Rider,ADANIPORTS,INFRA,Neutral-Bullish,,LOSS,,60.2,,,,,-1.94,-17.24,,,,,,,,,,,,,,,,,,,,,,Exit: Time Exit. Adverse move reached -4.31% (MAE) before exit. Held 20 day(s).,Trend Rider issued a BUY signal on ADANIPORTS (INFRA) with 60% raw confidence (60% calibrated) in a Neutral-Bullish regime; opening gap +1.29%.,"[{""filter"":""Opening-gap check"",""value"":""+1.29%"",""respected"":true,""note"":null},{""filter"":""Full fill"",""value"":""full"",""respected"":true,""note"":null},{""filter"":""Confidence floor (55%)"",""value"":""60%"",""respected"":true,""note"":null}]",,,,,,,/research-intelligence (Trade Diagnostics),c3a16676dc3b:ADANIPORTS:2022-11-11,,,,"{""exit_reason"":""Time Exit"",""holding_days"":20.0,""mae_pct"":-4.31,""mfe_pct"":1.14,""indicators_at_entry"":""not stored \u2014 blank, not fabricated""}"
2026-07-14T15:06:53Z,v0.5,Phase 5,Trade Replay,Trade diagnosis,,trade_diagnosis,NTPC 2022-11-14,Bear market test,c3a16676dc3b,MACD Cross,NTPC,ENERGY,Bullish,,LOSS,,70.6,,,,,-2.02,-18.8,,,,,,,,,,,,,,,,,,,,,,Exit: Signal Exit. Adverse move reached -4.83% (MAE) before exit. The trade was profitable at one point (MFE +2.04%) but gave the gain back. Held 19 day(s).,MACD Cross issued a BUY signal on NTPC (ENERGY) with 71% raw confidence (71% calibrated) in a Bullish regime; opening gap +0.52%.,"[{""filter"":""Opening-gap check"",""value"":""+0.52%"",""respected"":true,""note"":null},{""filter"":""Full fill"",""value"":""full"",""respected"":true,""note"":null},{""filter"":""Confidence floor (55%)"",""value"":""71%"",""respected"":true,""note"":null}]",,,,,,,/research-intelligence (Trade Diagnostics),c3a16676dc3b:NTPC:2022-11-14,,,,"{""exit_reason"":""Signal Exit"",""holding_days"":19.0,""mae_pct"":-4.83,""mfe_pct"":2.04,""indicators_at_entry"":""not stored \u2014 blank, not fabricated""}"
2026-07-14T15:06:53Z,v0.5,Phase 5,Trade Replay,Trade diagnosis,,trade_diagnosis,HCLTECH 2022-12-07,Bear market test,c3a16676dc3b,Mean Reversion,HCLTECH,IT,Neutral-Bullish,,LOSS,,80.6,,,,,-3.86,-37.35,,,,,,,,,,,,,,,,,,,,,,Exit: Stop-Loss Hit. Adverse move reached -8.44% (MAE) before exit. The stop-loss rule ended the trade as designed. Held 2 day(s).,Mean Reversion issued a BUY signal on HCLTECH (IT) with 81% raw confidence (81% calibrated) in a Neutral-Bullish regime; opening gap -0.62%.,"[{""filter"":""Opening-gap check"",""value"":""-0.62%"",""respected"":true,""note"":null},{""filter"":""Full fill"",""value"":""full"",""respected"":true,""note"":null},{""filter"":""Confidence floor (55%)"",""value"":""81%"",""respected"":true,""note"":null}]",,,,,,,/research-intelligence (Trade Diagnostics),c3a16676dc3b:HCLTECH:2022-12-07,,,,"{""exit_reason"":""Stop-Loss Hit"",""holding_days"":2.0,""mae_pct"":-8.44,""mfe_pct"":0.0,""indicators_at_entry"":""not stored \u2014 blank, not fabricated""}"
2026-07-14T15:06:53Z,v0.5,Phase 5,Trade Replay,Trade diagnosis,,trade_diagnosis,ITC 2022-12-13,Bear market test,c3a16676dc3b,MACD Cross,ITC,FMCG,Neutral-Bullish,,LOSS,,64.4,,,,,-3.7,-31.61,,,,,,,,,,,,,,,,,,,,,,Exit: Stop-Loss Hit. Adverse move reached -3.90% (MAE) before exit. The stop-loss rule ended the trade as designed. Held 3 day(s).,MACD Cross issued a BUY signal on ITC (FMCG) with 64% raw confidence (64% calibrated) in a Neutral-Bullish regime; opening gap +0.38%.,"[{""filter"":""Opening-gap check"",""value"":""+0.38%"",""respected"":true,""note"":null},{""filter"":""Full fill"",""value"":""full"",""respected"":true,""note"":null},{""filter"":""Confidence floor (55%)"",""value"":""64%"",""respected"":true,""note"":null}]",,,,,,,/research-intelligence (Trade Diagnostics),c3a16676dc3b:ITC:2022-12-13,,,,"{""exit_reason"":""Stop-Loss Hit"",""holding_days"":3.0,""mae_pct"":-3.9,""mfe_pct"":0.75,""indicators_at_entry"":""not stored \u2014 blank, not fabricated""}"
2026-07-14T15:06:53Z,v0.5,Phase 5,Trade Replay,Trade diagnosis,,trade_diagnosis,COALINDIA 2022-12-15,Bear market test,c3a16676dc3b,Trend Rider,COALINDIA,ENERGY,Bullish,,LOSS,,63.6,,,,,-3.97,-22.05,,,,,,,,,,,,,,,,,,,,,,Exit: Stop-Loss Hit. Adverse move reached -3.78% (MAE) before exit. The stop-loss rule ended the trade as designed. Held 1 day(s).,Trend Rider issued a BUY signal on COALINDIA (ENERGY) with 64% raw confidence (64% calibrated) in a Bullish regime; opening gap -0.11%.,"[{""filter"":""Opening-gap check"",""value"":""-0.11%"",""respected"":true,""note"":null},{""filter"":""Full fill"",""value"":""full"",""respected"":true,""note"":null},{""filter"":""Confidence floor (55%)"",""value"":""64%"",""respected"":true,""note"":null}]",,,,,,,/research-intelligence (Trade Diagnostics),c3a16676dc3b:COALINDIA:2022-12-15,,,,"{""exit_reason"":""Stop-Loss Hit"",""holding_days"":1.0,""mae_pct"":-3.78,""mfe_pct"":0.0,""indicators_at_entry"":""not stored \u2014 blank, not fabricated""}"
2026-07-14T15:06:53Z,v0.5,Phase 5,Trade Replay,Trade diagnosis,,trade_diagnosis,NTPC 2022-12-12,Bear market test,c3a16676dc3b,MACD Cross,NTPC,ENERGY,Neutral-Bullish,,LOSS,,70.6,,,,,-4.46,-40.93,,,,,,,,,,,,,,,,,,,,,,Exit: Stop-Loss Hit. Adverse move reached -4.57% (MAE) before exit. The trade was profitable at one point (MFE +2.31%) but gave the gain back. The stop-loss rule ended the trade as designed. Held 9 day(s).,MACD Cross issued a BUY signal on NTPC (ENERGY) with 71% raw confidence (71% calibrated) in a Neutral-Bullish regime; opening gap +0.30%.,"[{""filter"":""Opening-gap check"",""value"":""+0.30%"",""respected"":true,""note"":null},{""filter"":""Full fill"",""value"":""full"",""respected"":true,""note"":null},{""filter"":""Confidence floor (55%)"",""value"":""71%"",""respected"":true,""note"":null}]",,,,,,,/research-intelligence (Trade Diagnostics),c3a16676dc3b:NTPC:2022-12-12,,,,"{""exit_reason"":""Stop-Loss Hit"",""holding_days"":9.0,""mae_pct"":-4.57,""mfe_pct"":2.31,""indicators_at_entry"":""not stored \u2014 blank, not fabricated""}"
2026-07-14T15:06:53Z,v0.5,Phase 5,Trade Replay,Trade diagnosis,,trade_diagnosis,HCLTECH 2022-12-19,Bear market test,c3a16676dc3b,Mean Reversion,HCLTECH,IT,Neutral-Bullish,,WIN,,80.6,,,,,0.56,5.03,,,,,,,,,,,,,,,,,,,,,,Exit: End-of-Test Forced Close. Price moved up to +2.41% in the trade's favour (MFE). Held 9 day(s).,Mean Reversion issued a BUY signal on HCLTECH (IT) with 81% raw confidence (81% calibrated) in a Neutral-Bullish regime; opening gap +0.00%.,"[{""filter"":""Opening-gap check"",""value"":""+0.00%"",""respected"":true,""note"":null},{""filter"":""Full fill"",""value"":""full"",""respected"":true,""note"":null},{""filter"":""Confidence floor (55%)"",""value"":""81%"",""respected"":true,""note"":null}]",,,,,,,/research-intelligence (Trade Diagnostics),c3a16676dc3b:HCLTECH:2022-12-19,,,,"{""exit_reason"":""End-of-Test Forced Close"",""holding_days"":9.0,""mae_pct"":-1.84,""mfe_pct"":2.41,""indicators_at_entry"":""not stored \u2014 blank, not fabricated""}"
2026-07-14T15:06:53Z,v0.5,Phase 5,Trade Replay,Trade diagnosis,,trade_diagnosis,NTPC 2022-12-26,Bear market test,c3a16676dc3b,MACD Cross,NTPC,ENERGY,Neutral-Bullish,,WIN,,70.6,,,,,2.37,20.7,,,,,,,,,,,,,,,,,,,,,,Exit: End-of-Test Forced Close. Price moved up to +3.75% in the trade's favour (MFE). Held 4 day(s).,MACD Cross issued a BUY signal on NTPC (ENERGY) with 71% raw confidence (71% calibrated) in a Neutral-Bullish regime; opening gap -0.61%.,"[{""filter"":""Opening-gap check"",""value"":""-0.61%"",""respected"":true,""note"":null},{""filter"":""Full fill"",""value"":""full"",""respected"":true,""note"":null},{""filter"":""Confidence floor (55%)"",""value"":""71%"",""respected"":true,""note"":null}]",,,,,,,/research-intelligence (Trade Diagnostics),c3a16676dc3b:NTPC:2022-12-26,,,,"{""exit_reason"":""End-of-Test Forced Close"",""holding_days"":4.0,""mae_pct"":0.0,""mfe_pct"":3.75,""indicators_at_entry"":""not stored \u2014 blank, not fabricated""}"
2026-07-14T15:06:53Z,v0.5,Phase 5,Trade Replay,Trade diagnosis,,trade_diagnosis,HCLTECH 2023-01-03,Bear market test,c3a16676dc3b,Mean Reversion,HCLTECH,IT,Bullish,,WIN,,83.1,,,,,0.12,1.06,,,,,,,,,,,,,,,,,,,,,,Exit: Signal Exit. Price moved up to +0.96% in the trade's favour (MFE). Held 2 day(s).,Mean Reversion issued a BUY signal on HCLTECH (IT) with 83% raw confidence (83% calibrated) in a Bullish regime; opening gap -0.04%.,"[{""filter"":""Opening-gap check"",""value"":""-0.04%"",""respected"":true,""note"":null},{""filter"":""Full fill"",""value"":""full"",""respected"":true,""note"":null},{""filter"":""Confidence floor (55%)"",""value"":""83%"",""respected"":true,""note"":null}]",,,,,,,/research-intelligence (Trade Diagnostics),c3a16676dc3b:HCLTECH:2023-01-03,,,,"{""exit_reason"":""Signal Exit"",""holding_days"":2.0,""mae_pct"":-0.8,""mfe_pct"":0.96,""indicators_at_entry"":""not stored \u2014 blank, not fabricated""}"
2026-07-14T15:06:53Z,v0.5,Phase 5,Trade Replay,Trade diagnosis,,trade_diagnosis,SBIN 2023-01-03,Bear market test,c3a16676dc3b,MACD Cross,SBIN,BANKING,Bullish,,LOSS,,59.6,,,,,-2.62,-14.97,,,,,,,,,,,,,,,,,,,,,,Exit: Signal Exit. Adverse move reached -2.92% (MAE) before exit. Held 3 day(s).,MACD Cross issued a BUY signal on SBIN (BANKING) with 60% raw confidence (60% calibrated) in a Bullish regime; opening gap +0.38%.,"[{""filter"":""Opening-gap check"",""value"":""+0.38%"",""respected"":true,""note"":null},{""filter"":""Full fill"",""value"":""full"",""respected"":true,""note"":null},{""filter"":""Confidence floor (55%)"",""value"":""60%"",""respected"":true,""note"":null}]",,,,,,,/research-intelligence (Trade Diagnostics),c3a16676dc3b:SBIN:2023-01-03,,,,"{""exit_reason"":""Signal Exit"",""holding_days"":3.0,""mae_pct"":-2.92,""mfe_pct"":0.0,""indicators_at_entry"":""not stored \u2014 blank, not fabricated""}"
2026-07-14T15:06:53Z,v0.5,Phase 5,Trade Replay,Trade diagnosis,,trade_diagnosis,KOTAKBANK 2023-01-04,Bear market test,c3a16676dc3b,MACD Cross,KOTAKBANK,BANKING,Bullish,,LOSS,,67.8,,,,,-3.18,-23.26,,,,,,,,,,,,,,,,,,,,,,Exit: Stop-Loss Hit. Adverse move reached -3.57% (MAE) before exit. The stop-loss rule ended the trade as designed. Held 2 day(s).,MACD Cross issued a BUY signal on KOTAKBANK (BANKING) with 68% raw confidence (68% calibrated) in a Bullish regime; opening gap +0.11%.,"[{""filter"":""Opening-gap check"",""value"":""+0.11%"",""respected"":true,""note"":null},{""filter"":""Full fill"",""value"":""full"",""respected"":true,""note"":null},{""filter"":""Confidence floor (55%)"",""value"":""68%"",""respected"":true,""note"":null}]",,,,,,,/research-intelligence (Trade Diagnostics),c3a16676dc3b:KOTAKBANK:2023-01-04,,,,"{""exit_reason"":""Stop-Loss Hit"",""holding_days"":2.0,""mae_pct"":-3.57,""mfe_pct"":0.0,""indicators_at_entry"":""not stored \u2014 blank, not fabricated""}"
2026-07-14T15:06:53Z,v0.5,Phase 5,Trade Replay,Trade diagnosis,,trade_diagnosis,HCLTECH 2023-01-06,Bear market test,c3a16676dc3b,Mean Reversion,HCLTECH,IT,Neutral-Bullish,,WIN,,83.1,,,,,1.87,16.92,,,,,,,,,,,,,,,,,,,,,,Exit: Signal Exit. Price moved up to +2.51% in the trade's favour (MFE). Held 1 day(s).,Mean Reversion issued a BUY signal on HCLTECH (IT) with 83% raw confidence (83% calibrated) in a Neutral-Bullish regime; opening gap -0.01%.,"[{""filter"":""Opening-gap check"",""value"":""-0.01%"",""respected"":true,""note"":null},{""filter"":""Full fill"",""value"":""full"",""respected"":true,""note"":null},{""filter"":""Confidence floor (55%)"",""value"":""83%"",""respected"":true,""note"":null}]",,,,,,,/research-intelligence (Trade Diagnostics),c3a16676dc3b:HCLTECH:2023-01-06,,,,"{""exit_reason"":""Signal Exit"",""holding_days"":1.0,""mae_pct"":-0.45,""mfe_pct"":2.51,""indicators_at_entry"":""not stored \u2014 blank, not fabricated""}"
2026-07-14T15:06:53Z,v0.5,Phase 5,Trade Replay,Trade diagnosis,,trade_diagnosis,HCLTECH 2023-01-10,Bear market test,c3a16676dc3b,Mean Reversion,HCLTECH,IT,Neutral-Bullish,,LOSS,,83.1,,,,,-0.95,-8.79,,,,,,,,,,,,,,,,,,,,,,Exit: Signal Exit. Adverse move reached -1.06% (MAE) before exit. Held 1 day(s).,Mean Reversion issued a BUY signal on HCLTECH (IT) with 83% raw confidence (83% calibrated) in a Neutral-Bullish regime; opening gap -0.60%.,"[{""filter"":""Opening-gap check"",""value"":""-0.60%"",""respected"":true,""note"":null},{""filter"":""Full fill"",""value"":""full"",""respected"":true,""note"":null},{""filter"":""Confidence floor (55%)"",""value"":""83%"",""respected"":true,""note"":null}]",,,,,,,/research-intelligence (Trade Diagnostics),c3a16676dc3b:HCLTECH:2023-01-10,,,,"{""exit_reason"":""Signal Exit"",""holding_days"":1.0,""mae_pct"":-1.06,""mfe_pct"":1.68,""indicators_at_entry"":""not stored \u2014 blank, not fabricated""}"
2026-07-14T15:06:53Z,v0.5,Phase 5,Trade Replay,Trade diagnosis,,trade_diagnosis,HCLTECH 2023-01-12,Bear market test,c3a16676dc3b,Mean Reversion,HCLTECH,IT,Bearish,,WIN,,83.1,,,,,1.21,11.12,,,,,,,,,,,,,,,,,,,,,,Exit: Signal Exit. Price moved up to +2.09% in the trade's favour (MFE). Held 1 day(s).,Mean Reversion issued a BUY signal on HCLTECH (IT) with 83% raw confidence (83% calibrated) in a Bearish regime; opening gap +0.59%.,"[{""filter"":""Opening-gap check"",""value"":""+0.59%"",""respected"":true,""note"":null},{""filter"":""Full fill"",""value"":""full"",""respected"":true,""note"":null},{""filter"":""Confidence floor (55%)"",""value"":""83%"",""respected"":true,""note"":null}]",,,,,,,/research-intelligence (Trade Diagnostics),c3a16676dc3b:HCLTECH:2023-01-12,,,,"{""exit_reason"":""Signal Exit"",""holding_days"":1.0,""mae_pct"":-1.96,""mfe_pct"":2.09,""indicators_at_entry"":""not stored \u2014 blank, not fabricated""}"
2026-07-14T15:06:53Z,v0.5,Phase 5,Trade Replay,Trade diagnosis,,trade_diagnosis,HCLTECH 2023-01-16,Bear market test,c3a16676dc3b,Mean Reversion,HCLTECH,IT,Neutral-Bearish,,WIN,,83.1,,,,,1.83,17.31,,,,,,,,,,,,,,,,,,,,,,Exit: Signal Exit. Price moved up to +2.40% in the trade's favour (MFE). Held 1 day(s).,Mean Reversion issued a BUY signal on HCLTECH (IT) with 83% raw confidence (83% calibrated) in a Neutral-Bearish regime; opening gap +0.85%.,"[{""filter"":""Opening-gap check"",""value"":""+0.85%"",""respected"":true,""note"":null},{""filter"":""Full fill"",""value"":""full"",""respected"":true,""note"":null},{""filter"":""Confidence floor (55%)"",""value"":""83%"",""respected"":true,""note"":null}]",,,,,,,/research-intelligence (Trade Diagnostics),c3a16676dc3b:HCLTECH:2023-01-16,,,,"{""exit_reason"":""Signal Exit"",""holding_days"":1.0,""mae_pct"":0.0,""mfe_pct"":2.4,""indicators_at_entry"":""not stored \u2014 blank, not fabricated""}"
2026-07-14T15:06:53Z,v0.5,Phase 5,Trade Replay,Trade diagnosis,,trade_diagnosis,COALINDIA 2023-01-09,Bear market test,c3a16676dc3b,Mean Reversion,COALINDIA,ENERGY,Neutral-Bullish,,WIN,,64.4,,,,,3.61,31.02,,,,,,,,,,,,,,,,,,,,,,Exit: Signal Exit. Price moved up to +4.31% in the trade's favour (MFE). Held 8 day(s).,Mean Reversion issued a BUY signal on COALINDIA (ENERGY) with 64% raw confidence (64% calibrated) in a Neutral-Bullish regime; opening gap +0.51%.,"[{""filter"":""Opening-gap check"",""value"":""+0.51%"",""respected"":true,""note"":null},{""filter"":""Full fill"",""value"":""full"",""respected"":true,""note"":null},{""filter"":""Confidence floor (55%)"",""value"":""64%"",""respected"":true,""note"":null}]",,,,,,,/research-intelligence (Trade Diagnostics),c3a16676dc3b:COALINDIA:2023-01-09,,,,"{""exit_reason"":""Signal Exit"",""holding_days"":8.0,""mae_pct"":-2.05,""mfe_pct"":4.31,""indicators_at_entry"":""not stored \u2014 blank, not fabricated""}"
2026-07-14T15:06:53Z,v0.5,Phase 5,Trade Replay,Trade diagnosis,,trade_diagnosis,HCLTECH 2023-01-18,Bear market test,c3a16676dc3b,Mean Reversion,HCLTECH,IT,Neutral-Bearish,,LOSS,,83.1,,,,,-0.15,-1.44,,,,,,,,,,,,,,,,,,,,,,Exit: Signal Exit. Adverse move reached -0.99% (MAE) before exit. Held 1 day(s).,Mean Reversion issued a BUY signal on HCLTECH (IT) with 83% raw confidence (83% calibrated) in a Neutral-Bearish regime; opening gap +0.71%.,"[{""filter"":""Opening-gap check"",""value"":""+0.71%"",""respected"":true,""note"":null},{""filter"":""Full fill"",""value"":""full"",""respected"":true,""note"":null},{""filter"":""Confidence floor (55%)"",""value"":""83%"",""respected"":true,""note"":null}]",,,,,,,/research-intelligence (Trade Diagnostics),c3a16676dc3b:HCLTECH:2023-01-18,,,,"{""exit_reason"":""Signal Exit"",""holding_days"":1.0,""mae_pct"":-0.99,""mfe_pct"":0.32,""indicators_at_entry"":""not stored \u2014 blank, not fabricated""}"
2026-07-14T15:06:53Z,v0.5,Phase 5,Trade Replay,Trade diagnosis,,trade_diagnosis,KOTAKBANK 2023-01-18,Bear market test,c3a16676dc3b,MACD Cross,KOTAKBANK,BANKING,Neutral-Bearish,,LOSS,,67.8,,,,,-2.59,-18.62,,,,,,,,,,,,,,,,,,,,,,Exit: Signal Exit. Adverse move reached -2.62% (MAE) before exit. Held 2 day(s).,MACD Cross issued a BUY signal on KOTAKBANK (BANKING) with 68% raw confidence (68% calibrated) in a Neutral-Bearish regime; opening gap +0.29%.,"[{""filter"":""Opening-gap check"",""value"":""+0.29%"",""respected"":true,""note"":null},{""filter"":""Full fill"",""value"":""full"",""respected"":true,""note"":null},{""filter"":""Confidence floor (55%)"",""value"":""68%"",""respected"":true,""note"":null}]",,,,,,,/research-intelligence (Trade Diagnostics),c3a16676dc3b:KOTAKBANK:2023-01-18,,,,"{""exit_reason"":""Signal Exit"",""holding_days"":2.0,""mae_pct"":-2.62,""mfe_pct"":0.0,""indicators_at_entry"":""not stored \u2014 blank, not fabricated""}"
2026-07-14T15:06:53Z,v0.5,Phase 5,Trade Replay,Trade diagnosis,,trade_diagnosis,HCLTECH 2023-01-20,Bear market test,c3a16676dc3b,Mean Reversion,HCLTECH,IT,Neutral-Bearish,,WIN,,83.1,,,,,0.54,5.25,,,,,,,,,,,,,,,,,,,,,,Exit: Signal Exit. Price moved up to +0.99% in the trade's favour (MFE). Held 1 day(s).,Mean Reversion issued a BUY signal on HCLTECH (IT) with 83% raw confidence (83% calibrated) in a Neutral-Bearish regime; opening gap -0.03%.,"[{""filter"":""Opening-gap check"",""value"":""-0.03%"",""respected"":true,""note"":null},{""filter"":""Full fill"",""value"":""full"",""respected"":true,""note"":null},{""filter"":""Confidence floor (55%)"",""value"":""83%"",""respected"":true,""note"":null}]",,,,,,,/research-intelligence (Trade Diagnostics),c3a16676dc3b:HCLTECH:2023-01-20,,,,"{""exit_reason"":""Signal Exit"",""holding_days"":1.0,""mae_pct"":-0.34,""mfe_pct"":0.99,""indicators_at_entry"":""not stored \u2014 blank, not fabricated""}"
2026-07-14T15:06:53Z,v0.5,Phase 5,Trade Replay,Trade diagnosis,,trade_diagnosis,HCLTECH 2023-01-24,Bear market test,c3a16676dc3b,Mean Reversion,HCLTECH,IT,Neutral-Bearish,,LOSS,,83.1,,,,,-0.65,-6.42,,,,,,,,,,,,,,,,,,,,,,Exit: Signal Exit. Adverse move reached -0.89% (MAE) before exit. Held 1 day(s).,Mean Reversion issued a BUY signal on HCLTECH (IT) with 83% raw confidence (83% calibrated) in a Neutral-Bearish regime; opening gap +0.42%.,"[{""filter"":""Opening-gap check"",""value"":""+0.42%"",""respected"":true,""note"":null},{""filter"":""Full fill"",""value"":""full"",""respected"":true,""note"":null},{""filter"":""Confidence floor (55%)"",""value"":""83%"",""respected"":true,""note"":null}]",,,,,,,/research-intelligence (Trade Diagnostics),c3a16676dc3b:HCLTECH:2023-01-24,,,,"{""exit_reason"":""Signal Exit"",""holding_days"":1.0,""mae_pct"":-0.89,""mfe_pct"":0.72,""indicators_at_entry"":""not stored \u2014 blank, not fabricated""}"
2026-07-14T15:06:53Z,v0.5,Phase 5,Trade Replay,Trade diagnosis,,trade_diagnosis,KOTAKBANK 2023-01-24,Bear market test,c3a16676dc3b,MACD Cross,KOTAKBANK,BANKING,Neutral-Bearish,,LOSS,,67.8,,,,,-3.98,-14.23,,,,,,,,,,,,,,,,,,,,,,Exit: Stop-Loss Hit. Adverse move reached -5.02% (MAE) before exit. The stop-loss rule ended the trade as designed. Held 2 day(s).,MACD Cross issued a BUY signal on KOTAKBANK (BANKING) with 68% raw confidence (68% calibrated) in a Neutral-Bearish regime; opening gap +0.50%.,"[{""filter"":""Opening-gap check"",""value"":""+0.50%"",""respected"":true,""note"":null},{""filter"":""Full fill"",""value"":""full"",""respected"":true,""note"":null},{""filter"":""Confidence floor (55%)"",""value"":""68%"",""respected"":true,""note"":null}]",,,,,,,/research-intelligence (Trade Diagnostics),c3a16676dc3b:KOTAKBANK:2023-01-24,,,,"{""exit_reason"":""Stop-Loss Hit"",""holding_days"":2.0,""mae_pct"":-5.02,""mfe_pct"":0.0,""indicators_at_entry"":""not stored \u2014 blank, not fabricated""}"
2026-07-14T15:06:53Z,v0.5,Phase 5,Trade Replay,Trade diagnosis,,trade_diagnosis,HDFCBANK 2023-01-20,Bear market test,c3a16676dc3b,MACD Cross,HDFCBANK,BANKING,Neutral-Bearish,,LOSS,,64.1,,,,,-3.8,-29.59,,,,,,,,,,,,,,,,,,,,,,Exit: Stop-Loss Hit. Adverse move reached -3.85% (MAE) before exit. The trade was profitable at one point (MFE +3.47%) but gave the gain back. The stop-loss rule ended the trade as designed. Held 5 day(s).,MACD Cross issued a BUY signal on HDFCBANK (BANKING) with 64% raw confidence (64% calibrated) in a Neutral-Bearish regime; opening gap -0.00%.,"[{""filter"":""Opening-gap check"",""value"":""-0.00%"",""respected"":true,""note"":null},{""filter"":""Full fill"",""value"":""full"",""respected"":true,""note"":null},{""filter"":""Confidence floor (55%)"",""value"":""64%"",""respected"":true,""note"":null}]",,,,,,,/research-intelligence (Trade Diagnostics),c3a16676dc3b:HDFCBANK:2023-01-20,,,,"{""exit_reason"":""Stop-Loss Hit"",""holding_days"":5.0,""mae_pct"":-3.85,""mfe_pct"":3.47,""indicators_at_entry"":""not stored \u2014 blank, not fabricated""}"
2026-07-14T15:06:53Z,v0.5,Phase 5,Trade Replay,Trade diagnosis,,trade_diagnosis,HCLTECH 2023-01-27,Bear market test,c3a16676dc3b,Mean Reversion,HCLTECH,IT,Bearish,,WIN,,83.1,,,,,0.69,6.82,,,,,,,,,,,,,,,,,,,,,,Exit: Signal Exit. Price moved up to +1.46% in the trade's favour (MFE). Held 1 day(s).,Mean Reversion issued a BUY signal on HCLTECH (IT) with 83% raw confidence (83% calibrated) in a Bearish regime; opening gap +0.00%.,"[{""filter"":""Opening-gap check"",""value"":""+0.00%"",""respected"":true,""note"":null},{""filter"":""Full fill"",""value"":""full"",""respected"":true,""note"":null},{""filter"":""Confidence floor (55%)"",""value"":""83%"",""respected"":true,""note"":null}]",,,,,,,/research-intelligence (Trade Diagnostics),c3a16676dc3b:HCLTECH:2023-01-27,,,,"{""exit_reason"":""Signal Exit"",""holding_days"":1.0,""mae_pct"":-1.58,""mfe_pct"":1.46,""indicators_at_entry"":""not stored \u2014 blank, not fabricated""}"
2026-07-14T15:06:53Z,v0.5,Phase 5,Trade Replay,Trade diagnosis,,trade_diagnosis,HCLTECH 2023-02-08,Bear market test,c3a16676dc3b,Mean Reversion,HCLTECH,IT,Neutral-Bearish,,WIN,,83.1,,,,,0.72,7.18,,,,,,,,,,,,,,,,,,,,,,Exit: Signal Exit. Price moved up to +1.52% in the trade's favour (MFE). Held 1 day(s).,Mean Reversion issued a BUY signal on HCLTECH (IT) with 83% raw confidence (83% calibrated) in a Neutral-Bearish regime; opening gap +0.50%.,"[{""filter"":""Opening-gap check"",""value"":""+0.50%"",""respected"":true,""note"":null},{""filter"":""Full fill"",""value"":""full"",""respected"":true,""note"":null},{""filter"":""Confidence floor (55%)"",""value"":""83%"",""respected"":true,""note"":null}]",,,,,,,/research-intelligence (Trade Diagnostics),c3a16676dc3b:HCLTECH:2023-02-08,,,,"{""exit_reason"":""Signal Exit"",""holding_days"":1.0,""mae_pct"":0.0,""mfe_pct"":1.52,""indicators_at_entry"":""not stored \u2014 blank, not fabricated""}"
2026-07-14T15:06:53Z,v0.5,Phase 5,Trade Replay,Trade diagnosis,,trade_diagnosis,HCLTECH 2023-02-10,Bear market test,c3a16676dc3b,Mean Reversion,HCLTECH,IT,Neutral-Bearish,,LOSS,,83.1,,,,,-1.4,-13.81,,,,,,,,,,,,,,,,,,,,,,Exit: Stop-Loss Hit. Adverse move reached -1.92% (MAE) before exit. The stop-loss rule ended the trade as designed. Held 1 day(s).,Mean Reversion issued a BUY signal on HCLTECH (IT) with 83% raw confidence (83% calibrated) in a Neutral-Bearish regime; opening gap -1.79%.,"[{""filter"":""Opening-gap check"",""value"":""-1.79%"",""respected"":true,""note"":null},{""filter"":""Full fill"",""value"":""full"",""respected"":true,""note"":null},{""filter"":""Confidence floor (55%)"",""value"":""83%"",""respected"":true,""note"":null}]",,,,,,,/research-intelligence (Trade Diagnostics),c3a16676dc3b:HCLTECH:2023-02-10,,,,"{""exit_reason"":""Stop-Loss Hit"",""holding_days"":1.0,""mae_pct"":-1.92,""mfe_pct"":0.0,""indicators_at_entry"":""not stored \u2014 blank, not fabricated""}"
2026-07-14T15:06:53Z,v0.5,Phase 5,Trade Replay,Trade diagnosis,,trade_diagnosis,HCLTECH 2023-02-14,Bear market test,c3a16676dc3b,Mean Reversion,HCLTECH,IT,Neutral-Bearish,,WIN,,83.1,,,,,0.69,6.74,,,,,,,,,,,,,,,,,,,,,,Exit: Signal Exit. Price moved up to +1.14% in the trade's favour (MFE). Held 1 day(s).,Mean Reversion issued a BUY signal on HCLTECH (IT) with 83% raw confidence (83% calibrated) in a Neutral-Bearish regime; opening gap +0.72%.,"[{""filter"":""Opening-gap check"",""value"":""+0.72%"",""respected"":true,""note"":null},{""filter"":""Full fill"",""value"":""full"",""respected"":true,""note"":null},{""filter"":""Confidence floor (55%)"",""value"":""83%"",""respected"":true,""note"":null}]",,,,,,,/research-intelligence (Trade Diagnostics),c3a16676dc3b:HCLTECH:2023-02-14,,,,"{""exit_reason"":""Signal Exit"",""holding_days"":1.0,""mae_pct"":-0.2,""mfe_pct"":1.14,""indicators_at_entry"":""not stored \u2014 blank, not fabricated""}"
2026-07-14T15:06:53Z,v0.5,Phase 5,Trade Replay,Trade diagnosis,,trade_diagnosis,SHRIRAMFIN 2023-02-06,Bear market test,c3a16676dc3b,MACD Cross,SHRIRAMFIN,FINANCE,Neutral-Bearish,,LOSS,,66.0,,,,,-0.47,-3.38,,,,,,,,,,,,,,,,,,,,,,Exit: Signal Exit. Adverse move reached -1.16% (MAE) before exit. The trade was profitable at one point (MFE +4.68%) but gave the gain back. Held 8 day(s).,MACD Cross issued a BUY signal on SHRIRAMFIN (FINANCE) with 66% raw confidence (66% calibrated) in a Neutral-Bearish regime; opening gap -1.49%.,"[{""filter"":""Opening-gap check"",""value"":""-1.49%"",""respected"":true,""note"":null},{""filter"":""Full fill"",""value"":""full"",""respected"":true,""note"":null},{""filter"":""Confidence floor (55%)"",""value"":""66%"",""respected"":true,""note"":null}]",,,,,,,/research-intelligence (Trade Diagnostics),c3a16676dc3b:SHRIRAMFIN:2023-02-06,,,,"{""exit_reason"":""Signal Exit"",""holding_days"":8.0,""mae_pct"":-1.16,""mfe_pct"":4.68,""indicators_at_entry"":""not stored \u2014 blank, not fabricated""}"
2026-07-14T15:06:53Z,v0.5,Phase 5,Trade Replay,Trade diagnosis,,trade_diagnosis,HDFCBANK 2023-02-07,Bear market test,c3a16676dc3b,MACD Cross,HDFCBANK,BANKING,Neutral-Bearish,,LOSS,,64.1,,,,,-1.52,-11.93,,,,,,,,,,,,,,,,,,,,,,Exit: Signal Exit. Adverse move reached -1.56% (MAE) before exit. Held 9 day(s).,MACD Cross issued a BUY signal on HDFCBANK (BANKING) with 64% raw confidence (64% calibrated) in a Neutral-Bearish regime; opening gap +0.46%.,"[{""filter"":""Opening-gap check"",""value"":""+0.46%"",""respected"":true,""note"":null},{""filter"":""Full fill"",""value"":""full"",""respected"":true,""note"":null},{""filter"":""Confidence floor (55%)"",""value"":""64%"",""respected"":true,""note"":null}]",,,,,,,/research-intelligence (Trade Diagnostics),c3a16676dc3b:HDFCBANK:2023-02-07,,,,"{""exit_reason"":""Signal Exit"",""holding_days"":9.0,""mae_pct"":-1.56,""mfe_pct"":1.28,""indicators_at_entry"":""not stored \u2014 blank, not fabricated""}"
2026-07-14T15:06:53Z,v0.5,Phase 5,Trade Replay,Trade diagnosis,,trade_diagnosis,KOTAKBANK 2023-02-03,Bear market test,c3a16676dc3b,MACD Cross,KOTAKBANK,BANKING,Bearish,,LOSS,,67.8,,,,,-4.32,-30.51,,,,,,,,,,,,,,,,,,,,,,Exit: Signal Exit. Adverse move reached -4.17% (MAE) before exit. Held 13 day(s).,MACD Cross issued a BUY signal on KOTAKBANK (BANKING) with 68% raw confidence (68% calibrated) in a Bearish regime; opening gap +0.50%.,"[{""filter"":""Opening-gap check"",""value"":""+0.50%"",""respected"":true,""note"":null},{""filter"":""Full fill"",""value"":""full"",""respected"":true,""note"":null},{""filter"":""Confidence floor (55%)"",""value"":""68%"",""respected"":true,""note"":null}]",,,,,,,/research-intelligence (Trade Diagnostics),c3a16676dc3b:KOTAKBANK:2023-02-03,,,,"{""exit_reason"":""Signal Exit"",""holding_days"":13.0,""mae_pct"":-4.17,""mfe_pct"":1.8,""indicators_at_entry"":""not stored \u2014 blank, not fabricated""}"
2026-07-14T15:06:53Z,v0.5,Phase 5,Trade Replay,Trade diagnosis,,trade_diagnosis,HCLTECH 2023-02-17,Bear market test,c3a16676dc3b,Mean Reversion,HCLTECH,IT,Neutral-Bearish,,LOSS,,83.1,,,,,-2.87,-28.16,,,,,,,,,,,,,,,,,,,,,,Exit: Stop-Loss Hit. Adverse move reached -2.89% (MAE) before exit. The stop-loss rule ended the trade as designed. Held 3 day(s).,Mean Reversion issued a BUY signal on HCLTECH (IT) with 83% raw confidence (83% calibrated) in a Neutral-Bearish regime; opening gap -0.57%.,"[{""filter"":""Opening-gap check"",""value"":""-0.57%"",""respected"":true,""note"":null},{""filter"":""Full fill"",""value"":""full"",""respected"":true,""note"":null},{""filter"":""Confidence floor (55%)"",""value"":""83%"",""respected"":true,""note"":null}]",,,,,,,/research-intelligence (Trade Diagnostics),c3a16676dc3b:HCLTECH:2023-02-17,,,,"{""exit_reason"":""Stop-Loss Hit"",""holding_days"":3.0,""mae_pct"":-2.89,""mfe_pct"":1.08,""indicators_at_entry"":""not stored \u2014 blank, not fabricated""}"
2026-07-14T15:06:53Z,v0.5,Phase 5,Trade Replay,Trade diagnosis,,trade_diagnosis,HCLTECH 2023-02-23,Bear market test,c3a16676dc3b,Mean Reversion,HCLTECH,IT,Bearish,,WIN,,83.1,,,,,0.91,8.8,,,,,,,,,,,,,,,,,,,,,,Exit: Signal Exit. Price moved up to +2.18% in the trade's favour (MFE). But it first drew down -3.39% (MAE) — the entry timing was early. Held 6 day(s).,Mean Reversion issued a BUY signal on HCLTECH (IT) with 83% raw confidence (83% calibrated) in a Bearish regime; opening gap +1.12%.,"[{""filter"":""Opening-gap check"",""value"":""+1.12%"",""respected"":true,""note"":null},{""filter"":""Full fill"",""value"":""full"",""respected"":true,""note"":null},{""filter"":""Confidence floor (55%)"",""value"":""83%"",""respected"":true,""note"":null}]",,,,,,,/research-intelligence (Trade Diagnostics),c3a16676dc3b:HCLTECH:2023-02-23,,,,"{""exit_reason"":""Signal Exit"",""holding_days"":6.0,""mae_pct"":-3.39,""mfe_pct"":2.18,""indicators_at_entry"":""not stored \u2014 blank, not fabricated""}"
2026-07-14T15:06:53Z,v0.5,Phase 5,Trade Replay,Trade diagnosis,,trade_diagnosis,HCLTECH 2023-03-06,Bear market test,c3a16676dc3b,Mean Reversion,HCLTECH,IT,Neutral-Bearish,,LOSS,,83.1,,,,,-1.11,-10.97,,,,,,,,,,,,,,,,,,,,,,Exit: Signal Exit. Adverse move reached -2.00% (MAE) before exit. Held 1 day(s).,Mean Reversion issued a BUY signal on HCLTECH (IT) with 83% raw confidence (83% calibrated) in a Neutral-Bearish regime; opening gap +0.89%.,"[{""filter"":""Opening-gap check"",""value"":""+0.89%"",""respected"":true,""note"":null},{""filter"":""Full fill"",""value"":""full"",""respected"":true,""note"":null},{""filter"":""Confidence floor (55%)"",""value"":""83%"",""respected"":true,""note"":null}]",,,,,,,/research-intelligence (Trade Diagnostics),c3a16676dc3b:HCLTECH:2023-03-06,,,,"{""exit_reason"":""Signal Exit"",""holding_days"":1.0,""mae_pct"":-2.0,""mfe_pct"":0.0,""indicators_at_entry"":""not stored \u2014 blank, not fabricated""}"
2026-07-14T15:06:53Z,v0.5,Phase 5,Trade Replay,Trade diagnosis,,trade_diagnosis,HCLTECH 2023-03-09,Bear market test,c3a16676dc3b,Mean Reversion,HCLTECH,IT,Neutral-Bearish,,LOSS,,83.1,,,,,-0.87,-8.59,,,,,,,,,,,,,,,,,,,,,,Exit: Signal Exit. Adverse move reached -1.58% (MAE) before exit. Held 1 day(s).,Mean Reversion issued a BUY signal on HCLTECH (IT) with 83% raw confidence (83% calibrated) in a Neutral-Bearish regime; opening gap +0.12%.,"[{""filter"":""Opening-gap check"",""value"":""+0.12%"",""respected"":true,""note"":null},{""filter"":""Full fill"",""value"":""full"",""respected"":true,""note"":null},{""filter"":""Confidence floor (55%)"",""value"":""83%"",""respected"":true,""note"":null}]",,,,,,,/research-intelligence (Trade Diagnostics),c3a16676dc3b:HCLTECH:2023-03-09,,,,"{""exit_reason"":""Signal Exit"",""holding_days"":1.0,""mae_pct"":-1.58,""mfe_pct"":0.0,""indicators_at_entry"":""not stored \u2014 blank, not fabricated""}"
2026-07-14T15:06:53Z,v0.5,Phase 5,Trade Replay,Trade diagnosis,,trade_diagnosis,ICICIBANK 2023-02-28,Bear market test,c3a16676dc3b,MACD Cross,ICICIBANK,BANKING,Bearish,,LOSS,,64.0,,,,,-3.46,-28.92,,,,,,,,,,,,,,,,,,,,,,Exit: Signal Exit. Adverse move reached -3.69% (MAE) before exit. The trade was profitable at one point (MFE +2.49%) but gave the gain back. Held 8 day(s).,MACD Cross issued a BUY signal on ICICIBANK (BANKING) with 64% raw confidence (64% calibrated) in a Bearish regime; opening gap -0.18%.,"[{""filter"":""Opening-gap check"",""value"":""-0.18%"",""respected"":true,""note"":null},{""filter"":""Full fill"",""value"":""full"",""respected"":true,""note"":null},{""filter"":""Confidence floor (55%)"",""value"":""64%"",""respected"":true,""note"":null}]",,,,,,,/research-intelligence (Trade Diagnostics),c3a16676dc3b:ICICIBANK:2023-02-28,,,,"{""exit_reason"":""Signal Exit"",""holding_days"":8.0,""mae_pct"":-3.69,""mfe_pct"":2.49,""indicators_at_entry"":""not stored \u2014 blank, not fabricated""}"
2026-07-14T15:06:53Z,v0.5,Phase 5,Trade Replay,Trade diagnosis,,trade_diagnosis,SBIN 2023-02-28,Bear market test,c3a16676dc3b,MACD Cross,SBIN,BANKING,Bearish,,LOSS,,59.6,,,,,-2.21,-10.82,,,,,,,,,,,,,,,,,,,,,,Exit: Signal Exit. Adverse move reached -2.29% (MAE) before exit. The trade was profitable at one point (MFE +7.63%) but gave the gain back. Held 10 day(s).,MACD Cross issued a BUY signal on SBIN (BANKING) with 60% raw confidence (60% calibrated) in a Bearish regime; opening gap -0.09%.,"[{""filter"":""Opening-gap check"",""value"":""-0.09%"",""respected"":true,""note"":null},{""filter"":""Full fill"",""value"":""full"",""respected"":true,""note"":null},{""filter"":""Confidence floor (55%)"",""value"":""60%"",""respected"":true,""note"":null}]",,,,,,,/research-intelligence (Trade Diagnostics),c3a16676dc3b:SBIN:2023-02-28,,,,"{""exit_reason"":""Signal Exit"",""holding_days"":10.0,""mae_pct"":-2.29,""mfe_pct"":7.63,""indicators_at_entry"":""not stored \u2014 blank, not fabricated""}"
2026-07-14T15:06:53Z,v0.5,Phase 5,Trade Replay,Trade diagnosis,,trade_diagnosis,HCLTECH 2023-03-14,Bear market test,c3a16676dc3b,Mean Reversion,HCLTECH,IT,Bearish,,WIN,,83.1,,,,,0.53,5.07,,,,,,,,,,,,,,,,,,,,,,Exit: Signal Exit. Price moved up to +1.61% in the trade's favour (MFE). Held 3 day(s).,Mean Reversion issued a BUY signal on HCLTECH (IT) with 83% raw confidence (83% calibrated) in a Bearish regime; opening gap -0.00%.,"[{""filter"":""Opening-gap check"",""value"":""-0.00%"",""respected"":true,""note"":null},{""filter"":""Full fill"",""value"":""full"",""respected"":true,""note"":null},{""filter"":""Confidence floor (55%)"",""value"":""83%"",""respected"":true,""note"":null}]",,,,,,,/research-intelligence (Trade Diagnostics),c3a16676dc3b:HCLTECH:2023-03-14,,,,"{""exit_reason"":""Signal Exit"",""holding_days"":3.0,""mae_pct"":-2.7,""mfe_pct"":1.61,""indicators_at_entry"":""not stored \u2014 blank, not fabricated""}"
2026-07-14T15:06:53Z,v0.5,Phase 5,Trade Replay,Trade diagnosis,,trade_diagnosis,HCLTECH 2023-03-20,Bear market test,c3a16676dc3b,Mean Reversion,HCLTECH,IT,Bearish,,LOSS,,83.1,,,,,-3.44,-33.3,,,,,,,,,,,,,,,,,,,,,,Exit: Stop-Loss Hit. Adverse move reached -4.05% (MAE) before exit. The stop-loss rule ended the trade as designed. Held 3 day(s).,Mean Reversion issued a BUY signal on HCLTECH (IT) with 83% raw confidence (83% calibrated) in a Bearish regime; opening gap -0.31%.,"[{""filter"":""Opening-gap check"",""value"":""-0.31%"",""respected"":true,""note"":null},{""filter"":""Full fill"",""value"":""full"",""respected"":true,""note"":null},{""filter"":""Confidence floor (55%)"",""value"":""83%"",""respected"":true,""note"":null}]",,,,,,,/research-intelligence (Trade Diagnostics),c3a16676dc3b:HCLTECH:2023-03-20,,,,"{""exit_reason"":""Stop-Loss Hit"",""holding_days"":3.0,""mae_pct"":-4.05,""mfe_pct"":0.0,""indicators_at_entry"":""not stored \u2014 blank, not fabricated""}"
2026-07-14T15:06:53Z,v0.5,Phase 5,Trade Replay,Trade diagnosis,,trade_diagnosis,SHRIRAMFIN 2023-03-08,Bear market test,c3a16676dc3b,MACD Cross,SHRIRAMFIN,FINANCE,Neutral-Bearish,,LOSS,,66.0,,,,,-3.22,-22.66,,,,,,,,,,,,,,,,,,,,,,Exit: Signal Exit. Adverse move reached -3.40% (MAE) before exit. The trade was profitable at one point (MFE +5.52%) but gave the gain back. Held 13 day(s).,MACD Cross issued a BUY signal on SHRIRAMFIN (FINANCE) with 66% raw confidence (66% calibrated) in a Neutral-Bearish regime; opening gap -0.15%.,"[{""filter"":""Opening-gap check"",""value"":""-0.15%"",""respected"":true,""note"":null},{""filter"":""Full fill"",""value"":""full"",""respected"":true,""note"":null},{""filter"":""Confidence floor (55%)"",""value"":""66%"",""respected"":true,""note"":null}]",,,,,,,/research-intelligence (Trade Diagnostics),c3a16676dc3b:SHRIRAMFIN:2023-03-08,,,,"{""exit_reason"":""Signal Exit"",""holding_days"":13.0,""mae_pct"":-3.4,""mfe_pct"":5.52,""indicators_at_entry"":""not stored \u2014 blank, not fabricated""}"
2026-07-14T15:06:53Z,v0.5,Phase 5,Trade Replay,Trade diagnosis,,trade_diagnosis,KOTAKBANK 2023-03-22,Bear market test,c3a16676dc3b,MACD Cross,KOTAKBANK,BANKING,Neutral-Bearish,,WIN,,67.8,,,,,0.96,6.56,,,,,,,,,,,,,,,,,,,,,,Exit: End-of-Test Forced Close. Price moved up to +1.72% in the trade's favour (MFE). Held 6 day(s).,MACD Cross issued a BUY signal on KOTAKBANK (BANKING) with 68% raw confidence (68% calibrated) in a Neutral-Bearish regime; opening gap +0.18%.,"[{""filter"":""Opening-gap check"",""value"":""+0.18%"",""respected"":true,""note"":null},{""filter"":""Full fill"",""value"":""full"",""respected"":true,""note"":null},{""filter"":""Confidence floor (55%)"",""value"":""68%"",""respected"":true,""note"":null}]",,,,,,,/research-intelligence (Trade Diagnostics),c3a16676dc3b:KOTAKBANK:2023-03-22,,,,"{""exit_reason"":""End-of-Test Forced Close"",""holding_days"":6.0,""mae_pct"":-2.12,""mfe_pct"":1.72,""indicators_at_entry"":""not stored \u2014 blank, not fabricated""}"
2026-07-14T15:06:53Z,v0.5,Phase 5,Trade Replay,Trade diagnosis,,trade_diagnosis,HCLTECH 2023-03-24,Bear market test,c3a16676dc3b,Mean Reversion,HCLTECH,IT,Neutral-Bearish,,WIN,,83.1,,,,,0.77,7.2,,,,,,,,,,,,,,,,,,,,,,Exit: End-of-Test Forced Close. Price moved up to +2.15% in the trade's favour (MFE). But it first drew down -3.21% (MAE) — the entry timing was early. Held 4 day(s).,Mean Reversion issued a BUY signal on HCLTECH (IT) with 83% raw confidence (83% calibrated) in a Neutral-Bearish regime; opening gap +0.67%.,"[{""filter"":""Opening-gap check"",""value"":""+0.67%"",""respected"":true,""note"":null},{""filter"":""Full fill"",""value"":""full"",""respected"":true,""note"":null},{""filter"":""Confidence floor (55%)"",""value"":""83%"",""respected"":true,""note"":null}]",,,,,,,/research-intelligence (Trade Diagnostics),c3a16676dc3b:HCLTECH:2023-03-24,,,,"{""exit_reason"":""End-of-Test Forced Close"",""holding_days"":4.0,""mae_pct"":-3.21,""mfe_pct"":2.15,""indicators_at_entry"":""not stored \u2014 blank, not fabricated""}"
2026-07-14T15:06:53Z,v0.5,Phase 5,Trade Replay,Trade diagnosis,,trade_diagnosis,COALINDIA 2023-03-27,Bear market test,c3a16676dc3b,Mean Reversion,COALINDIA,ENERGY,Bearish,,WIN,,64.4,,,,,2.09,17.82,,,,,,,,,,,,,,,,,,,,,,Exit: End-of-Test Forced Close. Price moved up to +2.99% in the trade's favour (MFE). Held 3 day(s).,Mean Reversion issued a BUY signal on COALINDIA (ENERGY) with 64% raw confidence (64% calibrated) in a Bearish regime; opening gap +0.02%.,"[{""filter"":""Opening-gap check"",""value"":""+0.02%"",""respected"":true,""note"":null},{""filter"":""Full fill"",""value"":""full"",""respected"":true,""note"":null},{""filter"":""Confidence floor (55%)"",""value"":""64%"",""respected"":true,""note"":null}]",,,,,,,/research-intelligence (Trade Diagnostics),c3a16676dc3b:COALINDIA:2023-03-27,,,,"{""exit_reason"":""End-of-Test Forced Close"",""holding_days"":3.0,""mae_pct"":-0.12,""mfe_pct"":2.99,""indicators_at_entry"":""not stored \u2014 blank, not fabricated""}"
2026-07-14T15:06:53Z,v0.5,Phase 5,Trade Replay,Trade diagnosis,,trade_diagnosis,HDFCBANK 2023-03-29,Bear market test,c3a16676dc3b,MACD Cross,HDFCBANK,BANKING,Bearish,,WIN,,64.1,,,,,1.24,9.28,,,,,,,,,,,,,,,,,,,,,,Exit: End-of-Test Forced Close. Price moved up to +1.75% in the trade's favour (MFE). Held 1 day(s).,MACD Cross issued a BUY signal on HDFCBANK (BANKING) with 64% raw confidence (64% calibrated) in a Bearish regime; opening gap +0.24%.,"[{""filter"":""Opening-gap check"",""value"":""+0.24%"",""respected"":true,""note"":null},{""filter"":""Full fill"",""value"":""full"",""respected"":true,""note"":null},{""filter"":""Confidence floor (55%)"",""value"":""64%"",""respected"":true,""note"":null}]",,,,,,,/research-intelligence (Trade Diagnostics),c3a16676dc3b:HDFCBANK:2023-03-29,,,,"{""exit_reason"":""End-of-Test Forced Close"",""holding_days"":1.0,""mae_pct"":0.0,""mfe_pct"":1.75,""indicators_at_entry"":""not stored \u2014 blank, not fabricated""}"
2026-07-14T15:06:53Z,v0.5,Phase 5,Trade Replay,Trade diagnosis,,trade_diagnosis,HCLTECH 2022-10-04,Bear Market Smoke Test,c3b29a0fe086,Mean Reversion,HCLTECH,IT,Neutral-Bullish,,WIN,,80.6,,,,,1.96,15.88,,,,,,,,,,,,,,,,,,,,,,Exit: Signal Exit. Price moved up to +2.62% in the trade's favour (MFE). Held 1 day(s).,Mean Reversion issued a BUY signal on HCLTECH (IT) with 81% raw confidence (81% calibrated) in a Neutral-Bullish regime; opening gap +1.32%.,"[{""filter"":""Opening-gap check"",""value"":""+1.32%"",""respected"":true,""note"":null},{""filter"":""Full fill"",""value"":""full"",""respected"":true,""note"":null},{""filter"":""Confidence floor (55%)"",""value"":""81%"",""respected"":true,""note"":null}]",,,,,,,/research-intelligence (Trade Diagnostics),c3b29a0fe086:HCLTECH:2022-10-04,,,,"{""exit_reason"":""Signal Exit"",""holding_days"":1.0,""mae_pct"":0.0,""mfe_pct"":2.62,""indicators_at_entry"":""not stored \u2014 blank, not fabricated""}"
2026-07-14T15:06:53Z,v0.5,Phase 5,Trade Replay,Trade diagnosis,,trade_diagnosis,HCLTECH 2022-10-07,Bear Market Smoke Test,c3b29a0fe086,Mean Reversion,HCLTECH,IT,Bullish,,LOSS,,80.6,,,,,-0.55,-4.58,,,,,,,,,,,,,,,,,,,,,,Exit: Signal Exit. Adverse move reached -2.44% (MAE) before exit. Held 1 day(s).,Mean Reversion issued a BUY signal on HCLTECH (IT) with 81% raw confidence (81% calibrated) in a Bullish regime; opening gap +0.05%.,"[{""filter"":""Opening-gap check"",""value"":""+0.05%"",""respected"":true,""note"":null},{""filter"":""Full fill"",""value"":""full"",""respected"":true,""note"":null},{""filter"":""Confidence floor (55%)"",""value"":""81%"",""respected"":true,""note"":null}]",,,,,,,/research-intelligence (Trade Diagnostics),c3b29a0fe086:HCLTECH:2022-10-07,,,,"{""exit_reason"":""Signal Exit"",""holding_days"":1.0,""mae_pct"":-2.44,""mfe_pct"":0.15,""indicators_at_entry"":""not stored \u2014 blank, not fabricated""}"
2026-07-14T15:06:53Z,v0.5,Phase 5,Trade Replay,Trade diagnosis,,trade_diagnosis,HCLTECH 2022-10-11,Bear Market Smoke Test,c3b29a0fe086,Mean Reversion,HCLTECH,IT,Bullish,,LOSS,,80.6,,,,,-2.03,-16.89,,,,,,,,,,,,,,,,,,,,,,Exit: Signal Exit. Adverse move reached -2.63% (MAE) before exit. Held 1 day(s).,Mean Reversion issued a BUY signal on HCLTECH (IT) with 81% raw confidence (81% calibrated) in a Bullish regime; opening gap +0.50%.,"[{""filter"":""Opening-gap check"",""value"":""+0.50%"",""respected"":true,""note"":null},{""filter"":""Full fill"",""value"":""full"",""respected"":true,""note"":null},{""filter"":""Confidence floor (55%)"",""value"":""81%"",""respected"":true,""note"":null}]",,,,,,,/research-intelligence (Trade Diagnostics),c3b29a0fe086:HCLTECH:2022-10-11,,,,"{""exit_reason"":""Signal Exit"",""holding_days"":1.0,""mae_pct"":-2.63,""mfe_pct"":0.0,""indicators_at_entry"":""not stored \u2014 blank, not fabricated""}"
2026-07-14T15:06:53Z,v0.5,Phase 5,Trade Replay,Trade diagnosis,,trade_diagnosis,HCLTECH 2022-10-13,Bear Market Smoke Test,c3b29a0fe086,Mean Reversion,HCLTECH,IT,Neutral-Bullish,,WIN,,80.6,,,,,3.01,25.13,,,,,,,,,,,,,,,,,,,,,,Exit: Target Hit. Price moved up to +5.16% in the trade's favour (MFE). Held 1 day(s).,Mean Reversion issued a BUY signal on HCLTECH (IT) with 81% raw confidence (81% calibrated) in a Neutral-Bullish regime; opening gap +2.11%.,"[{""filter"":""Opening-gap check"",""value"":""+2.11%"",""respected"":true,""note"":null},{""filter"":""Full fill"",""value"":""full"",""respected"":true,""note"":null},{""filter"":""Confidence floor (55%)"",""value"":""81%"",""respected"":true,""note"":null}]",,,,,,,/research-intelligence (Trade Diagnostics),c3b29a0fe086:HCLTECH:2022-10-13,,,,"{""exit_reason"":""Target Hit"",""holding_days"":1.0,""mae_pct"":0.0,""mfe_pct"":5.16,""indicators_at_entry"":""not stored \u2014 blank, not fabricated""}"
2026-07-14T15:06:53Z,v0.5,Phase 5,Trade Replay,Trade diagnosis,,trade_diagnosis,HCLTECH 2022-10-17,Bear Market Smoke Test,c3b29a0fe086,Mean Reversion,HCLTECH,IT,Bearish,,LOSS,,80.6,,,,,-0.02,-0.21,,,,,,,,,,,,,,,,,,,,,,Exit: Signal Exit. Adverse move reached -0.73% (MAE) before exit. Held 1 day(s).,Mean Reversion issued a BUY signal on HCLTECH (IT) with 81% raw confidence (81% calibrated) in a Bearish regime; opening gap +0.31%.,"[{""filter"":""Opening-gap check"",""value"":""+0.31%"",""respected"":true,""note"":null},{""filter"":""Full fill"",""value"":""full"",""respected"":true,""note"":null},{""filter"":""Confidence floor (55%)"",""value"":""81%"",""respected"":true,""note"":null}]",,,,,,,/research-intelligence (Trade Diagnostics),c3b29a0fe086:HCLTECH:2022-10-17,,,,"{""exit_reason"":""Signal Exit"",""holding_days"":1.0,""mae_pct"":-0.73,""mfe_pct"":0.71,""indicators_at_entry"":""not stored \u2014 blank, not fabricated""}"
2026-07-14T15:06:53Z,v0.5,Phase 5,Trade Replay,Trade diagnosis,,trade_diagnosis,HCLTECH 2022-10-19,Bear Market Smoke Test,c3b29a0fe086,Mean Reversion,HCLTECH,IT,Bullish,,WIN,,80.6,,,,,0.71,6.18,,,,,,,,,,,,,,,,,,,,,,Exit: Signal Exit. Price moved up to +1.20% in the trade's favour (MFE). Held 1 day(s).,Mean Reversion issued a BUY signal on HCLTECH (IT) with 81% raw confidence (81% calibrated) in a Bullish regime; opening gap +0.73%.,"[{""filter"":""Opening-gap check"",""value"":""+0.73%"",""respected"":true,""note"":null},{""filter"":""Full fill"",""value"":""full"",""respected"":true,""note"":null},{""filter"":""Confidence floor (55%)"",""value"":""81%"",""respected"":true,""note"":null}]",,,,,,,/research-intelligence (Trade Diagnostics),c3b29a0fe086:HCLTECH:2022-10-19,,,,"{""exit_reason"":""Signal Exit"",""holding_days"":1.0,""mae_pct"":-1.91,""mfe_pct"":1.2,""indicators_at_entry"":""not stored \u2014 blank, not fabricated""}"
2026-07-14T15:06:53Z,v0.5,Phase 5,Trade Replay,Trade diagnosis,,trade_diagnosis,HCLTECH 2022-10-21,Bear Market Smoke Test,c3b29a0fe086,Mean Reversion,HCLTECH,IT,Bullish,,WIN,,80.6,,,,,0.52,4.58,,,,,,,,,,,,,,,,,,,,,,Exit: Signal Exit. Price moved up to +1.52% in the trade's favour (MFE). Held 1 day(s).,Mean Reversion issued a BUY signal on HCLTECH (IT) with 81% raw confidence (81% calibrated) in a Bullish regime; opening gap +0.50%.,"[{""filter"":""Opening-gap check"",""value"":""+0.50%"",""respected"":true,""note"":null},{""filter"":""Full fill"",""value"":""full"",""respected"":true,""note"":null},{""filter"":""Confidence floor (55%)"",""value"":""81%"",""respected"":true,""note"":null}]",,,,,,,/research-intelligence (Trade Diagnostics),c3b29a0fe086:HCLTECH:2022-10-21,,,,"{""exit_reason"":""Signal Exit"",""holding_days"":1.0,""mae_pct"":0.0,""mfe_pct"":1.52,""indicators_at_entry"":""not stored \u2014 blank, not fabricated""}"
2026-07-14T15:06:53Z,v0.5,Phase 5,Trade Replay,Trade diagnosis,,trade_diagnosis,HCLTECH 2022-10-25,Bear Market Smoke Test,c3b29a0fe086,Mean Reversion,HCLTECH,IT,Bullish,,LOSS,,80.6,,,,,-0.75,-6.76,,,,,,,,,,,,,,,,,,,,,,Exit: Signal Exit. Adverse move reached -1.66% (MAE) before exit. Held 1 day(s).,Mean Reversion issued a BUY signal on HCLTECH (IT) with 81% raw confidence (81% calibrated) in a Bullish regime; opening gap +0.43%.,"[{""filter"":""Opening-gap check"",""value"":""+0.43%"",""respected"":true,""note"":null},{""filter"":""Full fill"",""value"":""full"",""respected"":true,""note"":null},{""filter"":""Confidence floor (55%)"",""value"":""81%"",""respected"":true,""note"":null}]",,,,,,,/research-intelligence (Trade Diagnostics),c3b29a0fe086:HCLTECH:2022-10-25,,,,"{""exit_reason"":""Signal Exit"",""holding_days"":1.0,""mae_pct"":-1.66,""mfe_pct"":0.06,""indicators_at_entry"":""not stored \u2014 blank, not fabricated""}"
2026-07-14T15:06:53Z,v0.5,Phase 5,Trade Replay,Trade diagnosis,,trade_diagnosis,HCLTECH 2022-10-28,Bear Market Smoke Test,c3b29a0fe086,Mean Reversion,HCLTECH,IT,Bullish,,WIN,,80.6,,,,,0.52,4.63,,,,,,,,,,,,,,,,,,,,,,Exit: Signal Exit. Price moved up to +1.91% in the trade's favour (MFE). Held 1 day(s).,Mean Reversion issued a BUY signal on HCLTECH (IT) with 81% raw confidence (81% calibrated) in a Bullish regime; opening gap -0.01%.,"[{""filter"":""Opening-gap check"",""value"":""-0.01%"",""respected"":true,""note"":null},{""filter"":""Full fill"",""value"":""full"",""respected"":true,""note"":null},{""filter"":""Confidence floor (55%)"",""value"":""81%"",""respected"":true,""note"":null}]",,,,,,,/research-intelligence (Trade Diagnostics),c3b29a0fe086:HCLTECH:2022-10-28,,,,"{""exit_reason"":""Signal Exit"",""holding_days"":1.0,""mae_pct"":0.0,""mfe_pct"":1.91,""indicators_at_entry"":""not stored \u2014 blank, not fabricated""}"
2026-07-14T15:06:53Z,v0.5,Phase 5,Trade Replay,Trade diagnosis,,trade_diagnosis,NTPC 2022-10-04,Bear Market Smoke Test,c3b29a0fe086,MACD Cross,NTPC,ENERGY,Neutral-Bullish,,WIN,,70.6,,,,,11.72,102.4,,,,,,,,,,,,,,,,,,,,,,Exit: Target Hit. Price moved up to +12.88% in the trade's favour (MFE). Held 18 day(s).,MACD Cross issued a BUY signal on NTPC (ENERGY) with 71% raw confidence (71% calibrated) in a Neutral-Bullish regime; opening gap +1.00%.,"[{""filter"":""Opening-gap check"",""value"":""+1.00%"",""respected"":true,""note"":null},{""filter"":""Full fill"",""value"":""full"",""respected"":true,""note"":null},{""filter"":""Confidence floor (55%)"",""value"":""71%"",""respected"":true,""note"":null}]",,,,,,,/research-intelligence (Trade Diagnostics),c3b29a0fe086:NTPC:2022-10-04,,,,"{""exit_reason"":""Target Hit"",""holding_days"":18.0,""mae_pct"":-1.09,""mfe_pct"":12.88,""indicators_at_entry"":""not stored \u2014 blank, not fabricated""}"
2026-07-14T15:06:53Z,v0.5,Phase 5,Trade Replay,Trade diagnosis,,trade_diagnosis,HCLTECH 2022-11-01,Bear Market Smoke Test,c3b29a0fe086,Mean Reversion,HCLTECH,IT,Bullish,,LOSS,,80.6,,,,,-0.73,-6.67,,,,,,,,,,,,,,,,,,,,,,Exit: Signal Exit. Adverse move reached -0.69% (MAE) before exit. Held 1 day(s).,Mean Reversion issued a BUY signal on HCLTECH (IT) with 81% raw confidence (81% calibrated) in a Bullish regime; opening gap +0.75%.,"[{""filter"":""Opening-gap check"",""value"":""+0.75%"",""respected"":true,""note"":null},{""filter"":""Full fill"",""value"":""full"",""respected"":true,""note"":null},{""filter"":""Confidence floor (55%)"",""value"":""81%"",""respected"":true,""note"":null}]",,,,,,,/research-intelligence (Trade Diagnostics),c3b29a0fe086:HCLTECH:2022-11-01,,,,"{""exit_reason"":""Signal Exit"",""holding_days"":1.0,""mae_pct"":-0.69,""mfe_pct"":1.58,""indicators_at_entry"":""not stored \u2014 blank, not fabricated""}"
2026-07-14T15:06:53Z,v0.5,Phase 5,Trade Replay,Trade diagnosis,,trade_diagnosis,HCLTECH 2022-11-03,Bear Market Smoke Test,c3b29a0fe086,Mean Reversion,HCLTECH,IT,Bullish,,WIN,,80.6,,,,,0.72,6.49,,,,,,,,,,,,,,,,,,,,,,Exit: Signal Exit. Price moved up to +1.37% in the trade's favour (MFE). Held 1 day(s).,Mean Reversion issued a BUY signal on HCLTECH (IT) with 81% raw confidence (81% calibrated) in a Bullish regime; opening gap -1.07%.,"[{""filter"":""Opening-gap check"",""value"":""-1.07%"",""respected"":true,""note"":null},{""filter"":""Full fill"",""value"":""full"",""respected"":true,""note"":null},{""filter"":""Confidence floor (55%)"",""value"":""81%"",""respected"":true,""note"":null}]",,,,,,,/research-intelligence (Trade Diagnostics),c3b29a0fe086:HCLTECH:2022-11-03,,,,"{""exit_reason"":""Signal Exit"",""holding_days"":1.0,""mae_pct"":-0.13,""mfe_pct"":1.37,""indicators_at_entry"":""not stored \u2014 blank, not fabricated""}"
2026-07-14T15:06:53Z,v0.5,Phase 5,Trade Replay,Trade diagnosis,,trade_diagnosis,NTPC 2022-11-02,Bear Market Smoke Test,c3b29a0fe086,MACD Cross,NTPC,ENERGY,Bullish,,LOSS,,70.6,,,,,-5.41,-53.05,,,,,,,,,,,,,,,,,,,,,,Exit: Stop-Loss Hit. Adverse move reached -5.38% (MAE) before exit. The stop-loss rule ended the trade as designed. Held 4 day(s).,MACD Cross issued a BUY signal on NTPC (ENERGY) with 71% raw confidence (71% calibrated) in a Bullish regime; opening gap +0.05%.,"[{""filter"":""Opening-gap check"",""value"":""+0.05%"",""respected"":true,""note"":null},{""filter"":""Full fill"",""value"":""full"",""respected"":true,""note"":null},{""filter"":""Confidence floor (55%)"",""value"":""71%"",""respected"":true,""note"":null}]",,,,,,,/research-intelligence (Trade Diagnostics),c3b29a0fe086:NTPC:2022-11-02,,,,"{""exit_reason"":""Stop-Loss Hit"",""holding_days"":4.0,""mae_pct"":-5.38,""mfe_pct"":0.0,""indicators_at_entry"":""not stored \u2014 blank, not fabricated""}"
2026-07-14T15:06:53Z,v0.5,Phase 5,Trade Replay,Trade diagnosis,,trade_diagnosis,HCLTECH 2022-11-07,Bear Market Smoke Test,c3b29a0fe086,Mean Reversion,HCLTECH,IT,Bullish,,WIN,,80.6,,,,,0.14,1.25,,,,,,,,,,,,,,,,,,,,,,Exit: Signal Exit. Price moved up to +1.20% in the trade's favour (MFE). Held 1 day(s).,Mean Reversion issued a BUY signal on HCLTECH (IT) with 81% raw confidence (81% calibrated) in a Bullish regime; opening gap +0.26%.,"[{""filter"":""Opening-gap check"",""value"":""+0.26%"",""respected"":true,""note"":null},{""filter"":""Full fill"",""value"":""full"",""respected"":true,""note"":null},{""filter"":""Confidence floor (55%)"",""value"":""81%"",""respected"":true,""note"":null}]",,,,,,,/research-intelligence (Trade Diagnostics),c3b29a0fe086:HCLTECH:2022-11-07,,,,"{""exit_reason"":""Signal Exit"",""holding_days"":1.0,""mae_pct"":0.0,""mfe_pct"":1.2,""indicators_at_entry"":""not stored \u2014 blank, not fabricated""}"
2026-07-14T15:06:53Z,v0.5,Phase 5,Trade Replay,Trade diagnosis,,trade_diagnosis,COALINDIA 2022-10-11,Bear Market Smoke Test,c3b29a0fe086,Trend Rider,COALINDIA,ENERGY,Bullish,,WIN,,63.6,,,,,9.41,48.86,,,,,,,,,,,,,,,,,,,,,,Exit: Time Exit. Price moved up to +13.97% in the trade's favour (MFE). Held 20 day(s).,Trend Rider issued a BUY signal on COALINDIA (ENERGY) with 64% raw confidence (64% calibrated) in a Bullish regime; opening gap +0.48%.,"[{""filter"":""Opening-gap check"",""value"":""+0.48%"",""respected"":true,""note"":null},{""filter"":""Full fill"",""value"":""full"",""respected"":true,""note"":null},{""filter"":""Confidence floor (55%)"",""value"":""64%"",""respected"":true,""note"":null}]",,,,,,,/research-intelligence (Trade Diagnostics),c3b29a0fe086:COALINDIA:2022-10-11,,,,"{""exit_reason"":""Time Exit"",""holding_days"":20.0,""mae_pct"":-2.41,""mfe_pct"":13.97,""indicators_at_entry"":""not stored \u2014 blank, not fabricated""}"
2026-07-14T15:06:53Z,v0.5,Phase 5,Trade Replay,Trade diagnosis,,trade_diagnosis,HDFCBANK 2022-10-18,Bear Market Smoke Test,c3b29a0fe086,MACD Cross,HDFCBANK,BANKING,Neutral-Bearish,,WIN,,71.5,,,,,9.05,62.51,,,,,,,,,,,,,,,,,,,,,,Exit: Target Hit. Price moved up to +12.19% in the trade's favour (MFE). Held 16 day(s).,MACD Cross issued a BUY signal on HDFCBANK (BANKING) with 72% raw confidence (72% calibrated) in a Neutral-Bearish regime; opening gap +0.80%.,"[{""filter"":""Opening-gap check"",""value"":""+0.80%"",""respected"":true,""note"":null},{""filter"":""Full fill"",""value"":""full"",""respected"":true,""note"":null},{""filter"":""Confidence floor (55%)"",""value"":""72%"",""respected"":true,""note"":null}]",,,,,,,/research-intelligence (Trade Diagnostics),c3b29a0fe086:HDFCBANK:2022-10-18,,,,"{""exit_reason"":""Target Hit"",""holding_days"":16.0,""mae_pct"":-1.72,""mfe_pct"":12.19,""indicators_at_entry"":""not stored \u2014 blank, not fabricated""}"
2026-07-14T15:06:53Z,v0.5,Phase 5,Trade Replay,Trade diagnosis,,trade_diagnosis,HCLTECH 2022-11-10,Bear Market Smoke Test,c3b29a0fe086,Mean Reversion,HCLTECH,IT,Neutral-Bullish,,WIN,,80.6,,,,,4.14,37.69,,,,,,,,,,,,,,,,,,,,,,Exit: Target Hit. Price moved up to +4.56% in the trade's favour (MFE). Held 1 day(s).,Mean Reversion issued a BUY signal on HCLTECH (IT) with 81% raw confidence (81% calibrated) in a Neutral-Bullish regime; opening gap -0.33%.,"[{""filter"":""Opening-gap check"",""value"":""-0.33%"",""respected"":true,""note"":null},{""filter"":""Full fill"",""value"":""full"",""respected"":true,""note"":null},{""filter"":""Confidence floor (55%)"",""value"":""81%"",""respected"":true,""note"":null}]",,,,,,,/research-intelligence (Trade Diagnostics),c3b29a0fe086:HCLTECH:2022-11-10,,,,"{""exit_reason"":""Target Hit"",""holding_days"":1.0,""mae_pct"":0.0,""mfe_pct"":4.56,""indicators_at_entry"":""not stored \u2014 blank, not fabricated""}"
2026-07-14T15:06:53Z,v0.5,Phase 5,Trade Replay,Trade diagnosis,,trade_diagnosis,NTPC 2022-11-10,Bear Market Smoke Test,c3b29a0fe086,MACD Cross,NTPC,ENERGY,Neutral-Bullish,,LOSS,,70.6,,,,,-1.55,-14.52,,,,,,,,,,,,,,,,,,,,,,Exit: Signal Exit. Adverse move reached -2.29% (MAE) before exit. Held 1 day(s).,MACD Cross issued a BUY signal on NTPC (ENERGY) with 71% raw confidence (71% calibrated) in a Neutral-Bullish regime; opening gap +0.06%.,"[{""filter"":""Opening-gap check"",""value"":""+0.06%"",""respected"":true,""note"":null},{""filter"":""Full fill"",""value"":""full"",""respected"":true,""note"":null},{""filter"":""Confidence floor (55%)"",""value"":""71%"",""respected"":true,""note"":null}]",,,,,,,/research-intelligence (Trade Diagnostics),c3b29a0fe086:NTPC:2022-11-10,,,,"{""exit_reason"":""Signal Exit"",""holding_days"":1.0,""mae_pct"":-2.29,""mfe_pct"":0.0,""indicators_at_entry"":""not stored \u2014 blank, not fabricated""}"
2026-07-14T15:06:53Z,v0.5,Phase 5,Trade Replay,Trade diagnosis,,trade_diagnosis,HCLTECH 2022-11-21,Bear Market Smoke Test,c3b29a0fe086,Mean Reversion,HCLTECH,IT,Neutral-Bullish,,WIN,,80.6,,,,,0.04,0.35,,,,,,,,,,,,,,,,,,,,,,Exit: Signal Exit. Price moved up to +0.56% in the trade's favour (MFE). Held 1 day(s).,Mean Reversion issued a BUY signal on HCLTECH (IT) with 81% raw confidence (81% calibrated) in a Neutral-Bullish regime; opening gap -0.39%.,"[{""filter"":""Opening-gap check"",""value"":""-0.39%"",""respected"":true,""note"":null},{""filter"":""Full fill"",""value"":""full"",""respected"":true,""note"":null},{""filter"":""Confidence floor (55%)"",""value"":""81%"",""respected"":true,""note"":null}]",,,,,,,/research-intelligence (Trade Diagnostics),c3b29a0fe086:HCLTECH:2022-11-21,,,,"{""exit_reason"":""Signal Exit"",""holding_days"":1.0,""mae_pct"":-1.07,""mfe_pct"":0.56,""indicators_at_entry"":""not stored \u2014 blank, not fabricated""}"
2026-07-14T15:06:53Z,v0.5,Phase 5,Trade Replay,Trade diagnosis,,trade_diagnosis,HCLTECH 2022-11-23,Bear Market Smoke Test,c3b29a0fe086,Mean Reversion,HCLTECH,IT,Neutral-Bullish,,WIN,,80.6,,,,,1.49,14.29,,,,,,,,,,,,,,,,,,,,,,Exit: Signal Exit. Price moved up to +2.27% in the trade's favour (MFE). Held 1 day(s).,Mean Reversion issued a BUY signal on HCLTECH (IT) with 81% raw confidence (81% calibrated) in a Neutral-Bullish regime; opening gap +0.50%.,"[{""filter"":""Opening-gap check"",""value"":""+0.50%"",""respected"":true,""note"":null},{""filter"":""Full fill"",""value"":""full"",""respected"":true,""note"":null},{""filter"":""Confidence floor (55%)"",""value"":""81%"",""respected"":true,""note"":null}]",,,,,,,/research-intelligence (Trade Diagnostics),c3b29a0fe086:HCLTECH:2022-11-23,,,,"{""exit_reason"":""Signal Exit"",""holding_days"":1.0,""mae_pct"":-0.57,""mfe_pct"":2.27,""indicators_at_entry"":""not stored \u2014 blank, not fabricated""}"
2026-07-14T15:06:53Z,v0.5,Phase 5,Trade Replay,Trade diagnosis,,trade_diagnosis,HCLTECH 2022-12-02,Bear Market Smoke Test,c3b29a0fe086,Mean Reversion,HCLTECH,IT,Bullish,,LOSS,,80.6,,,,,-0.86,-8.47,,,,,,,,,,,,,,,,,,,,,,Exit: Signal Exit. Adverse move reached -0.88% (MAE) before exit. Held 1 day(s).,Mean Reversion issued a BUY signal on HCLTECH (IT) with 81% raw confidence (81% calibrated) in a Bullish regime; opening gap -0.00%.,"[{""filter"":""Opening-gap check"",""value"":""-0.00%"",""respected"":true,""note"":null},{""filter"":""Full fill"",""value"":""full"",""respected"":true,""note"":null},{""filter"":""Confidence floor (55%)"",""value"":""81%"",""respected"":true,""note"":null}]",,,,,,,/research-intelligence (Trade Diagnostics),c3b29a0fe086:HCLTECH:2022-12-02,,,,"{""exit_reason"":""Signal Exit"",""holding_days"":1.0,""mae_pct"":-0.88,""mfe_pct"":0.41,""indicators_at_entry"":""not stored \u2014 blank, not fabricated""}"
2026-07-14T15:06:53Z,v0.5,Phase 5,Trade Replay,Trade diagnosis,,trade_diagnosis,ADANIPORTS 2022-11-11,Bear Market Smoke Test,c3b29a0fe086,Trend Rider,ADANIPORTS,INFRA,Neutral-Bullish,,LOSS,,60.2,,,,,-1.94,-17.24,,,,,,,,,,,,,,,,,,,,,,Exit: Time Exit. Adverse move reached -4.31% (MAE) before exit. Held 20 day(s).,Trend Rider issued a BUY signal on ADANIPORTS (INFRA) with 60% raw confidence (60% calibrated) in a Neutral-Bullish regime; opening gap +1.29%.,"[{""filter"":""Opening-gap check"",""value"":""+1.29%"",""respected"":true,""note"":null},{""filter"":""Full fill"",""value"":""full"",""respected"":true,""note"":null},{""filter"":""Confidence floor (55%)"",""value"":""60%"",""respected"":true,""note"":null}]",,,,,,,/research-intelligence (Trade Diagnostics),c3b29a0fe086:ADANIPORTS:2022-11-11,,,,"{""exit_reason"":""Time Exit"",""holding_days"":20.0,""mae_pct"":-4.31,""mfe_pct"":1.14,""indicators_at_entry"":""not stored \u2014 blank, not fabricated""}"
2026-07-14T15:06:53Z,v0.5,Phase 5,Trade Replay,Trade diagnosis,,trade_diagnosis,NTPC 2022-11-14,Bear Market Smoke Test,c3b29a0fe086,MACD Cross,NTPC,ENERGY,Bullish,,LOSS,,70.6,,,,,-2.02,-18.8,,,,,,,,,,,,,,,,,,,,,,Exit: Signal Exit. Adverse move reached -4.83% (MAE) before exit. The trade was profitable at one point (MFE +2.04%) but gave the gain back. Held 19 day(s).,MACD Cross issued a BUY signal on NTPC (ENERGY) with 71% raw confidence (71% calibrated) in a Bullish regime; opening gap +0.52%.,"[{""filter"":""Opening-gap check"",""value"":""+0.52%"",""respected"":true,""note"":null},{""filter"":""Full fill"",""value"":""full"",""respected"":true,""note"":null},{""filter"":""Confidence floor (55%)"",""value"":""71%"",""respected"":true,""note"":null}]",,,,,,,/research-intelligence (Trade Diagnostics),c3b29a0fe086:NTPC:2022-11-14,,,,"{""exit_reason"":""Signal Exit"",""holding_days"":19.0,""mae_pct"":-4.83,""mfe_pct"":2.04,""indicators_at_entry"":""not stored \u2014 blank, not fabricated""}"
2026-07-14T15:06:53Z,v0.5,Phase 5,Trade Replay,Trade diagnosis,,trade_diagnosis,HCLTECH 2022-12-07,Bear Market Smoke Test,c3b29a0fe086,Mean Reversion,HCLTECH,IT,Neutral-Bullish,,LOSS,,80.6,,,,,-3.86,-37.35,,,,,,,,,,,,,,,,,,,,,,Exit: Stop-Loss Hit. Adverse move reached -8.44% (MAE) before exit. The stop-loss rule ended the trade as designed. Held 2 day(s).,Mean Reversion issued a BUY signal on HCLTECH (IT) with 81% raw confidence (81% calibrated) in a Neutral-Bullish regime; opening gap -0.62%.,"[{""filter"":""Opening-gap check"",""value"":""-0.62%"",""respected"":true,""note"":null},{""filter"":""Full fill"",""value"":""full"",""respected"":true,""note"":null},{""filter"":""Confidence floor (55%)"",""value"":""81%"",""respected"":true,""note"":null}]",,,,,,,/research-intelligence (Trade Diagnostics),c3b29a0fe086:HCLTECH:2022-12-07,,,,"{""exit_reason"":""Stop-Loss Hit"",""holding_days"":2.0,""mae_pct"":-8.44,""mfe_pct"":0.0,""indicators_at_entry"":""not stored \u2014 blank, not fabricated""}"
2026-07-14T15:06:53Z,v0.5,Phase 5,Trade Replay,Trade diagnosis,,trade_diagnosis,ITC 2022-12-13,Bear Market Smoke Test,c3b29a0fe086,MACD Cross,ITC,FMCG,Neutral-Bullish,,LOSS,,64.4,,,,,-3.7,-31.61,,,,,,,,,,,,,,,,,,,,,,Exit: Stop-Loss Hit. Adverse move reached -3.90% (MAE) before exit. The stop-loss rule ended the trade as designed. Held 3 day(s).,MACD Cross issued a BUY signal on ITC (FMCG) with 64% raw confidence (64% calibrated) in a Neutral-Bullish regime; opening gap +0.38%.,"[{""filter"":""Opening-gap check"",""value"":""+0.38%"",""respected"":true,""note"":null},{""filter"":""Full fill"",""value"":""full"",""respected"":true,""note"":null},{""filter"":""Confidence floor (55%)"",""value"":""64%"",""respected"":true,""note"":null}]",,,,,,,/research-intelligence (Trade Diagnostics),c3b29a0fe086:ITC:2022-12-13,,,,"{""exit_reason"":""Stop-Loss Hit"",""holding_days"":3.0,""mae_pct"":-3.9,""mfe_pct"":0.75,""indicators_at_entry"":""not stored \u2014 blank, not fabricated""}"
2026-07-14T15:06:53Z,v0.5,Phase 5,Trade Replay,Trade diagnosis,,trade_diagnosis,COALINDIA 2022-12-15,Bear Market Smoke Test,c3b29a0fe086,Trend Rider,COALINDIA,ENERGY,Bullish,,LOSS,,63.6,,,,,-3.97,-22.05,,,,,,,,,,,,,,,,,,,,,,Exit: Stop-Loss Hit. Adverse move reached -3.78% (MAE) before exit. The stop-loss rule ended the trade as designed. Held 1 day(s).,Trend Rider issued a BUY signal on COALINDIA (ENERGY) with 64% raw confidence (64% calibrated) in a Bullish regime; opening gap -0.11%.,"[{""filter"":""Opening-gap check"",""value"":""-0.11%"",""respected"":true,""note"":null},{""filter"":""Full fill"",""value"":""full"",""respected"":true,""note"":null},{""filter"":""Confidence floor (55%)"",""value"":""64%"",""respected"":true,""note"":null}]",,,,,,,/research-intelligence (Trade Diagnostics),c3b29a0fe086:COALINDIA:2022-12-15,,,,"{""exit_reason"":""Stop-Loss Hit"",""holding_days"":1.0,""mae_pct"":-3.78,""mfe_pct"":0.0,""indicators_at_entry"":""not stored \u2014 blank, not fabricated""}"
2026-07-14T15:06:53Z,v0.5,Phase 5,Trade Replay,Trade diagnosis,,trade_diagnosis,NTPC 2022-12-12,Bear Market Smoke Test,c3b29a0fe086,MACD Cross,NTPC,ENERGY,Neutral-Bullish,,LOSS,,70.6,,,,,-4.46,-40.93,,,,,,,,,,,,,,,,,,,,,,Exit: Stop-Loss Hit. Adverse move reached -4.57% (MAE) before exit. The trade was profitable at one point (MFE +2.31%) but gave the gain back. The stop-loss rule ended the trade as designed. Held 9 day(s).,MACD Cross issued a BUY signal on NTPC (ENERGY) with 71% raw confidence (71% calibrated) in a Neutral-Bullish regime; opening gap +0.29%.,"[{""filter"":""Opening-gap check"",""value"":""+0.29%"",""respected"":true,""note"":null},{""filter"":""Full fill"",""value"":""full"",""respected"":true,""note"":null},{""filter"":""Confidence floor (55%)"",""value"":""71%"",""respected"":true,""note"":null}]",,,,,,,/research-intelligence (Trade Diagnostics),c3b29a0fe086:NTPC:2022-12-12,,,,"{""exit_reason"":""Stop-Loss Hit"",""holding_days"":9.0,""mae_pct"":-4.57,""mfe_pct"":2.31,""indicators_at_entry"":""not stored \u2014 blank, not fabricated""}"
2026-07-14T15:06:53Z,v0.5,Phase 5,Trade Replay,Trade diagnosis,,trade_diagnosis,HCLTECH 2022-12-19,Bear Market Smoke Test,c3b29a0fe086,Mean Reversion,HCLTECH,IT,Neutral-Bullish,,WIN,,80.6,,,,,0.56,5.03,,,,,,,,,,,,,,,,,,,,,,Exit: End-of-Test Forced Close. Price moved up to +2.41% in the trade's favour (MFE). Held 9 day(s).,Mean Reversion issued a BUY signal on HCLTECH (IT) with 81% raw confidence (81% calibrated) in a Neutral-Bullish regime; opening gap -0.00%.,"[{""filter"":""Opening-gap check"",""value"":""-0.00%"",""respected"":true,""note"":null},{""filter"":""Full fill"",""value"":""full"",""respected"":true,""note"":null},{""filter"":""Confidence floor (55%)"",""value"":""81%"",""respected"":true,""note"":null}]",,,,,,,/research-intelligence (Trade Diagnostics),c3b29a0fe086:HCLTECH:2022-12-19,,,,"{""exit_reason"":""End-of-Test Forced Close"",""holding_days"":9.0,""mae_pct"":-1.84,""mfe_pct"":2.41,""indicators_at_entry"":""not stored \u2014 blank, not fabricated""}"
2026-07-14T15:06:53Z,v0.5,Phase 5,Trade Replay,Trade diagnosis,,trade_diagnosis,NTPC 2022-12-26,Bear Market Smoke Test,c3b29a0fe086,MACD Cross,NTPC,ENERGY,Neutral-Bullish,,WIN,,70.6,,,,,2.37,20.7,,,,,,,,,,,,,,,,,,,,,,Exit: End-of-Test Forced Close. Price moved up to +3.75% in the trade's favour (MFE). Held 4 day(s).,MACD Cross issued a BUY signal on NTPC (ENERGY) with 71% raw confidence (71% calibrated) in a Neutral-Bullish regime; opening gap -0.61%.,"[{""filter"":""Opening-gap check"",""value"":""-0.61%"",""respected"":true,""note"":null},{""filter"":""Full fill"",""value"":""full"",""respected"":true,""note"":null},{""filter"":""Confidence floor (55%)"",""value"":""71%"",""respected"":true,""note"":null}]",,,,,,,/research-intelligence (Trade Diagnostics),c3b29a0fe086:NTPC:2022-12-26,,,,"{""exit_reason"":""End-of-Test Forced Close"",""holding_days"":4.0,""mae_pct"":0.0,""mfe_pct"":3.75,""indicators_at_entry"":""not stored \u2014 blank, not fabricated""}"
2026-07-14T15:06:53Z,v0.5,Phase 5,Trade Replay,Trade diagnosis,,trade_diagnosis,HCLTECH 2023-01-03,Bear Market Smoke Test,c3b29a0fe086,Mean Reversion,HCLTECH,IT,Bullish,,WIN,,83.1,,,,,0.12,1.06,,,,,,,,,,,,,,,,,,,,,,Exit: Signal Exit. Price moved up to +0.96% in the trade's favour (MFE). Held 2 day(s).,Mean Reversion issued a BUY signal on HCLTECH (IT) with 83% raw confidence (83% calibrated) in a Bullish regime; opening gap -0.04%.,"[{""filter"":""Opening-gap check"",""value"":""-0.04%"",""respected"":true,""note"":null},{""filter"":""Full fill"",""value"":""full"",""respected"":true,""note"":null},{""filter"":""Confidence floor (55%)"",""value"":""83%"",""respected"":true,""note"":null}]",,,,,,,/research-intelligence (Trade Diagnostics),c3b29a0fe086:HCLTECH:2023-01-03,,,,"{""exit_reason"":""Signal Exit"",""holding_days"":2.0,""mae_pct"":-0.8,""mfe_pct"":0.96,""indicators_at_entry"":""not stored \u2014 blank, not fabricated""}"
2026-07-14T15:06:53Z,v0.5,Phase 5,Trade Replay,Trade diagnosis,,trade_diagnosis,SBIN 2023-01-03,Bear Market Smoke Test,c3b29a0fe086,MACD Cross,SBIN,BANKING,Bullish,,LOSS,,59.6,,,,,-2.62,-14.97,,,,,,,,,,,,,,,,,,,,,,Exit: Signal Exit. Adverse move reached -2.92% (MAE) before exit. Held 3 day(s).,MACD Cross issued a BUY signal on SBIN (BANKING) with 60% raw confidence (60% calibrated) in a Bullish regime; opening gap +0.38%.,"[{""filter"":""Opening-gap check"",""value"":""+0.38%"",""respected"":true,""note"":null},{""filter"":""Full fill"",""value"":""full"",""respected"":true,""note"":null},{""filter"":""Confidence floor (55%)"",""value"":""60%"",""respected"":true,""note"":null}]",,,,,,,/research-intelligence (Trade Diagnostics),c3b29a0fe086:SBIN:2023-01-03,,,,"{""exit_reason"":""Signal Exit"",""holding_days"":3.0,""mae_pct"":-2.92,""mfe_pct"":0.0,""indicators_at_entry"":""not stored \u2014 blank, not fabricated""}"
2026-07-14T15:06:53Z,v0.5,Phase 5,Trade Replay,Trade diagnosis,,trade_diagnosis,KOTAKBANK 2023-01-04,Bear Market Smoke Test,c3b29a0fe086,MACD Cross,KOTAKBANK,BANKING,Bullish,,LOSS,,67.8,,,,,-3.18,-23.26,,,,,,,,,,,,,,,,,,,,,,Exit: Stop-Loss Hit. Adverse move reached -3.57% (MAE) before exit. The stop-loss rule ended the trade as designed. Held 2 day(s).,MACD Cross issued a BUY signal on KOTAKBANK (BANKING) with 68% raw confidence (68% calibrated) in a Bullish regime; opening gap +0.11%.,"[{""filter"":""Opening-gap check"",""value"":""+0.11%"",""respected"":true,""note"":null},{""filter"":""Full fill"",""value"":""full"",""respected"":true,""note"":null},{""filter"":""Confidence floor (55%)"",""value"":""68%"",""respected"":true,""note"":null}]",,,,,,,/research-intelligence (Trade Diagnostics),c3b29a0fe086:KOTAKBANK:2023-01-04,,,,"{""exit_reason"":""Stop-Loss Hit"",""holding_days"":2.0,""mae_pct"":-3.57,""mfe_pct"":0.0,""indicators_at_entry"":""not stored \u2014 blank, not fabricated""}"
2026-07-14T15:06:53Z,v0.5,Phase 5,Trade Replay,Trade diagnosis,,trade_diagnosis,HCLTECH 2023-01-06,Bear Market Smoke Test,c3b29a0fe086,Mean Reversion,HCLTECH,IT,Neutral-Bullish,,WIN,,83.1,,,,,1.87,16.92,,,,,,,,,,,,,,,,,,,,,,Exit: Signal Exit. Price moved up to +2.51% in the trade's favour (MFE). Held 1 day(s).,Mean Reversion issued a BUY signal on HCLTECH (IT) with 83% raw confidence (83% calibrated) in a Neutral-Bullish regime; opening gap -0.01%.,"[{""filter"":""Opening-gap check"",""value"":""-0.01%"",""respected"":true,""note"":null},{""filter"":""Full fill"",""value"":""full"",""respected"":true,""note"":null},{""filter"":""Confidence floor (55%)"",""value"":""83%"",""respected"":true,""note"":null}]",,,,,,,/research-intelligence (Trade Diagnostics),c3b29a0fe086:HCLTECH:2023-01-06,,,,"{""exit_reason"":""Signal Exit"",""holding_days"":1.0,""mae_pct"":-0.45,""mfe_pct"":2.51,""indicators_at_entry"":""not stored \u2014 blank, not fabricated""}"
2026-07-14T15:06:53Z,v0.5,Phase 5,Trade Replay,Trade diagnosis,,trade_diagnosis,HCLTECH 2023-01-10,Bear Market Smoke Test,c3b29a0fe086,Mean Reversion,HCLTECH,IT,Neutral-Bullish,,LOSS,,83.1,,,,,-0.95,-8.79,,,,,,,,,,,,,,,,,,,,,,Exit: Signal Exit. Adverse move reached -1.06% (MAE) before exit. Held 1 day(s).,Mean Reversion issued a BUY signal on HCLTECH (IT) with 83% raw confidence (83% calibrated) in a Neutral-Bullish regime; opening gap -0.60%.,"[{""filter"":""Opening-gap check"",""value"":""-0.60%"",""respected"":true,""note"":null},{""filter"":""Full fill"",""value"":""full"",""respected"":true,""note"":null},{""filter"":""Confidence floor (55%)"",""value"":""83%"",""respected"":true,""note"":null}]",,,,,,,/research-intelligence (Trade Diagnostics),c3b29a0fe086:HCLTECH:2023-01-10,,,,"{""exit_reason"":""Signal Exit"",""holding_days"":1.0,""mae_pct"":-1.06,""mfe_pct"":1.68,""indicators_at_entry"":""not stored \u2014 blank, not fabricated""}"
2026-07-14T15:06:53Z,v0.5,Phase 5,Trade Replay,Trade diagnosis,,trade_diagnosis,HCLTECH 2023-01-12,Bear Market Smoke Test,c3b29a0fe086,Mean Reversion,HCLTECH,IT,Bearish,,WIN,,83.1,,,,,1.21,11.11,,,,,,,,,,,,,,,,,,,,,,Exit: Signal Exit. Price moved up to +2.09% in the trade's favour (MFE). Held 1 day(s).,Mean Reversion issued a BUY signal on HCLTECH (IT) with 83% raw confidence (83% calibrated) in a Bearish regime; opening gap +0.59%.,"[{""filter"":""Opening-gap check"",""value"":""+0.59%"",""respected"":true,""note"":null},{""filter"":""Full fill"",""value"":""full"",""respected"":true,""note"":null},{""filter"":""Confidence floor (55%)"",""value"":""83%"",""respected"":true,""note"":null}]",,,,,,,/research-intelligence (Trade Diagnostics),c3b29a0fe086:HCLTECH:2023-01-12,,,,"{""exit_reason"":""Signal Exit"",""holding_days"":1.0,""mae_pct"":-1.96,""mfe_pct"":2.09,""indicators_at_entry"":""not stored \u2014 blank, not fabricated""}"
2026-07-14T15:06:53Z,v0.5,Phase 5,Trade Replay,Trade diagnosis,,trade_diagnosis,HCLTECH 2023-01-16,Bear Market Smoke Test,c3b29a0fe086,Mean Reversion,HCLTECH,IT,Neutral-Bearish,,WIN,,83.1,,,,,1.83,17.31,,,,,,,,,,,,,,,,,,,,,,Exit: Signal Exit. Price moved up to +2.40% in the trade's favour (MFE). Held 1 day(s).,Mean Reversion issued a BUY signal on HCLTECH (IT) with 83% raw confidence (83% calibrated) in a Neutral-Bearish regime; opening gap +0.85%.,"[{""filter"":""Opening-gap check"",""value"":""+0.85%"",""respected"":true,""note"":null},{""filter"":""Full fill"",""value"":""full"",""respected"":true,""note"":null},{""filter"":""Confidence floor (55%)"",""value"":""83%"",""respected"":true,""note"":null}]",,,,,,,/research-intelligence (Trade Diagnostics),c3b29a0fe086:HCLTECH:2023-01-16,,,,"{""exit_reason"":""Signal Exit"",""holding_days"":1.0,""mae_pct"":0.0,""mfe_pct"":2.4,""indicators_at_entry"":""not stored \u2014 blank, not fabricated""}"
2026-07-14T15:06:53Z,v0.5,Phase 5,Trade Replay,Trade diagnosis,,trade_diagnosis,COALINDIA 2023-01-09,Bear Market Smoke Test,c3b29a0fe086,Mean Reversion,COALINDIA,ENERGY,Neutral-Bullish,,WIN,,64.4,,,,,3.61,31.03,,,,,,,,,,,,,,,,,,,,,,Exit: Signal Exit. Price moved up to +4.31% in the trade's favour (MFE). Held 8 day(s).,Mean Reversion issued a BUY signal on COALINDIA (ENERGY) with 64% raw confidence (64% calibrated) in a Neutral-Bullish regime; opening gap +0.51%.,"[{""filter"":""Opening-gap check"",""value"":""+0.51%"",""respected"":true,""note"":null},{""filter"":""Full fill"",""value"":""full"",""respected"":true,""note"":null},{""filter"":""Confidence floor (55%)"",""value"":""64%"",""respected"":true,""note"":null}]",,,,,,,/research-intelligence (Trade Diagnostics),c3b29a0fe086:COALINDIA:2023-01-09,,,,"{""exit_reason"":""Signal Exit"",""holding_days"":8.0,""mae_pct"":-2.05,""mfe_pct"":4.31,""indicators_at_entry"":""not stored \u2014 blank, not fabricated""}"
2026-07-14T15:06:53Z,v0.5,Phase 5,Trade Replay,Trade diagnosis,,trade_diagnosis,HCLTECH 2023-01-18,Bear Market Smoke Test,c3b29a0fe086,Mean Reversion,HCLTECH,IT,Neutral-Bearish,,LOSS,,83.1,,,,,-0.15,-1.44,,,,,,,,,,,,,,,,,,,,,,Exit: Signal Exit. Adverse move reached -0.99% (MAE) before exit. Held 1 day(s).,Mean Reversion issued a BUY signal on HCLTECH (IT) with 83% raw confidence (83% calibrated) in a Neutral-Bearish regime; opening gap +0.71%.,"[{""filter"":""Opening-gap check"",""value"":""+0.71%"",""respected"":true,""note"":null},{""filter"":""Full fill"",""value"":""full"",""respected"":true,""note"":null},{""filter"":""Confidence floor (55%)"",""value"":""83%"",""respected"":true,""note"":null}]",,,,,,,/research-intelligence (Trade Diagnostics),c3b29a0fe086:HCLTECH:2023-01-18,,,,"{""exit_reason"":""Signal Exit"",""holding_days"":1.0,""mae_pct"":-0.99,""mfe_pct"":0.32,""indicators_at_entry"":""not stored \u2014 blank, not fabricated""}"
2026-07-14T15:06:53Z,v0.5,Phase 5,Trade Replay,Trade diagnosis,,trade_diagnosis,KOTAKBANK 2023-01-18,Bear Market Smoke Test,c3b29a0fe086,MACD Cross,KOTAKBANK,BANKING,Neutral-Bearish,,LOSS,,67.8,,,,,-2.59,-18.62,,,,,,,,,,,,,,,,,,,,,,Exit: Signal Exit. Adverse move reached -2.62% (MAE) before exit. Held 2 day(s).,MACD Cross issued a BUY signal on KOTAKBANK (BANKING) with 68% raw confidence (68% calibrated) in a Neutral-Bearish regime; opening gap +0.29%.,"[{""filter"":""Opening-gap check"",""value"":""+0.29%"",""respected"":true,""note"":null},{""filter"":""Full fill"",""value"":""full"",""respected"":true,""note"":null},{""filter"":""Confidence floor (55%)"",""value"":""68%"",""respected"":true,""note"":null}]",,,,,,,/research-intelligence (Trade Diagnostics),c3b29a0fe086:KOTAKBANK:2023-01-18,,,,"{""exit_reason"":""Signal Exit"",""holding_days"":2.0,""mae_pct"":-2.62,""mfe_pct"":0.0,""indicators_at_entry"":""not stored \u2014 blank, not fabricated""}"
2026-07-14T15:06:53Z,v0.5,Phase 5,Trade Replay,Trade diagnosis,,trade_diagnosis,HCLTECH 2023-01-20,Bear Market Smoke Test,c3b29a0fe086,Mean Reversion,HCLTECH,IT,Neutral-Bearish,,WIN,,83.1,,,,,0.54,5.25,,,,,,,,,,,,,,,,,,,,,,Exit: Signal Exit. Price moved up to +0.99% in the trade's favour (MFE). Held 1 day(s).,Mean Reversion issued a BUY signal on HCLTECH (IT) with 83% raw confidence (83% calibrated) in a Neutral-Bearish regime; opening gap -0.03%.,"[{""filter"":""Opening-gap check"",""value"":""-0.03%"",""respected"":true,""note"":null},{""filter"":""Full fill"",""value"":""full"",""respected"":true,""note"":null},{""filter"":""Confidence floor (55%)"",""value"":""83%"",""respected"":true,""note"":null}]",,,,,,,/research-intelligence (Trade Diagnostics),c3b29a0fe086:HCLTECH:2023-01-20,,,,"{""exit_reason"":""Signal Exit"",""holding_days"":1.0,""mae_pct"":-0.34,""mfe_pct"":0.99,""indicators_at_entry"":""not stored \u2014 blank, not fabricated""}"
2026-07-14T15:06:53Z,v0.5,Phase 5,Trade Replay,Trade diagnosis,,trade_diagnosis,HCLTECH 2023-01-24,Bear Market Smoke Test,c3b29a0fe086,Mean Reversion,HCLTECH,IT,Neutral-Bearish,,LOSS,,83.1,,,,,-0.65,-6.42,,,,,,,,,,,,,,,,,,,,,,Exit: Signal Exit. Adverse move reached -0.89% (MAE) before exit. Held 1 day(s).,Mean Reversion issued a BUY signal on HCLTECH (IT) with 83% raw confidence (83% calibrated) in a Neutral-Bearish regime; opening gap +0.42%.,"[{""filter"":""Opening-gap check"",""value"":""+0.42%"",""respected"":true,""note"":null},{""filter"":""Full fill"",""value"":""full"",""respected"":true,""note"":null},{""filter"":""Confidence floor (55%)"",""value"":""83%"",""respected"":true,""note"":null}]",,,,,,,/research-intelligence (Trade Diagnostics),c3b29a0fe086:HCLTECH:2023-01-24,,,,"{""exit_reason"":""Signal Exit"",""holding_days"":1.0,""mae_pct"":-0.89,""mfe_pct"":0.72,""indicators_at_entry"":""not stored \u2014 blank, not fabricated""}"
2026-07-14T15:06:53Z,v0.5,Phase 5,Trade Replay,Trade diagnosis,,trade_diagnosis,KOTAKBANK 2023-01-24,Bear Market Smoke Test,c3b29a0fe086,MACD Cross,KOTAKBANK,BANKING,Neutral-Bearish,,LOSS,,67.8,,,,,-3.98,-14.23,,,,,,,,,,,,,,,,,,,,,,Exit: Stop-Loss Hit. Adverse move reached -5.02% (MAE) before exit. The stop-loss rule ended the trade as designed. Held 2 day(s).,MACD Cross issued a BUY signal on KOTAKBANK (BANKING) with 68% raw confidence (68% calibrated) in a Neutral-Bearish regime; opening gap +0.50%.,"[{""filter"":""Opening-gap check"",""value"":""+0.50%"",""respected"":true,""note"":null},{""filter"":""Full fill"",""value"":""full"",""respected"":true,""note"":null},{""filter"":""Confidence floor (55%)"",""value"":""68%"",""respected"":true,""note"":null}]",,,,,,,/research-intelligence (Trade Diagnostics),c3b29a0fe086:KOTAKBANK:2023-01-24,,,,"{""exit_reason"":""Stop-Loss Hit"",""holding_days"":2.0,""mae_pct"":-5.02,""mfe_pct"":0.0,""indicators_at_entry"":""not stored \u2014 blank, not fabricated""}"
2026-07-14T15:06:53Z,v0.5,Phase 5,Trade Replay,Trade diagnosis,,trade_diagnosis,HDFCBANK 2023-01-20,Bear Market Smoke Test,c3b29a0fe086,MACD Cross,HDFCBANK,BANKING,Neutral-Bearish,,LOSS,,64.1,,,,,-3.8,-29.59,,,,,,,,,,,,,,,,,,,,,,Exit: Stop-Loss Hit. Adverse move reached -3.85% (MAE) before exit. The trade was profitable at one point (MFE +3.47%) but gave the gain back. The stop-loss rule ended the trade as designed. Held 5 day(s).,MACD Cross issued a BUY signal on HDFCBANK (BANKING) with 64% raw confidence (64% calibrated) in a Neutral-Bearish regime; opening gap -0.00%.,"[{""filter"":""Opening-gap check"",""value"":""-0.00%"",""respected"":true,""note"":null},{""filter"":""Full fill"",""value"":""full"",""respected"":true,""note"":null},{""filter"":""Confidence floor (55%)"",""value"":""64%"",""respected"":true,""note"":null}]",,,,,,,/research-intelligence (Trade Diagnostics),c3b29a0fe086:HDFCBANK:2023-01-20,,,,"{""exit_reason"":""Stop-Loss Hit"",""holding_days"":5.0,""mae_pct"":-3.85,""mfe_pct"":3.47,""indicators_at_entry"":""not stored \u2014 blank, not fabricated""}"
2026-07-14T15:06:53Z,v0.5,Phase 5,Trade Replay,Trade diagnosis,,trade_diagnosis,HCLTECH 2023-01-27,Bear Market Smoke Test,c3b29a0fe086,Mean Reversion,HCLTECH,IT,Bearish,,WIN,,83.1,,,,,0.69,6.82,,,,,,,,,,,,,,,,,,,,,,Exit: Signal Exit. Price moved up to +1.46% in the trade's favour (MFE). Held 1 day(s).,Mean Reversion issued a BUY signal on HCLTECH (IT) with 83% raw confidence (83% calibrated) in a Bearish regime; opening gap +0.00%.,"[{""filter"":""Opening-gap check"",""value"":""+0.00%"",""respected"":true,""note"":null},{""filter"":""Full fill"",""value"":""full"",""respected"":true,""note"":null},{""filter"":""Confidence floor (55%)"",""value"":""83%"",""respected"":true,""note"":null}]",,,,,,,/research-intelligence (Trade Diagnostics),c3b29a0fe086:HCLTECH:2023-01-27,,,,"{""exit_reason"":""Signal Exit"",""holding_days"":1.0,""mae_pct"":-1.58,""mfe_pct"":1.46,""indicators_at_entry"":""not stored \u2014 blank, not fabricated""}"
2026-07-14T15:06:53Z,v0.5,Phase 5,Trade Replay,Trade diagnosis,,trade_diagnosis,HCLTECH 2023-02-08,Bear Market Smoke Test,c3b29a0fe086,Mean Reversion,HCLTECH,IT,Neutral-Bearish,,WIN,,83.1,,,,,0.72,7.18,,,,,,,,,,,,,,,,,,,,,,Exit: Signal Exit. Price moved up to +1.52% in the trade's favour (MFE). Held 1 day(s).,Mean Reversion issued a BUY signal on HCLTECH (IT) with 83% raw confidence (83% calibrated) in a Neutral-Bearish regime; opening gap +0.50%.,"[{""filter"":""Opening-gap check"",""value"":""+0.50%"",""respected"":true,""note"":null},{""filter"":""Full fill"",""value"":""full"",""respected"":true,""note"":null},{""filter"":""Confidence floor (55%)"",""value"":""83%"",""respected"":true,""note"":null}]",,,,,,,/research-intelligence (Trade Diagnostics),c3b29a0fe086:HCLTECH:2023-02-08,,,,"{""exit_reason"":""Signal Exit"",""holding_days"":1.0,""mae_pct"":0.0,""mfe_pct"":1.52,""indicators_at_entry"":""not stored \u2014 blank, not fabricated""}"
2026-07-14T15:06:53Z,v0.5,Phase 5,Trade Replay,Trade diagnosis,,trade_diagnosis,HCLTECH 2023-02-10,Bear Market Smoke Test,c3b29a0fe086,Mean Reversion,HCLTECH,IT,Neutral-Bearish,,LOSS,,83.1,,,,,-1.4,-13.81,,,,,,,,,,,,,,,,,,,,,,Exit: Stop-Loss Hit. Adverse move reached -1.92% (MAE) before exit. The stop-loss rule ended the trade as designed. Held 1 day(s).,Mean Reversion issued a BUY signal on HCLTECH (IT) with 83% raw confidence (83% calibrated) in a Neutral-Bearish regime; opening gap -1.79%.,"[{""filter"":""Opening-gap check"",""value"":""-1.79%"",""respected"":true,""note"":null},{""filter"":""Full fill"",""value"":""full"",""respected"":true,""note"":null},{""filter"":""Confidence floor (55%)"",""value"":""83%"",""respected"":true,""note"":null}]",,,,,,,/research-intelligence (Trade Diagnostics),c3b29a0fe086:HCLTECH:2023-02-10,,,,"{""exit_reason"":""Stop-Loss Hit"",""holding_days"":1.0,""mae_pct"":-1.92,""mfe_pct"":0.0,""indicators_at_entry"":""not stored \u2014 blank, not fabricated""}"
2026-07-14T15:06:53Z,v0.5,Phase 5,Trade Replay,Trade diagnosis,,trade_diagnosis,HCLTECH 2023-02-14,Bear Market Smoke Test,c3b29a0fe086,Mean Reversion,HCLTECH,IT,Neutral-Bearish,,WIN,,83.1,,,,,0.69,6.74,,,,,,,,,,,,,,,,,,,,,,Exit: Signal Exit. Price moved up to +1.14% in the trade's favour (MFE). Held 1 day(s).,Mean Reversion issued a BUY signal on HCLTECH (IT) with 83% raw confidence (83% calibrated) in a Neutral-Bearish regime; opening gap +0.72%.,"[{""filter"":""Opening-gap check"",""value"":""+0.72%"",""respected"":true,""note"":null},{""filter"":""Full fill"",""value"":""full"",""respected"":true,""note"":null},{""filter"":""Confidence floor (55%)"",""value"":""83%"",""respected"":true,""note"":null}]",,,,,,,/research-intelligence (Trade Diagnostics),c3b29a0fe086:HCLTECH:2023-02-14,,,,"{""exit_reason"":""Signal Exit"",""holding_days"":1.0,""mae_pct"":-0.2,""mfe_pct"":1.14,""indicators_at_entry"":""not stored \u2014 blank, not fabricated""}"
2026-07-14T15:06:53Z,v0.5,Phase 5,Trade Replay,Trade diagnosis,,trade_diagnosis,SHRIRAMFIN 2023-02-06,Bear Market Smoke Test,c3b29a0fe086,MACD Cross,SHRIRAMFIN,FINANCE,Neutral-Bearish,,LOSS,,66.0,,,,,-0.47,-3.38,,,,,,,,,,,,,,,,,,,,,,Exit: Signal Exit. Adverse move reached -1.16% (MAE) before exit. The trade was profitable at one point (MFE +4.68%) but gave the gain back. Held 8 day(s).,MACD Cross issued a BUY signal on SHRIRAMFIN (FINANCE) with 66% raw confidence (66% calibrated) in a Neutral-Bearish regime; opening gap -1.49%.,"[{""filter"":""Opening-gap check"",""value"":""-1.49%"",""respected"":true,""note"":null},{""filter"":""Full fill"",""value"":""full"",""respected"":true,""note"":null},{""filter"":""Confidence floor (55%)"",""value"":""66%"",""respected"":true,""note"":null}]",,,,,,,/research-intelligence (Trade Diagnostics),c3b29a0fe086:SHRIRAMFIN:2023-02-06,,,,"{""exit_reason"":""Signal Exit"",""holding_days"":8.0,""mae_pct"":-1.16,""mfe_pct"":4.68,""indicators_at_entry"":""not stored \u2014 blank, not fabricated""}"
2026-07-14T15:06:53Z,v0.5,Phase 5,Trade Replay,Trade diagnosis,,trade_diagnosis,HDFCBANK 2023-02-07,Bear Market Smoke Test,c3b29a0fe086,MACD Cross,HDFCBANK,BANKING,Neutral-Bearish,,LOSS,,64.1,,,,,-1.52,-11.93,,,,,,,,,,,,,,,,,,,,,,Exit: Signal Exit. Adverse move reached -1.56% (MAE) before exit. Held 9 day(s).,MACD Cross issued a BUY signal on HDFCBANK (BANKING) with 64% raw confidence (64% calibrated) in a Neutral-Bearish regime; opening gap +0.46%.,"[{""filter"":""Opening-gap check"",""value"":""+0.46%"",""respected"":true,""note"":null},{""filter"":""Full fill"",""value"":""full"",""respected"":true,""note"":null},{""filter"":""Confidence floor (55%)"",""value"":""64%"",""respected"":true,""note"":null}]",,,,,,,/research-intelligence (Trade Diagnostics),c3b29a0fe086:HDFCBANK:2023-02-07,,,,"{""exit_reason"":""Signal Exit"",""holding_days"":9.0,""mae_pct"":-1.56,""mfe_pct"":1.28,""indicators_at_entry"":""not stored \u2014 blank, not fabricated""}"
2026-07-14T15:06:53Z,v0.5,Phase 5,Trade Replay,Trade diagnosis,,trade_diagnosis,KOTAKBANK 2023-02-03,Bear Market Smoke Test,c3b29a0fe086,MACD Cross,KOTAKBANK,BANKING,Bearish,,LOSS,,67.8,,,,,-4.32,-30.51,,,,,,,,,,,,,,,,,,,,,,Exit: Signal Exit. Adverse move reached -4.17% (MAE) before exit. Held 13 day(s).,MACD Cross issued a BUY signal on KOTAKBANK (BANKING) with 68% raw confidence (68% calibrated) in a Bearish regime; opening gap +0.50%.,"[{""filter"":""Opening-gap check"",""value"":""+0.50%"",""respected"":true,""note"":null},{""filter"":""Full fill"",""value"":""full"",""respected"":true,""note"":null},{""filter"":""Confidence floor (55%)"",""value"":""68%"",""respected"":true,""note"":null}]",,,,,,,/research-intelligence (Trade Diagnostics),c3b29a0fe086:KOTAKBANK:2023-02-03,,,,"{""exit_reason"":""Signal Exit"",""holding_days"":13.0,""mae_pct"":-4.17,""mfe_pct"":1.8,""indicators_at_entry"":""not stored \u2014 blank, not fabricated""}"
2026-07-14T15:06:53Z,v0.5,Phase 5,Trade Replay,Trade diagnosis,,trade_diagnosis,HCLTECH 2023-02-17,Bear Market Smoke Test,c3b29a0fe086,Mean Reversion,HCLTECH,IT,Neutral-Bearish,,LOSS,,83.1,,,,,-2.87,-28.16,,,,,,,,,,,,,,,,,,,,,,Exit: Stop-Loss Hit. Adverse move reached -2.89% (MAE) before exit. The stop-loss rule ended the trade as designed. Held 3 day(s).,Mean Reversion issued a BUY signal on HCLTECH (IT) with 83% raw confidence (83% calibrated) in a Neutral-Bearish regime; opening gap -0.57%.,"[{""filter"":""Opening-gap check"",""value"":""-0.57%"",""respected"":true,""note"":null},{""filter"":""Full fill"",""value"":""full"",""respected"":true,""note"":null},{""filter"":""Confidence floor (55%)"",""value"":""83%"",""respected"":true,""note"":null}]",,,,,,,/research-intelligence (Trade Diagnostics),c3b29a0fe086:HCLTECH:2023-02-17,,,,"{""exit_reason"":""Stop-Loss Hit"",""holding_days"":3.0,""mae_pct"":-2.89,""mfe_pct"":1.08,""indicators_at_entry"":""not stored \u2014 blank, not fabricated""}"
2026-07-14T15:06:53Z,v0.5,Phase 5,Trade Replay,Trade diagnosis,,trade_diagnosis,HCLTECH 2023-02-23,Bear Market Smoke Test,c3b29a0fe086,Mean Reversion,HCLTECH,IT,Bearish,,WIN,,83.1,,,,,0.91,8.8,,,,,,,,,,,,,,,,,,,,,,Exit: Signal Exit. Price moved up to +2.18% in the trade's favour (MFE). But it first drew down -3.39% (MAE) — the entry timing was early. Held 6 day(s).,Mean Reversion issued a BUY signal on HCLTECH (IT) with 83% raw confidence (83% calibrated) in a Bearish regime; opening gap +1.12%.,"[{""filter"":""Opening-gap check"",""value"":""+1.12%"",""respected"":true,""note"":null},{""filter"":""Full fill"",""value"":""full"",""respected"":true,""note"":null},{""filter"":""Confidence floor (55%)"",""value"":""83%"",""respected"":true,""note"":null}]",,,,,,,/research-intelligence (Trade Diagnostics),c3b29a0fe086:HCLTECH:2023-02-23,,,,"{""exit_reason"":""Signal Exit"",""holding_days"":6.0,""mae_pct"":-3.39,""mfe_pct"":2.18,""indicators_at_entry"":""not stored \u2014 blank, not fabricated""}"
2026-07-14T15:06:53Z,v0.5,Phase 5,Trade Replay,Trade diagnosis,,trade_diagnosis,HCLTECH 2023-03-06,Bear Market Smoke Test,c3b29a0fe086,Mean Reversion,HCLTECH,IT,Neutral-Bearish,,LOSS,,83.1,,,,,-1.11,-10.97,,,,,,,,,,,,,,,,,,,,,,Exit: Signal Exit. Adverse move reached -2.00% (MAE) before exit. Held 1 day(s).,Mean Reversion issued a BUY signal on HCLTECH (IT) with 83% raw confidence (83% calibrated) in a Neutral-Bearish regime; opening gap +0.89%.,"[{""filter"":""Opening-gap check"",""value"":""+0.89%"",""respected"":true,""note"":null},{""filter"":""Full fill"",""value"":""full"",""respected"":true,""note"":null},{""filter"":""Confidence floor (55%)"",""value"":""83%"",""respected"":true,""note"":null}]",,,,,,,/research-intelligence (Trade Diagnostics),c3b29a0fe086:HCLTECH:2023-03-06,,,,"{""exit_reason"":""Signal Exit"",""holding_days"":1.0,""mae_pct"":-2.0,""mfe_pct"":0.0,""indicators_at_entry"":""not stored \u2014 blank, not fabricated""}"
2026-07-14T15:06:53Z,v0.5,Phase 5,Trade Replay,Trade diagnosis,,trade_diagnosis,HCLTECH 2023-03-09,Bear Market Smoke Test,c3b29a0fe086,Mean Reversion,HCLTECH,IT,Neutral-Bearish,,LOSS,,83.1,,,,,-0.87,-8.59,,,,,,,,,,,,,,,,,,,,,,Exit: Signal Exit. Adverse move reached -1.58% (MAE) before exit. Held 1 day(s).,Mean Reversion issued a BUY signal on HCLTECH (IT) with 83% raw confidence (83% calibrated) in a Neutral-Bearish regime; opening gap +0.12%.,"[{""filter"":""Opening-gap check"",""value"":""+0.12%"",""respected"":true,""note"":null},{""filter"":""Full fill"",""value"":""full"",""respected"":true,""note"":null},{""filter"":""Confidence floor (55%)"",""value"":""83%"",""respected"":true,""note"":null}]",,,,,,,/research-intelligence (Trade Diagnostics),c3b29a0fe086:HCLTECH:2023-03-09,,,,"{""exit_reason"":""Signal Exit"",""holding_days"":1.0,""mae_pct"":-1.58,""mfe_pct"":0.0,""indicators_at_entry"":""not stored \u2014 blank, not fabricated""}"
2026-07-14T15:06:53Z,v0.5,Phase 5,Trade Replay,Trade diagnosis,,trade_diagnosis,ICICIBANK 2023-02-28,Bear Market Smoke Test,c3b29a0fe086,MACD Cross,ICICIBANK,BANKING,Bearish,,LOSS,,64.0,,,,,-3.46,-28.92,,,,,,,,,,,,,,,,,,,,,,Exit: Signal Exit. Adverse move reached -3.69% (MAE) before exit. The trade was profitable at one point (MFE +2.49%) but gave the gain back. Held 8 day(s).,MACD Cross issued a BUY signal on ICICIBANK (BANKING) with 64% raw confidence (64% calibrated) in a Bearish regime; opening gap -0.18%.,"[{""filter"":""Opening-gap check"",""value"":""-0.18%"",""respected"":true,""note"":null},{""filter"":""Full fill"",""value"":""full"",""respected"":true,""note"":null},{""filter"":""Confidence floor (55%)"",""value"":""64%"",""respected"":true,""note"":null}]",,,,,,,/research-intelligence (Trade Diagnostics),c3b29a0fe086:ICICIBANK:2023-02-28,,,,"{""exit_reason"":""Signal Exit"",""holding_days"":8.0,""mae_pct"":-3.69,""mfe_pct"":2.49,""indicators_at_entry"":""not stored \u2014 blank, not fabricated""}"
2026-07-14T15:06:53Z,v0.5,Phase 5,Trade Replay,Trade diagnosis,,trade_diagnosis,SBIN 2023-02-28,Bear Market Smoke Test,c3b29a0fe086,MACD Cross,SBIN,BANKING,Bearish,,LOSS,,59.6,,,,,-2.21,-10.82,,,,,,,,,,,,,,,,,,,,,,Exit: Signal Exit. Adverse move reached -2.29% (MAE) before exit. The trade was profitable at one point (MFE +7.63%) but gave the gain back. Held 10 day(s).,MACD Cross issued a BUY signal on SBIN (BANKING) with 60% raw confidence (60% calibrated) in a Bearish regime; opening gap -0.09%.,"[{""filter"":""Opening-gap check"",""value"":""-0.09%"",""respected"":true,""note"":null},{""filter"":""Full fill"",""value"":""full"",""respected"":true,""note"":null},{""filter"":""Confidence floor (55%)"",""value"":""60%"",""respected"":true,""note"":null}]",,,,,,,/research-intelligence (Trade Diagnostics),c3b29a0fe086:SBIN:2023-02-28,,,,"{""exit_reason"":""Signal Exit"",""holding_days"":10.0,""mae_pct"":-2.29,""mfe_pct"":7.63,""indicators_at_entry"":""not stored \u2014 blank, not fabricated""}"
2026-07-14T15:06:53Z,v0.5,Phase 5,Trade Replay,Trade diagnosis,,trade_diagnosis,HCLTECH 2023-03-14,Bear Market Smoke Test,c3b29a0fe086,Mean Reversion,HCLTECH,IT,Bearish,,WIN,,83.1,,,,,0.53,5.07,,,,,,,,,,,,,,,,,,,,,,Exit: Signal Exit. Price moved up to +1.61% in the trade's favour (MFE). Held 3 day(s).,Mean Reversion issued a BUY signal on HCLTECH (IT) with 83% raw confidence (83% calibrated) in a Bearish regime; opening gap -0.00%.,"[{""filter"":""Opening-gap check"",""value"":""-0.00%"",""respected"":true,""note"":null},{""filter"":""Full fill"",""value"":""full"",""respected"":true,""note"":null},{""filter"":""Confidence floor (55%)"",""value"":""83%"",""respected"":true,""note"":null}]",,,,,,,/research-intelligence (Trade Diagnostics),c3b29a0fe086:HCLTECH:2023-03-14,,,,"{""exit_reason"":""Signal Exit"",""holding_days"":3.0,""mae_pct"":-2.7,""mfe_pct"":1.61,""indicators_at_entry"":""not stored \u2014 blank, not fabricated""}"
2026-07-14T15:06:53Z,v0.5,Phase 5,Trade Replay,Trade diagnosis,,trade_diagnosis,HCLTECH 2023-03-20,Bear Market Smoke Test,c3b29a0fe086,Mean Reversion,HCLTECH,IT,Bearish,,LOSS,,83.1,,,,,-3.44,-33.3,,,,,,,,,,,,,,,,,,,,,,Exit: Stop-Loss Hit. Adverse move reached -4.05% (MAE) before exit. The stop-loss rule ended the trade as designed. Held 3 day(s).,Mean Reversion issued a BUY signal on HCLTECH (IT) with 83% raw confidence (83% calibrated) in a Bearish regime; opening gap -0.31%.,"[{""filter"":""Opening-gap check"",""value"":""-0.31%"",""respected"":true,""note"":null},{""filter"":""Full fill"",""value"":""full"",""respected"":true,""note"":null},{""filter"":""Confidence floor (55%)"",""value"":""83%"",""respected"":true,""note"":null}]",,,,,,,/research-intelligence (Trade Diagnostics),c3b29a0fe086:HCLTECH:2023-03-20,,,,"{""exit_reason"":""Stop-Loss Hit"",""holding_days"":3.0,""mae_pct"":-4.05,""mfe_pct"":0.0,""indicators_at_entry"":""not stored \u2014 blank, not fabricated""}"
2026-07-14T15:06:53Z,v0.5,Phase 5,Trade Replay,Trade diagnosis,,trade_diagnosis,SHRIRAMFIN 2023-03-08,Bear Market Smoke Test,c3b29a0fe086,MACD Cross,SHRIRAMFIN,FINANCE,Neutral-Bearish,,LOSS,,66.0,,,,,-3.22,-22.66,,,,,,,,,,,,,,,,,,,,,,Exit: Signal Exit. Adverse move reached -3.40% (MAE) before exit. The trade was profitable at one point (MFE +5.52%) but gave the gain back. Held 13 day(s).,MACD Cross issued a BUY signal on SHRIRAMFIN (FINANCE) with 66% raw confidence (66% calibrated) in a Neutral-Bearish regime; opening gap -0.15%.,"[{""filter"":""Opening-gap check"",""value"":""-0.15%"",""respected"":true,""note"":null},{""filter"":""Full fill"",""value"":""full"",""respected"":true,""note"":null},{""filter"":""Confidence floor (55%)"",""value"":""66%"",""respected"":true,""note"":null}]",,,,,,,/research-intelligence (Trade Diagnostics),c3b29a0fe086:SHRIRAMFIN:2023-03-08,,,,"{""exit_reason"":""Signal Exit"",""holding_days"":13.0,""mae_pct"":-3.4,""mfe_pct"":5.52,""indicators_at_entry"":""not stored \u2014 blank, not fabricated""}"
2026-07-14T15:06:53Z,v0.5,Phase 5,Trade Replay,Trade diagnosis,,trade_diagnosis,KOTAKBANK 2023-03-22,Bear Market Smoke Test,c3b29a0fe086,MACD Cross,KOTAKBANK,BANKING,Neutral-Bearish,,WIN,,67.8,,,,,0.96,6.56,,,,,,,,,,,,,,,,,,,,,,Exit: End-of-Test Forced Close. Price moved up to +1.72% in the trade's favour (MFE). Held 6 day(s).,MACD Cross issued a BUY signal on KOTAKBANK (BANKING) with 68% raw confidence (68% calibrated) in a Neutral-Bearish regime; opening gap +0.18%.,"[{""filter"":""Opening-gap check"",""value"":""+0.18%"",""respected"":true,""note"":null},{""filter"":""Full fill"",""value"":""full"",""respected"":true,""note"":null},{""filter"":""Confidence floor (55%)"",""value"":""68%"",""respected"":true,""note"":null}]",,,,,,,/research-intelligence (Trade Diagnostics),c3b29a0fe086:KOTAKBANK:2023-03-22,,,,"{""exit_reason"":""End-of-Test Forced Close"",""holding_days"":6.0,""mae_pct"":-2.12,""mfe_pct"":1.72,""indicators_at_entry"":""not stored \u2014 blank, not fabricated""}"
2026-07-14T15:06:53Z,v0.5,Phase 5,Trade Replay,Trade diagnosis,,trade_diagnosis,HCLTECH 2023-03-24,Bear Market Smoke Test,c3b29a0fe086,Mean Reversion,HCLTECH,IT,Neutral-Bearish,,WIN,,83.1,,,,,0.77,7.2,,,,,,,,,,,,,,,,,,,,,,Exit: End-of-Test Forced Close. Price moved up to +2.15% in the trade's favour (MFE). But it first drew down -3.21% (MAE) — the entry timing was early. Held 4 day(s).,Mean Reversion issued a BUY signal on HCLTECH (IT) with 83% raw confidence (83% calibrated) in a Neutral-Bearish regime; opening gap +0.67%.,"[{""filter"":""Opening-gap check"",""value"":""+0.67%"",""respected"":true,""note"":null},{""filter"":""Full fill"",""value"":""full"",""respected"":true,""note"":null},{""filter"":""Confidence floor (55%)"",""value"":""83%"",""respected"":true,""note"":null}]",,,,,,,/research-intelligence (Trade Diagnostics),c3b29a0fe086:HCLTECH:2023-03-24,,,,"{""exit_reason"":""End-of-Test Forced Close"",""holding_days"":4.0,""mae_pct"":-3.21,""mfe_pct"":2.15,""indicators_at_entry"":""not stored \u2014 blank, not fabricated""}"
2026-07-14T15:06:53Z,v0.5,Phase 5,Trade Replay,Trade diagnosis,,trade_diagnosis,COALINDIA 2023-03-27,Bear Market Smoke Test,c3b29a0fe086,Mean Reversion,COALINDIA,ENERGY,Bearish,,WIN,,64.4,,,,,2.09,17.83,,,,,,,,,,,,,,,,,,,,,,Exit: End-of-Test Forced Close. Price moved up to +2.99% in the trade's favour (MFE). Held 3 day(s).,Mean Reversion issued a BUY signal on COALINDIA (ENERGY) with 64% raw confidence (64% calibrated) in a Bearish regime; opening gap +0.02%.,"[{""filter"":""Opening-gap check"",""value"":""+0.02%"",""respected"":true,""note"":null},{""filter"":""Full fill"",""value"":""full"",""respected"":true,""note"":null},{""filter"":""Confidence floor (55%)"",""value"":""64%"",""respected"":true,""note"":null}]",,,,,,,/research-intelligence (Trade Diagnostics),c3b29a0fe086:COALINDIA:2023-03-27,,,,"{""exit_reason"":""End-of-Test Forced Close"",""holding_days"":3.0,""mae_pct"":-0.12,""mfe_pct"":2.99,""indicators_at_entry"":""not stored \u2014 blank, not fabricated""}"
2026-07-14T15:06:53Z,v0.5,Phase 5,Trade Replay,Trade diagnosis,,trade_diagnosis,HDFCBANK 2023-03-29,Bear Market Smoke Test,c3b29a0fe086,MACD Cross,HDFCBANK,BANKING,Bearish,,WIN,,64.1,,,,,1.24,9.28,,,,,,,,,,,,,,,,,,,,,,Exit: End-of-Test Forced Close. Price moved up to +1.75% in the trade's favour (MFE). Held 1 day(s).,MACD Cross issued a BUY signal on HDFCBANK (BANKING) with 64% raw confidence (64% calibrated) in a Bearish regime; opening gap +0.24%.,"[{""filter"":""Opening-gap check"",""value"":""+0.24%"",""respected"":true,""note"":null},{""filter"":""Full fill"",""value"":""full"",""respected"":true,""note"":null},{""filter"":""Confidence floor (55%)"",""value"":""64%"",""respected"":true,""note"":null}]",,,,,,,/research-intelligence (Trade Diagnostics),c3b29a0fe086:HDFCBANK:2023-03-29,,,,"{""exit_reason"":""End-of-Test Forced Close"",""holding_days"":1.0,""mae_pct"":0.0,""mfe_pct"":1.75,""indicators_at_entry"":""not stored \u2014 blank, not fabricated""}"
2026-07-14T15:06:53Z,v0.5,Phase 5,AI Decision,AI decisions,,ai_decision,RELIANCE,,,,RELIANCE,,,,LOW,NO_TRADE,30.5,,,,,,,,,,,,,,,,,,,,,,,,,,,,,,[],[],,,,,,/ai-decision,RELIANCE,,,,"{""raw_confidence"":45.0,""calibrated_probability"":0.304824,""calibration_method"":""isotonic"",""technical_score"":null,""opportunity_score"":null,""rr_ratio"":1.33,""entry_price"":1296.9,""stop_loss"":1331.23,""target"":1251.13}"
2026-07-14T15:06:53Z,v0.5,Phase 5,AI Decision,AI decisions,,ai_decision,TCS,,,,TCS,,,,MEDIUM,NO_TRADE,29.8,,,,,,,,,,,,,,,,,,,,,,,,,,,,,,[],[],,,,,,/ai-decision,TCS,,,,"{""raw_confidence"":40.0,""calibrated_probability"":0.298278,""calibration_method"":""isotonic"",""technical_score"":null,""opportunity_score"":null,""rr_ratio"":0.0,""entry_price"":2181.5,""stop_loss"":2081.67,""target"":2314.6}"
2026-07-14T15:06:53Z,v0.5,Phase 5,AI Decision,AI decisions,,ai_decision,INFY,,,,INFY,,,,MEDIUM,NO_TRADE,27.6,,,,,,,,,,,,,,,,,,,,,,,,,,,,,,[],[],,,,,,/ai-decision,INFY,,,,"{""raw_confidence"":30.0,""calibrated_probability"":0.276322,""calibration_method"":""isotonic"",""technical_score"":null,""opportunity_score"":null,""rr_ratio"":1.33,""entry_price"":1102.6,""stop_loss"":1154.08,""target"":1033.96}"
2026-07-14T15:06:53Z,v0.5,Phase 5,AI Decision,AI decisions,,ai_decision,HDFCBANK,,,,HDFCBANK,,,,LOW,WATCH,35.6,,,,,,,,,,,,,,,,,,,,,,,,,,,,,,[],[],,,,,,/ai-decision,HDFCBANK,,,,"{""raw_confidence"":65.0,""calibrated_probability"":0.356262,""calibration_method"":""isotonic"",""technical_score"":null,""opportunity_score"":null,""rr_ratio"":0.0,""entry_price"":817.95,""stop_loss"":795.25,""target"":848.21}"
2026-07-14T15:06:53Z,v0.5,Phase 5,AI Decision,AI decisions,,ai_decision,ICICIBANK,,,,ICICIBANK,,,,LOW,NO_TRADE,31.1,,,,,,,,,,,,,,,,,,,,,,,,,,,,,,[],[],,,,,,/ai-decision,ICICIBANK,,,,"{""raw_confidence"":50.0,""calibrated_probability"":0.31137,""calibration_method"":""isotonic"",""technical_score"":null,""opportunity_score"":null,""rr_ratio"":0.0,""entry_price"":1409.5,""stop_loss"":1371.3,""target"":1460.43}"
2026-07-14T15:06:53Z,v0.5,Phase 5,AI Decision,AI decisions,,ai_decision,SBIN,,,,SBIN,,,,LOW,NO_TRADE,29.2,,,,,,,,,,,,,,,,,,,,,,,,,,,,,,[],[],,,,,,/ai-decision,SBIN,,,,"{""raw_confidence"":35.0,""calibrated_probability"":0.291732,""calibration_method"":""isotonic"",""technical_score"":null,""opportunity_score"":null,""rr_ratio"":0.0,""entry_price"":1037.0,""stop_loss"":1008.59,""target"":1074.88}"
2026-07-14T15:06:53Z,v0.5,Phase 5,AI Decision,AI decisions,,ai_decision,WIPRO,,,,WIPRO,,,,MEDIUM,NO_TRADE,29.2,,,,,,,,,,,,,,,,,,,,,,,,,,,,,,[],[],,,,,,/ai-decision,WIPRO,,,,"{""raw_confidence"":35.0,""calibrated_probability"":0.291732,""calibration_method"":""isotonic"",""technical_score"":null,""opportunity_score"":null,""rr_ratio"":1.33,""entry_price"":178.43,""stop_loss"":184.65,""target"":170.14}"
2026-07-14T15:06:53Z,v0.5,Phase 5,AI Decision,AI decisions,,ai_decision,LT,,,,LT,,,,LOW,NO_TRADE,29.2,,,,,,,,,,,,,,,,,,,,,,,,,,,,,,[],[],,,,,,/ai-decision,LT,,,,"{""raw_confidence"":35.0,""calibrated_probability"":0.291732,""calibration_method"":""isotonic"",""technical_score"":null,""opportunity_score"":null,""rr_ratio"":1.33,""entry_price"":3928.5,""stop_loss"":4040.86,""target"":3778.69}"
2026-07-14T15:06:53Z,v0.5,Phase 5,AI Decision,AI decisions,,ai_decision,BAJFINANCE,,,,BAJFINANCE,,,,MEDIUM,WATCH,35.6,,,,,,,,,,,,,,,,,,,,,,,,,,,,,,[],[],,,,,,/ai-decision,BAJFINANCE,,,,"{""raw_confidence"":65.0,""calibrated_probability"":0.356262,""calibration_method"":""isotonic"",""technical_score"":null,""opportunity_score"":null,""rr_ratio"":0.0,""entry_price"":1022.6,""stop_loss"":987.14,""target"":1069.88}"
2026-07-14T15:06:53Z,v0.5,Phase 5,AI Decision,AI decisions,,ai_decision,MARUTI,,,,MARUTI,,,,MEDIUM,NO_TRADE,0.0,,,,,,,,,,,,,,,,,,,,,,,,,,,,,,[],"[""Cannot afford even 1 share at \u20b913695 \u2014 capital \u20b94600 insufficient""]",,,,,,/ai-decision,MARUTI,,,,"{""raw_confidence"":0.0,""calibrated_probability"":0.0,""calibration_method"":""isotonic"",""technical_score"":null,""opportunity_score"":null,""rr_ratio"":0.0,""entry_price"":13695.0,""stop_loss"":13209.65,""target"":14342.13}"
2026-07-14T15:06:53Z,v0.5,Phase 5,Research Factory,Batches,,empty_result,,,,,,,,,EMPTY,,,,,,,,,,,,,,,,,,,,,,,,,,,,,,,,,,,,,,,/experiments,,COMPLETE,,,0 batches
2026-07-14T15:06:53Z,v0.5,Phase 5,Research Factory,Leaderboard,,empty_result,,,,,,,,,EMPTY,,,,,,,,,,,,,,,,,,,,,,,,,,,,,,,,,,,,,,,/experiments,,COMPLETE,,,0 ranked entries
2026-07-14T15:06:53Z,v0.5,Phase 5,Learning Insights,Cross-experiment learning,,empty_result,,,,,,,,,EMPTY,,,,,,,,,,,,,,,,,,,,,,,,,,,,,,,,,,,,,,,/learning-insights,,COMPLETE,,,see Research Factory > Cross-experiment findings rows
2026-07-14T15:06:53Z,v0.5,Phase 5,Learning Insights,Recommendations,,empty_result,,,,,,,,,EMPTY,,,,,,,,,,,,,,,,,,,,,,,,,,,,,,,,,,,,,,,/learning-insights,,COMPLETE,,,see Research Factory > AI recommendations rows
2026-07-14T15:06:53Z,v0.5,Phase 5,Learning Review,Strategy improvement history,,empty_result,,,,,,,,,EMPTY,,,,,,,,,,,,,,,,,,,,,,,,,,,,,,,,,,,,,,,/learning-review,,PARTIAL,,,No dedicated improvement-history store; timeline + recommendations cover current state
2026-07-14T15:06:53Z,v0.5,Phase 5,Pattern Quality,Recall / false negatives,,empty_result,,,,,,,,,EMPTY,,,,,,,,,,,,,,,,,,,,,,,,,,,,,,,,,,,,,,,/pattern-quality,,PARTIAL,,,"Recall and false negatives are not tracked in the knowledge base — reported blank, not fabricated"
2026-07-14T15:06:53Z,v0.5,Phase 5,Completion audit,Research Factory — Experiment queue,,implementation_audit,Research Factory: Experiment queue,,,,,,,,RESEARCH_ONLY,,,,,,,,,,,,,,,,,,,,,,,,,,,,,,,,,,,,,,,/experiments,,COMPLETE,src/routes/trading.ts;src/python/experiment_manager.py,GET /api/experiments,No database migrations required — file/SQLite-backed stores. Read-only export.
2026-07-14T15:06:53Z,v0.5,Phase 5,Completion audit,Research Factory — Batches,,implementation_audit,Research Factory: Batches,,,,,,,,RESEARCH_ONLY,,,,,,,,,,,,,,,,,,,,,,,,,,,,,,,,,,,,,,,/experiments,,COMPLETE,src/python/experiment_manager.py,GET /api/experiments/batches,No database migrations required — file/SQLite-backed stores. Read-only export.
2026-07-14T15:06:53Z,v0.5,Phase 5,Completion audit,Research Factory — Leaderboard,,implementation_audit,Research Factory: Leaderboard,,,,,,,,RESEARCH_ONLY,,,,,,,,,,,,,,,,,,,,,,,,,,,,,,,,,,,,,,,/experiments,,COMPLETE,src/python/experiment_manager.py,GET /api/experiments/leaderboard,No database migrations required — file/SQLite-backed stores. Read-only export.
2026-07-14T15:06:53Z,v0.5,Phase 5,Completion audit,Research Factory — Experiment comparison,,implementation_audit,Research Factory: Experiment comparison,,,,,,,,RESEARCH_ONLY,,,,,,,,,,,,,,,,,,,,,,,,,,,,,,,,,,,,,,,/experiments,,COMPLETE,src/python/research_intelligence.py,GET /api/experiments/compare?ids=,No database migrations required — file/SQLite-backed stores. Read-only export.
2026-07-14T15:06:53Z,v0.5,Phase 5,Completion audit,Research Factory — Research reports (verdict/summary/perf/risk/etc.),,implementation_audit,Research Factory: Research reports (verdict/summary/perf/risk/etc.),,,,,,,,RESEARCH_ONLY,,,,,,,,,,,,,,,,,,,,,,,,,,,,,,,,,,,,,,,/experiments,,COMPLETE,src/python/report_engine.py,GET /api/experiments/:id/report,No database migrations required — file/SQLite-backed stores. Read-only export.
2026-07-14T15:06:53Z,v0.5,Phase 5,Completion audit,Research Factory — Research insights / AI recommendations / Strategy health / Cross-experiment findings,,implementation_audit,Research Factory: Research insights / AI recommendations / Strategy health / Cross-experiment findings,,,,,,,,RESEARCH_ONLY,,,,,,,,,,,,,,,,,,,,,,,,,,,,,,,,,,,,,,,/experiments,,COMPLETE,src/python/research_intelligence.py,GET /api/research/intelligence,No database migrations required — file/SQLite-backed stores. Read-only export.
2026-07-14T15:06:53Z,v0.5,Phase 5,Completion audit,Learning Insights — Patterns and findings,,implementation_audit,Learning Insights: Patterns and findings,,,,,,,,RESEARCH_ONLY,,,,,,,,,,,,,,,,,,,,,,,,,,,,,,,,,,,,,,,/learning-insights,,COMPLETE,src/python/learning_engine.py,GET /api (learning_insights),No database migrations required — file/SQLite-backed stores. Read-only export.
2026-07-14T15:06:53Z,v0.5,Phase 5,Completion audit,Learning Review — Model versions / timeline / history,,implementation_audit,Learning Review: Model versions / timeline / history,,,,,,,,RESEARCH_ONLY,,,,,,,,,,,,,,,,,,,,,,,,,,,,,,,,,,,,,,,/learning-review,,PARTIAL,src/python/model_versioning.py,GET /api (learning_review),Strategy improvement history: partial (No dedicated improvement-history store; timeline + recommendations cover current state)
2026-07-14T15:06:53Z,v0.5,Phase 5,Completion audit,Pattern Quality — Pattern metrics,,implementation_audit,Pattern Quality: Pattern metrics,,,,,,,,RESEARCH_ONLY,,,,,,,,,,,,,,,,,,,,,,,,,,,,,,,,,,,,,,,/pattern-quality,,PARTIAL,src/python/trade_quality.py,GET /api (pattern_quality),"Recall / false negatives: partial (Recall and false negatives are not tracked in the knowledge base — reported blank, not fabricated)"
2026-07-14T15:06:53Z,v0.5,Phase 5,Completion audit,Feature Importance — Feature scores,,implementation_audit,Feature Importance: Feature scores,,,,,,,,RESEARCH_ONLY,,,,,,,,,,,,,,,,,,,,,,,,,,,,,,,,,,,,,,,/feature-importance,,COMPLETE,src/python/explainability.py,GET /api (feature_importance),No database migrations required — file/SQLite-backed stores. Read-only export.
2026-07-14T15:06:53Z,v0.5,Phase 5,Completion audit,Trade Replay — Paper trades + diagnostics,,implementation_audit,Trade Replay: Paper trades + diagnostics,,,,,,,,RESEARCH_ONLY,,,,,,,,,,,,,,,,,,,,,,,,,,,,,,,,,,,,,,,/trade-replay,,COMPLETE,src/python/paper_trader.py;src/python/research_intelligence.py,GET /api/experiments/:id/trade-diagnostics,No database migrations required — file/SQLite-backed stores. Read-only export.
2026-07-14T15:06:53Z,v0.5,Phase 5,Completion audit,AI Decision — Stock decisions,,implementation_audit,AI Decision: Stock decisions,,,,,,,,RESEARCH_ONLY,,,,,,,,,,,,,,,,,,,,,,,,,,,,,,,,,,,,,,,/ai-decision,,COMPLETE,src/python/ai_decision.py,GET /api (ai_decisions),No database migrations required — file/SQLite-backed stores. Read-only export.
2026-07-14T15:06:53Z,v0.5,Phase 5,Completion audit,Research Factory — Experiment queue,,section_audit,Research Factory: Experiment queue,,,,,,,,,,,,5,,,,,,,,,,,,,,,,,,,,,,,,,,,,,,,,,,,/experiments,,COMPLETE,,,5 experiments in registry
2026-07-14T15:06:53Z,v0.5,Phase 5,Completion audit,Research Factory — Batches,,section_audit,Research Factory: Batches,,,,,,,,,,,,0,,,,,,,,,,,,,,,,,,,,,,,,,,,,,,,,,,,/experiments,,COMPLETE,,,0 batches
2026-07-14T15:06:53Z,v0.5,Phase 5,Completion audit,Research Factory — Leaderboard,,section_audit,Research Factory: Leaderboard,,,,,,,,,,,,0,,,,,,,,,,,,,,,,,,,,,,,,,,,,,,,,,,,/experiments,,COMPLETE,,,0 ranked entries
2026-07-14T15:06:53Z,v0.5,Phase 5,Completion audit,Research Factory — Research verdict,,section_audit,Research Factory: Research verdict,,,,,,,,,,,,5,,,,,,,,,,,,,,,,,,,,,,,,,,,,,,,,,,,/experiments,,COMPLETE,,,from 5 completed experiments' latest reports
2026-07-14T15:06:53Z,v0.5,Phase 5,Completion audit,Research Factory — Executive summary,,section_audit,Research Factory: Executive summary,,,,,,,,,,,,4,,,,,,,,,,,,,,,,,,,,,,,,,,,,,,,,,,,/experiments,,COMPLETE,,,from 5 completed experiments' latest reports
2026-07-14T15:06:53Z,v0.5,Phase 5,Completion audit,Research Factory — Performance,,section_audit,Research Factory: Performance,,,,,,,,,,,,4,,,,,,,,,,,,,,,,,,,,,,,,,,,,,,,,,,,/experiments,,COMPLETE,,,from 5 completed experiments' latest reports
2026-07-14T15:06:53Z,v0.5,Phase 5,Completion audit,Research Factory — Risk,,section_audit,Research Factory: Risk,,,,,,,,,,,,4,,,,,,,,,,,,,,,,,,,,,,,,,,,,,,,,,,,/experiments,,COMPLETE,,,from 5 completed experiments' latest reports
2026-07-14T15:06:53Z,v0.5,Phase 5,Completion audit,Research Factory — Equity and drawdown,,section_audit,Research Factory: Equity and drawdown,,,,,,,,,,,,4,,,,,,,,,,,,,,,,,,,,,,,,,,,,,,,,,,,/experiments,,COMPLETE,,,from 5 completed experiments' latest reports
2026-07-14T15:06:53Z,v0.5,Phase 5,Completion audit,Research Factory — Trade distribution,,section_audit,Research Factory: Trade distribution,,,,,,,,,,,,4,,,,,,,,,,,,,,,,,,,,,,,,,,,,,,,,,,,/experiments,,COMPLETE,,,from 5 completed experiments' latest reports
2026-07-14T15:06:53Z,v0.5,Phase 5,Completion audit,Research Factory — Confidence calibration,,section_audit,Research Factory: Confidence calibration,,,,,,,,,,,,4,,,,,,,,,,,,,,,,,,,,,,,,,,,,,,,,,,,/experiments,,COMPLETE,,,from 5 completed experiments' latest reports
2026-07-14T15:06:53Z,v0.5,Phase 5,Completion audit,Research Factory — False positives,,section_audit,Research Factory: False positives,,,,,,,,,,,,4,,,,,,,,,,,,,,,,,,,,,,,,,,,,,,,,,,,/experiments,,COMPLETE,,,from 5 completed experiments' latest reports
2026-07-14T15:06:53Z,v0.5,Phase 5,Completion audit,Research Factory — False negatives,,section_audit,Research Factory: False negatives,,,,,,,,,,,,4,,,,,,,,,,,,,,,,,,,,,,,,,,,,,,,,,,,/experiments,,COMPLETE,,,from 5 completed experiments' latest reports
2026-07-14T15:06:53Z,v0.5,Phase 5,Completion audit,Research Factory — Overfitting and robustness,,section_audit,Research Factory: Overfitting and robustness,,,,,,,,,,,,4,,,,,,,,,,,,,,,,,,,,,,,,,,,,,,,,,,,/experiments,,COMPLETE,,,from 5 completed experiments' latest reports
2026-07-14T15:06:53Z,v0.5,Phase 5,Completion audit,Research Factory — Market-regime contribution,,section_audit,Research Factory: Market-regime contribution,,,,,,,,,,,,4,,,,,,,,,,,,,,,,,,,,,,,,,,,,,,,,,,,/experiments,,COMPLETE,,,from 5 completed experiments' latest reports
2026-07-14T15:06:53Z,v0.5,Phase 5,Completion audit,Research Factory — Final recommendation,,section_audit,Research Factory: Final recommendation,,,,,,,,,,,,4,,,,,,,,,,,,,,,,,,,,,,,,,,,,,,,,,,,/experiments,,COMPLETE,,,from 5 completed experiments' latest reports
2026-07-14T15:06:53Z,v0.5,Phase 5,Completion audit,Research Factory — Strategy contribution,,section_audit,Research Factory: Strategy contribution,,,,,,,,,,,,4,,,,,,,,,,,,,,,,,,,,,,,,,,,,,,,,,,,/research-intelligence,,COMPLETE,,,4 groups
2026-07-14T15:06:53Z,v0.5,Phase 5,Completion audit,Research Factory — Sector contribution,,section_audit,Research Factory: Sector contribution,,,,,,,,,,,,7,,,,,,,,,,,,,,,,,,,,,,,,,,,,,,,,,,,/research-intelligence,,COMPLETE,,,7 groups
2026-07-14T15:06:53Z,v0.5,Phase 5,Completion audit,Research Factory — Market-regime contribution,,section_audit,Research Factory: Market-regime contribution,,,,,,,,,,,,4,,,,,,,,,,,,,,,,,,,,,,,,,,,,,,,,,,,/research-intelligence,,COMPLETE,,,4 groups
2026-07-14T15:06:53Z,v0.5,Phase 5,Completion audit,Research Factory — Research insights,,section_audit,Research Factory: Research insights,,,,,,,,,,,,13,,,,,,,,,,,,,,,,,,,,,,,,,,,,,,,,,,,/research-intelligence,,COMPLETE,,,13 insights
2026-07-14T15:06:53Z,v0.5,Phase 5,Completion audit,Research Factory — AI recommendations,,section_audit,Research Factory: AI recommendations,,,,,,,,,,,,12,,,,,,,,,,,,,,,,,,,,,,,,,,,,,,,,,,,/research-intelligence,,COMPLETE,,,12 advisory recommendations
2026-07-14T15:06:53Z,v0.5,Phase 5,Completion audit,Research Factory — Strategy health,,section_audit,Research Factory: Strategy health,,,,,,,,,,,,4,,,,,,,,,,,,,,,,,,,,,,,,,,,,,,,,,,,/research-intelligence,,COMPLETE,,,4 strategies scored
2026-07-14T15:06:53Z,v0.5,Phase 5,Completion audit,Research Factory — Cross-experiment findings,,section_audit,Research Factory: Cross-experiment findings,,,,,,,,,,,,5,,,,,,,,,,,,,,,,,,,,,,,,,,,,,,,,,,,/research-intelligence,,COMPLETE,,,learning summary highlights
2026-07-14T15:06:53Z,v0.5,Phase 5,Completion audit,Research Factory — Experiment comparison,,section_audit,Research Factory: Experiment comparison,,,,,,,,,,,,5,,,,,,,,,,,,,,,,,,,,,,,,,,,,,,,,,,,/research-intelligence (Compare),,COMPLETE,,,5 experiments compared
2026-07-14T15:06:53Z,v0.5,Phase 5,Completion audit,Learning Insights — Winning patterns,,section_audit,Learning Insights: Winning patterns,,,,,,,,,,,,10,,,,,,,,,,,,,,,,,,,,,,,,,,,,,,,,,,,/learning-insights,,COMPLETE,,,10 patterns
2026-07-14T15:06:53Z,v0.5,Phase 5,Completion audit,Learning Insights — Losing patterns,,section_audit,Learning Insights: Losing patterns,,,,,,,,,,,,10,,,,,,,,,,,,,,,,,,,,,,,,,,,,,,,,,,,/learning-insights,,COMPLETE,,,10 patterns
2026-07-14T15:06:53Z,v0.5,Phase 5,Completion audit,Learning Insights — Strategy-level findings,,section_audit,Learning Insights: Strategy-level findings,,,,,,,,,,,,6,,,,,,,,,,,,,,,,,,,,,,,,,,,,,,,,,,,/learning-insights,,COMPLETE,,,6 patterns
2026-07-14T15:06:53Z,v0.5,Phase 5,Completion audit,Learning Insights — Sector-level findings,,section_audit,Learning Insights: Sector-level findings,,,,,,,,,,,,11,,,,,,,,,,,,,,,,,,,,,,,,,,,,,,,,,,,/learning-insights,,COMPLETE,,,11 patterns
2026-07-14T15:06:53Z,v0.5,Phase 5,Completion audit,Learning Insights — Regime-level findings,,section_audit,Learning Insights: Regime-level findings,,,,,,,,,,,,7,,,,,,,,,,,,,,,,,,,,,,,,,,,,,,,,,,,/learning-insights,,COMPLETE,,,7 patterns
2026-07-14T15:06:53Z,v0.5,Phase 5,Completion audit,Learning Insights — Confidence-band findings,,section_audit,Learning Insights: Confidence-band findings,,,,,,,,,,,,4,,,,,,,,,,,,,,,,,,,,,,,,,,,,,,,,,,,/learning-insights,,COMPLETE,,,4 bands
2026-07-14T15:06:53Z,v0.5,Phase 5,Completion audit,Learning Insights — Cross-experiment learning,,section_audit,Learning Insights: Cross-experiment learning,,,,,,,,,,,,0,,,,,,,,,,,,,,,,,,,,,,,,,,,,,,,,,,,/learning-insights,,COMPLETE,,,see Research Factory > Cross-experiment findings rows
2026-07-14T15:06:53Z,v0.5,Phase 5,Completion audit,Learning Insights — Recommendations,,section_audit,Learning Insights: Recommendations,,,,,,,,,,,,0,,,,,,,,,,,,,,,,,,,,,,,,,,,,,,,,,,,/learning-insights,,COMPLETE,,,see Research Factory > AI recommendations rows
2026-07-14T15:06:53Z,v0.5,Phase 5,Completion audit,Learning Review — Model versions,,section_audit,Learning Review: Model versions,,,,,,,,,,,,1,,,,,,,,,,,,,,,,,,,,,,,,,,,,,,,,,,,/learning-review,,COMPLETE,,,active model v0
2026-07-14T15:06:53Z,v0.5,Phase 5,Completion audit,Learning Review — Before-versus-after comparisons,,section_audit,Learning Review: Before-versus-after comparisons,,,,,,,,,,,,5,,,,,,,,,,,,,,,,,,,,,,,,,,,,,,,,,,,/learning-review,,COMPLETE,,,5 calibration bands
2026-07-14T15:06:53Z,v0.5,Phase 5,Completion audit,Learning Review — Recommendation history,,section_audit,Learning Review: Recommendation history,,,,,,,,,,,,0,,,,,,,,,,,,,,,,,,,,,,,,,,,,,,,,,,,/learning-review,,COMPLETE,,,0 proposed adjustments
2026-07-14T15:06:53Z,v0.5,Phase 5,Completion audit,Learning Review — Learning timeline,,section_audit,Learning Review: Learning timeline,,,,,,,,,,,,19,,,,,,,,,,,,,,,,,,,,,,,,,,,,,,,,,,,/learning-review,,COMPLETE,,,19 events
2026-07-14T15:06:53Z,v0.5,Phase 5,Completion audit,Learning Review — Strategy improvement history,,section_audit,Learning Review: Strategy improvement history,,,,,,,,,,,,0,,,,,,,,,,,,,,,,,,,,,,,,,,,,,,,,,,,/learning-review,,PARTIAL,,,No dedicated improvement-history store; timeline + recommendations cover current state
2026-07-14T15:06:53Z,v0.5,Phase 5,Completion audit,Pattern Quality — Pattern stability,,section_audit,Pattern Quality: Pattern stability,,,,,,,,,,,,134,,,,,,,,,,,,,,,,,,,,,,,,,,,,,,,,,,,/pattern-quality,,COMPLETE,,,134 patterns from 3355 knowledge trades
2026-07-14T15:06:53Z,v0.5,Phase 5,Completion audit,Pattern Quality — Recall / false negatives,,section_audit,Pattern Quality: Recall / false negatives,,,,,,,,,,,,0,,,,,,,,,,,,,,,,,,,,,,,,,,,,,,,,,,,/pattern-quality,,PARTIAL,,,"Recall and false negatives are not tracked in the knowledge base — reported blank, not fabricated"
2026-07-14T15:06:53Z,v0.5,Phase 5,Completion audit,Feature Importance — Feature importance,,section_audit,Feature Importance: Feature importance,,,,,,,,,,,,13,,,,,,,,,,,,,,,,,,,,,,,,,,,,,,,,,,,/feature-importance,,COMPLETE,,,13 features from 3355 trades
2026-07-14T15:06:53Z,v0.5,Phase 5,Completion audit,Trade Replay — Paper trade replay,,section_audit,Trade Replay: Paper trade replay,,,,,,,,,,,,3,,,,,,,,,,,,,,,,,,,,,,,,,,,,,,,,,,,/trade-replay,,COMPLETE,,,3 paper trades
2026-07-14T15:06:53Z,v0.5,Phase 5,Completion audit,Trade Replay — Trade diagnosis,,section_audit,Trade Replay: Trade diagnosis,,,,,,,,,,,,236,,,,,,,,,,,,,,,,,,,,,,,,,,,,,,,,,,,/trade-replay,,COMPLETE,,,236 diagnosed OOS trades across 5 experiments
2026-07-14T15:06:53Z,v0.5,Phase 5,Completion audit,AI Decision — AI decisions,,section_audit,AI Decision: AI decisions,,,,,,,,,,,,10,,,,,,,,,,,,,,,,,,,,,,,,,,,,,,,,,,,/ai-decision,,COMPLETE,,,10 cached stock decisions (analysis only)
